BEGIN
	-- Energy Star Job Types
	INSERT INTO csr.est_job_type (est_job_type_id, description) VALUES(0, 'Connect');
	INSERT INTO csr.est_job_type (est_job_type_id, description) VALUES(1, 'Share');
	INSERT INTO csr.est_job_type (est_job_type_id, description) VALUES(2, 'Property');
	INSERT INTO csr.est_job_type (est_job_type_id, description) VALUES(3, 'Space');
	INSERT INTO csr.est_job_type (est_job_type_id, description) VALUES(4, 'Meter');
	INSERT INTO csr.est_job_type (est_job_type_id, description) VALUES(5, 'Region');
	INSERT INTO csr.est_job_type (est_job_type_id, description) VALUES(6, 'ReadOnly Metric');

	-- Energy Star Job States
	INSERT INTO csr.est_job_state (est_job_state_id, description) VALUES(0, 'Idle');
	INSERT INTO csr.est_job_state (est_job_state_id, description) VALUES(1, 'Failed');
	INSERT INTO csr.est_job_state (est_job_state_id, description) VALUES(2, 'Running');
END;
/

BEGIN
	INSERT INTO csr.est_error_description(error_no, url_pattern, msg_pattern, help_text, applies_to_space, applies_to_meter, applies_to_push)
		 VALUES (404, NULL, '^404 - meter does not exist', 'The meter has been edited in cr360, but the meter has been deleted in Energy Star. Please restore the meter in Energy Star or delete it in cr360.', 0, 1, 1);

	INSERT INTO csr.est_error_description(error_no, url_pattern, msg_pattern, help_text, applies_to_space, applies_to_meter, applies_to_push)
		 VALUES (404, NULL, '^404 - meter consumption data does not exist', 'The reading has been edited in cr360, but the reading has been deleted in Energy Star. Please restore the reading in Energy Star or delete it in cr360.', 0, 1, 1);

	INSERT INTO csr.est_error_description(error_no, url_pattern, msg_pattern, help_text, applies_to_space, applies_to_meter, applies_to_push)
		 VALUES (404, 'consumptiondata'	, '^404 - $', 'The meter or its readings have been edited in cr360, but the meter or its readings have been deleted in Energy Star. Please restore the meter or readings in Energy Star or delete them in cr360.', 0, 1, 1);

	INSERT INTO csr.est_error_description(error_no, url_pattern, msg_pattern, help_text, applies_to_space, applies_to_meter, applies_to_push)
		 VALUES (404, 'meter', '^404 - $', 'The meter has been edited in cr360, but the meter has been deleted in Energy Star. Please restore the meter in Energy Star or delete it in cr360.', 0, 1, 1);

	INSERT INTO csr.est_error_description(error_no, url_pattern, msg_pattern, help_text, applies_to_space, applies_to_meter, applies_to_push)
		 VALUES (404, NULL, '^error retrieving rest response', 'Energy Star is currently unavailable.', 0, 1, 1);
END;
/

BEGIN
	INSERT INTO CSR.EST_ATTR_TYPE (TYPE_NAME, BASIC_TYPE) VALUES ('lengthOfAllOpenClosedRefrigerationUnitsType', 'DECIMAL');
	INSERT INTO CSR.EST_ATTR_TYPE (TYPE_NAME, BASIC_TYPE) VALUES ('PlantDesignFlowRateType', 'DECIMAL');
	INSERT INTO CSR.EST_ATTR_TYPE (TYPE_NAME, BASIC_TYPE) VALUES ('buildingMetricNumeric', 'NUMERIC');
	INSERT INTO CSR.EST_ATTR_TYPE (TYPE_NAME, BASIC_TYPE) VALUES ('GJ', 'NUMERIC');
	INSERT INTO CSR.EST_ATTR_TYPE (TYPE_NAME, BASIC_TYPE) VALUES ('GJ/m'||UNISTR('\00B2')||'', 'NUMERIC');
	INSERT INTO CSR.EST_ATTR_TYPE (TYPE_NAME, BASIC_TYPE) VALUES ('GJ/m'||UNISTR('\00B3')||'PJ', 'NUMERIC');
	INSERT INTO CSR.EST_ATTR_TYPE (TYPE_NAME, BASIC_TYPE) VALUES ('kWh', 'NUMERIC');
	INSERT INTO CSR.EST_ATTR_TYPE (TYPE_NAME, BASIC_TYPE) VALUES ('kWh/m'||UNISTR('\00B2')||'', 'NUMERIC');
	INSERT INTO CSR.EST_ATTR_TYPE (TYPE_NAME, BASIC_TYPE) VALUES ('kWh/m'||UNISTR('\00B3')||'PJ', 'NUMERIC');
	INSERT INTO CSR.EST_ATTR_TYPE (TYPE_NAME, BASIC_TYPE) VALUES ('Metric Tons CO2e', 'NUMERIC');
	INSERT INTO CSR.EST_ATTR_TYPE (TYPE_NAME, BASIC_TYPE) VALUES ('kgCO2e/m'||UNISTR('\00B2')||'', 'NUMERIC');
	INSERT INTO CSR.EST_ATTR_TYPE (TYPE_NAME, BASIC_TYPE) VALUES ('kgCO2e/m'||UNISTR('\00B3')||'PJ', 'NUMERIC');
	INSERT INTO CSR.EST_ATTR_TYPE (TYPE_NAME, BASIC_TYPE) VALUES ('kgCO2e/GJ', 'NUMERIC');
	INSERT INTO CSR.EST_ATTR_TYPE (TYPE_NAME, BASIC_TYPE) VALUES ('buildingMetricString', 'STRING');
	INSERT INTO CSR.EST_ATTR_TYPE (TYPE_NAME, BASIC_TYPE) VALUES ('USD', 'NUMERIC');
	INSERT INTO CSR.EST_ATTR_TYPE (TYPE_NAME, BASIC_TYPE) VALUES ('amountOfLaundryProcessedAnnuallyType', 'DECIMAL');
	INSERT INTO CSR.EST_ATTR_TYPE (TYPE_NAME, BASIC_TYPE) VALUES ('useDecimalType', 'DECIMAL');
	INSERT INTO CSR.EST_ATTR_TYPE (TYPE_NAME, BASIC_TYPE) VALUES ('grossFloorAreaType', 'INT');
	INSERT INTO CSR.EST_ATTR_TYPE (TYPE_NAME, BASIC_TYPE) VALUES ('useYesNoType', 'ENUM');
	INSERT INTO CSR.EST_ATTR_TYPE (TYPE_NAME, BASIC_TYPE) VALUES ('coolingEquipmentRedundancyType', 'ENUM');
	INSERT INTO CSR.EST_ATTR_TYPE (TYPE_NAME, BASIC_TYPE) VALUES ('optionalFloorAreaType', 'INT');
	INSERT INTO CSR.EST_ATTR_TYPE (TYPE_NAME, BASIC_TYPE) VALUES ('hoursPerDayGuestsOnsiteType', 'ENUM');
	INSERT INTO CSR.EST_ATTR_TYPE (TYPE_NAME, BASIC_TYPE) VALUES ('useIntegerType', 'INT');
	INSERT INTO CSR.EST_ATTR_TYPE (TYPE_NAME, BASIC_TYPE) VALUES ('itEnergyConfigurationType', 'ENUM');
	INSERT INTO CSR.EST_ATTR_TYPE (TYPE_NAME, BASIC_TYPE) VALUES ('onsiteLaundryType', 'ENUM');
	INSERT INTO CSR.EST_ATTR_TYPE (TYPE_NAME, BASIC_TYPE) VALUES ('monthsInUseType', 'INT');
	INSERT INTO CSR.EST_ATTR_TYPE (TYPE_NAME, BASIC_TYPE) VALUES ('numberOfWeekdaysType', 'INT');
	INSERT INTO CSR.EST_ATTR_TYPE (TYPE_NAME, BASIC_TYPE) VALUES ('ownedByType', 'ENUM');
	INSERT INTO CSR.EST_ATTR_TYPE (TYPE_NAME, BASIC_TYPE) VALUES ('percentCooledType', 'ENUM');
	INSERT INTO CSR.EST_ATTR_TYPE (TYPE_NAME, BASIC_TYPE) VALUES ('percentHeatedType', 'ENUM');
	INSERT INTO CSR.EST_ATTR_TYPE (TYPE_NAME, BASIC_TYPE) VALUES ('percentOfficeCooledType', 'ENUM');
	INSERT INTO CSR.EST_ATTR_TYPE (TYPE_NAME, BASIC_TYPE) VALUES ('percentOfficeHeatedType', 'ENUM');
	INSERT INTO CSR.EST_ATTR_TYPE (TYPE_NAME, BASIC_TYPE) VALUES ('poolType', 'ENUM');
	INSERT INTO CSR.EST_ATTR_TYPE (TYPE_NAME, BASIC_TYPE) VALUES ('poolSizeType', 'ENUM');
	INSERT INTO CSR.EST_ATTR_TYPE (TYPE_NAME, BASIC_TYPE) VALUES ('residentPopulationType', 'ENUM');
	INSERT INTO CSR.EST_ATTR_TYPE (TYPE_NAME, BASIC_TYPE) VALUES ('useStringType', 'STRING');
	INSERT INTO CSR.EST_ATTR_TYPE (TYPE_NAME, BASIC_TYPE) VALUES ('upsSystemRedundancyType', 'ENUM');
	INSERT INTO CSR.EST_ATTR_TYPE (TYPE_NAME, BASIC_TYPE) VALUES ('m'||UNISTR('\00B3')||'', 'NUMERIC');
	INSERT INTO CSR.EST_ATTR_TYPE (TYPE_NAME, BASIC_TYPE) VALUES ('m'||UNISTR('\00B3')||'/m'||UNISTR('\00B2')||'', 'NUMERIC');
	INSERT INTO CSR.EST_ATTR_TYPE (TYPE_NAME, BASIC_TYPE) VALUES ('numberOfBuildingsType', 'INT');
	INSERT INTO CSR.EST_ATTR_TYPE (TYPE_NAME, BASIC_TYPE) VALUES ('occupancyPercentageType', 'INT');
END;
/

BEGIN
	INSERT INTO CSR.EST_ATTR_UNIT (TYPE_NAME, UOM) VALUES ('GJ', 'GJ');
	INSERT INTO CSR.EST_ATTR_UNIT (TYPE_NAME, UOM) VALUES ('GJ/m'||UNISTR('\00B2')||'', 'GJ/m'||UNISTR('\00B2')||'');
	INSERT INTO CSR.EST_ATTR_UNIT (TYPE_NAME, UOM) VALUES ('GJ/m'||UNISTR('\00B3')||'PJ', 'GJ/m'||UNISTR('\00B3')||'PJ');
	INSERT INTO CSR.EST_ATTR_UNIT (TYPE_NAME, UOM) VALUES ('Metric Tons CO2e', 'Metric Tons CO2e');
	INSERT INTO CSR.EST_ATTR_UNIT (TYPE_NAME, UOM) VALUES ('PlantDesignFlowRateType', 'Cubic Meters per Day');
	INSERT INTO CSR.EST_ATTR_UNIT (TYPE_NAME, UOM) VALUES ('PlantDesignFlowRateType', 'Million Gallons per Day');
	INSERT INTO CSR.EST_ATTR_UNIT (TYPE_NAME, UOM) VALUES ('USD', 'USD');
	INSERT INTO CSR.EST_ATTR_UNIT (TYPE_NAME, UOM) VALUES ('amountOfLaundryProcessedAnnuallyType', 'Kilogram');
	INSERT INTO CSR.EST_ATTR_UNIT (TYPE_NAME, UOM) VALUES ('amountOfLaundryProcessedAnnuallyType', 'pounds');
	INSERT INTO CSR.EST_ATTR_UNIT (TYPE_NAME, UOM) VALUES ('amountOfLaundryProcessedAnnuallyType', 'short tons');
	INSERT INTO CSR.EST_ATTR_UNIT (TYPE_NAME, UOM) VALUES ('buildingMetricNumeric', '<null>');
	INSERT INTO CSR.EST_ATTR_UNIT (TYPE_NAME, UOM) VALUES ('buildingMetricString', '<null>');
	INSERT INTO CSR.EST_ATTR_UNIT (TYPE_NAME, UOM) VALUES ('coolingEquipmentRedundancyType', '<null>');
	INSERT INTO CSR.EST_ATTR_UNIT (TYPE_NAME, UOM) VALUES ('grossFloorAreaType', 'Square Feet');
	INSERT INTO CSR.EST_ATTR_UNIT (TYPE_NAME, UOM) VALUES ('grossFloorAreaType', 'Square Meters');
	INSERT INTO CSR.EST_ATTR_UNIT (TYPE_NAME, UOM) VALUES ('hoursPerDayGuestsOnsiteType', '<null>');
	INSERT INTO CSR.EST_ATTR_UNIT (TYPE_NAME, UOM) VALUES ('itEnergyConfigurationType', '<null>');
	INSERT INTO CSR.EST_ATTR_UNIT (TYPE_NAME, UOM) VALUES ('kWh', 'kWh');
	INSERT INTO CSR.EST_ATTR_UNIT (TYPE_NAME, UOM) VALUES ('kWh/m'||UNISTR('\00B2')||'', 'kWh/m'||UNISTR('\00B2')||'');
	INSERT INTO CSR.EST_ATTR_UNIT (TYPE_NAME, UOM) VALUES ('kWh/m'||UNISTR('\00B3')||'PJ', 'kWh/m'||UNISTR('\00B3')||'PJ');
	INSERT INTO CSR.EST_ATTR_UNIT (TYPE_NAME, UOM) VALUES ('kgCO2e/GJ', 'kgCO2e/GJ');
	INSERT INTO CSR.EST_ATTR_UNIT (TYPE_NAME, UOM) VALUES ('kgCO2e/m'||UNISTR('\00B2')||'', 'kgCO2e/m'||UNISTR('\00B2')||'');
	INSERT INTO CSR.EST_ATTR_UNIT (TYPE_NAME, UOM) VALUES ('kgCO2e/m'||UNISTR('\00B3')||'PJ', 'kgCO2e/m'||UNISTR('\00B3')||'PJ');
	INSERT INTO CSR.EST_ATTR_UNIT (TYPE_NAME, UOM) VALUES ('lengthOfAllOpenClosedRefrigerationUnitsType', 'Feet');
	INSERT INTO CSR.EST_ATTR_UNIT (TYPE_NAME, UOM) VALUES ('lengthOfAllOpenClosedRefrigerationUnitsType', 'Meters');
	INSERT INTO CSR.EST_ATTR_UNIT (TYPE_NAME, UOM) VALUES ('monthsInUseType', '<null>');
	INSERT INTO CSR.EST_ATTR_UNIT (TYPE_NAME, UOM) VALUES ('m'||UNISTR('\00B3')||'', 'm'||UNISTR('\00B3')||'');
	INSERT INTO CSR.EST_ATTR_UNIT (TYPE_NAME, UOM) VALUES ('m'||UNISTR('\00B3')||'/m'||UNISTR('\00B2')||'', 'm'||UNISTR('\00B3')||'/m'||UNISTR('\00B2')||'');
	INSERT INTO CSR.EST_ATTR_UNIT (TYPE_NAME, UOM) VALUES ('numberOfBuildingsType', '<null>');
	INSERT INTO CSR.EST_ATTR_UNIT (TYPE_NAME, UOM) VALUES ('numberOfWeekdaysType', '<null>');
	INSERT INTO CSR.EST_ATTR_UNIT (TYPE_NAME, UOM) VALUES ('occupancyPercentageType', '<null>');
	INSERT INTO CSR.EST_ATTR_UNIT (TYPE_NAME, UOM) VALUES ('onsiteLaundryType', '<null>');
	INSERT INTO CSR.EST_ATTR_UNIT (TYPE_NAME, UOM) VALUES ('optionalFloorAreaType', 'Square Feet');
	INSERT INTO CSR.EST_ATTR_UNIT (TYPE_NAME, UOM) VALUES ('optionalFloorAreaType', 'Square Meters');
	INSERT INTO CSR.EST_ATTR_UNIT (TYPE_NAME, UOM) VALUES ('ownedByType', '<null>');
	INSERT INTO CSR.EST_ATTR_UNIT (TYPE_NAME, UOM) VALUES ('percentCooledType', '<null>');
	INSERT INTO CSR.EST_ATTR_UNIT (TYPE_NAME, UOM) VALUES ('percentHeatedType', '<null>');
	INSERT INTO CSR.EST_ATTR_UNIT (TYPE_NAME, UOM) VALUES ('percentOfficeCooledType', '<null>');
	INSERT INTO CSR.EST_ATTR_UNIT (TYPE_NAME, UOM) VALUES ('percentOfficeHeatedType', '<null>');
	INSERT INTO CSR.EST_ATTR_UNIT (TYPE_NAME, UOM) VALUES ('poolSizeType', '<null>');
	INSERT INTO CSR.EST_ATTR_UNIT (TYPE_NAME, UOM) VALUES ('poolType', '<null>');
	INSERT INTO CSR.EST_ATTR_UNIT (TYPE_NAME, UOM) VALUES ('residentPopulationType', '<null>');
	INSERT INTO CSR.EST_ATTR_UNIT (TYPE_NAME, UOM) VALUES ('upsSystemRedundancyType', '<null>');
	INSERT INTO CSR.EST_ATTR_UNIT (TYPE_NAME, UOM) VALUES ('useDecimalType', '<null>');
	INSERT INTO CSR.EST_ATTR_UNIT (TYPE_NAME, UOM) VALUES ('useIntegerType', '<null>');
	INSERT INTO CSR.EST_ATTR_UNIT (TYPE_NAME, UOM) VALUES ('useStringType', '<null>');
	INSERT INTO CSR.EST_ATTR_UNIT (TYPE_NAME, UOM) VALUES ('useYesNoType', '<null>');
END;
/

BEGIN
	INSERT INTO CSR.EST_ATTR_ENUM (TYPE_NAME, ENUM, POS) VALUES ('useYesNoType', 'Yes', 0);
	INSERT INTO CSR.EST_ATTR_ENUM (TYPE_NAME, ENUM, POS) VALUES ('useYesNoType', 'No', 1);
	INSERT INTO CSR.EST_ATTR_ENUM (TYPE_NAME, ENUM, POS) VALUES ('coolingEquipmentRedundancyType', 'N', 0);
	INSERT INTO CSR.EST_ATTR_ENUM (TYPE_NAME, ENUM, POS) VALUES ('coolingEquipmentRedundancyType', 'N+1', 1);
	INSERT INTO CSR.EST_ATTR_ENUM (TYPE_NAME, ENUM, POS) VALUES ('coolingEquipmentRedundancyType', 'N+2', 2);
	INSERT INTO CSR.EST_ATTR_ENUM (TYPE_NAME, ENUM, POS) VALUES ('coolingEquipmentRedundancyType', '2N', 3);
	INSERT INTO CSR.EST_ATTR_ENUM (TYPE_NAME, ENUM, POS) VALUES ('coolingEquipmentRedundancyType', 'Greater than 2N', 4);
	INSERT INTO CSR.EST_ATTR_ENUM (TYPE_NAME, ENUM, POS) VALUES ('coolingEquipmentRedundancyType', 'None of the Above', 5);
	INSERT INTO CSR.EST_ATTR_ENUM (TYPE_NAME, ENUM, POS) VALUES ('hoursPerDayGuestsOnsiteType', 'Less Than 15', 0);
	INSERT INTO CSR.EST_ATTR_ENUM (TYPE_NAME, ENUM, POS) VALUES ('hoursPerDayGuestsOnsiteType', '15 To 19', 1);
	INSERT INTO CSR.EST_ATTR_ENUM (TYPE_NAME, ENUM, POS) VALUES ('hoursPerDayGuestsOnsiteType', 'More Than 20', 2);
	INSERT INTO CSR.EST_ATTR_ENUM (TYPE_NAME, ENUM, POS) VALUES ('itEnergyConfigurationType', 'UPS Supports Only IT Equipment', 0);
	INSERT INTO CSR.EST_ATTR_ENUM (TYPE_NAME, ENUM, POS) VALUES ('itEnergyConfigurationType', 'UPS Include Non IT Load Less Than 10%', 1);
	INSERT INTO CSR.EST_ATTR_ENUM (TYPE_NAME, ENUM, POS) VALUES ('itEnergyConfigurationType', 'UPS Include Non-IT Load Greater Than 10% Load Submetered', 2);
	INSERT INTO CSR.EST_ATTR_ENUM (TYPE_NAME, ENUM, POS) VALUES ('itEnergyConfigurationType', 'UPS Include Non IT Load Greater Than 10% Load Not Submetered', 3);
	INSERT INTO CSR.EST_ATTR_ENUM (TYPE_NAME, ENUM, POS) VALUES ('itEnergyConfigurationType', 'Facility Has No UPS', 4);
	INSERT INTO CSR.EST_ATTR_ENUM (TYPE_NAME, ENUM, POS) VALUES ('onsiteLaundryType', 'Linens only', 0);
	INSERT INTO CSR.EST_ATTR_ENUM (TYPE_NAME, ENUM, POS) VALUES ('onsiteLaundryType', 'Terry only', 1);
	INSERT INTO CSR.EST_ATTR_ENUM (TYPE_NAME, ENUM, POS) VALUES ('onsiteLaundryType', 'Both linens and terry', 2);
	INSERT INTO CSR.EST_ATTR_ENUM (TYPE_NAME, ENUM, POS) VALUES ('onsiteLaundryType', 'No laundry facility', 3);
	INSERT INTO CSR.EST_ATTR_ENUM (TYPE_NAME, ENUM, POS) VALUES ('ownedByType', 'For Profit', 0);
	INSERT INTO CSR.EST_ATTR_ENUM (TYPE_NAME, ENUM, POS) VALUES ('ownedByType', 'Non Profit', 1);
	INSERT INTO CSR.EST_ATTR_ENUM (TYPE_NAME, ENUM, POS) VALUES ('ownedByType', 'Governmental', 2);
	INSERT INTO CSR.EST_ATTR_ENUM (TYPE_NAME, ENUM, POS) VALUES ('percentCooledType', '0', 0);
	INSERT INTO CSR.EST_ATTR_ENUM (TYPE_NAME, ENUM, POS) VALUES ('percentCooledType', '10', 1);
	INSERT INTO CSR.EST_ATTR_ENUM (TYPE_NAME, ENUM, POS) VALUES ('percentCooledType', '20', 2);
	INSERT INTO CSR.EST_ATTR_ENUM (TYPE_NAME, ENUM, POS) VALUES ('percentCooledType', '30', 3);
	INSERT INTO CSR.EST_ATTR_ENUM (TYPE_NAME, ENUM, POS) VALUES ('percentCooledType', '40', 4);
	INSERT INTO CSR.EST_ATTR_ENUM (TYPE_NAME, ENUM, POS) VALUES ('percentCooledType', '50', 5);
	INSERT INTO CSR.EST_ATTR_ENUM (TYPE_NAME, ENUM, POS) VALUES ('percentCooledType', '60', 6);
	INSERT INTO CSR.EST_ATTR_ENUM (TYPE_NAME, ENUM, POS) VALUES ('percentCooledType', '70', 7);
	INSERT INTO CSR.EST_ATTR_ENUM (TYPE_NAME, ENUM, POS) VALUES ('percentCooledType', '80', 8);
	INSERT INTO CSR.EST_ATTR_ENUM (TYPE_NAME, ENUM, POS) VALUES ('percentCooledType', '90', 9);
	INSERT INTO CSR.EST_ATTR_ENUM (TYPE_NAME, ENUM, POS) VALUES ('percentCooledType', '100', 10);
	INSERT INTO CSR.EST_ATTR_ENUM (TYPE_NAME, ENUM, POS) VALUES ('percentHeatedType', '0', 0);
	INSERT INTO CSR.EST_ATTR_ENUM (TYPE_NAME, ENUM, POS) VALUES ('percentHeatedType', '10', 1);
	INSERT INTO CSR.EST_ATTR_ENUM (TYPE_NAME, ENUM, POS) VALUES ('percentHeatedType', '20', 2);
	INSERT INTO CSR.EST_ATTR_ENUM (TYPE_NAME, ENUM, POS) VALUES ('percentHeatedType', '30', 3);
	INSERT INTO CSR.EST_ATTR_ENUM (TYPE_NAME, ENUM, POS) VALUES ('percentHeatedType', '40', 4);
	INSERT INTO CSR.EST_ATTR_ENUM (TYPE_NAME, ENUM, POS) VALUES ('percentHeatedType', '50', 5);
	INSERT INTO CSR.EST_ATTR_ENUM (TYPE_NAME, ENUM, POS) VALUES ('percentHeatedType', '60', 6);
	INSERT INTO CSR.EST_ATTR_ENUM (TYPE_NAME, ENUM, POS) VALUES ('percentHeatedType', '70', 7);
	INSERT INTO CSR.EST_ATTR_ENUM (TYPE_NAME, ENUM, POS) VALUES ('percentHeatedType', '80', 8);
	INSERT INTO CSR.EST_ATTR_ENUM (TYPE_NAME, ENUM, POS) VALUES ('percentHeatedType', '90', 9);
	INSERT INTO CSR.EST_ATTR_ENUM (TYPE_NAME, ENUM, POS) VALUES ('percentHeatedType', '100', 10);
	INSERT INTO CSR.EST_ATTR_ENUM (TYPE_NAME, ENUM, POS) VALUES ('percentOfficeCooledType', '50% or more', 0);
	INSERT INTO CSR.EST_ATTR_ENUM (TYPE_NAME, ENUM, POS) VALUES ('percentOfficeCooledType', 'Less than 50%', 1);
	INSERT INTO CSR.EST_ATTR_ENUM (TYPE_NAME, ENUM, POS) VALUES ('percentOfficeCooledType', 'Not Air Conditioned', 2);
	INSERT INTO CSR.EST_ATTR_ENUM (TYPE_NAME, ENUM, POS) VALUES ('percentOfficeHeatedType', '50% or more', 0);
	INSERT INTO CSR.EST_ATTR_ENUM (TYPE_NAME, ENUM, POS) VALUES ('percentOfficeHeatedType', 'Less than 50%', 1);
	INSERT INTO CSR.EST_ATTR_ENUM (TYPE_NAME, ENUM, POS) VALUES ('percentOfficeHeatedType', 'Not Heated', 2);
	INSERT INTO CSR.EST_ATTR_ENUM (TYPE_NAME, ENUM, POS) VALUES ('poolType', 'Indoor', 0);
	INSERT INTO CSR.EST_ATTR_ENUM (TYPE_NAME, ENUM, POS) VALUES ('poolType', 'Outdoor', 1);
	INSERT INTO CSR.EST_ATTR_ENUM (TYPE_NAME, ENUM, POS) VALUES ('poolSizeType', 'Recreational (20 yards x 15 yards)', 0);
	INSERT INTO CSR.EST_ATTR_ENUM (TYPE_NAME, ENUM, POS) VALUES ('poolSizeType', 'Short Course (25 yards x 20 yards)', 1);
	INSERT INTO CSR.EST_ATTR_ENUM (TYPE_NAME, ENUM, POS) VALUES ('poolSizeType', 'Olympic (50 meters x 25 meters)', 2);
	INSERT INTO CSR.EST_ATTR_ENUM (TYPE_NAME, ENUM, POS) VALUES ('residentPopulationType', 'No specific resident population', 0);
	INSERT INTO CSR.EST_ATTR_ENUM (TYPE_NAME, ENUM, POS) VALUES ('residentPopulationType', 'Dedicated Student', 1);
	INSERT INTO CSR.EST_ATTR_ENUM (TYPE_NAME, ENUM, POS) VALUES ('residentPopulationType', 'Dedicated Military', 2);
	INSERT INTO CSR.EST_ATTR_ENUM (TYPE_NAME, ENUM, POS) VALUES ('residentPopulationType', 'Dedicated Senior/Independent Living', 3);
	INSERT INTO CSR.EST_ATTR_ENUM (TYPE_NAME, ENUM, POS) VALUES ('residentPopulationType', 'Dedicated Special Accessibility Needs', 4);
	INSERT INTO CSR.EST_ATTR_ENUM (TYPE_NAME, ENUM, POS) VALUES ('residentPopulationType', 'Other dedicated housing', 5);
	INSERT INTO CSR.EST_ATTR_ENUM (TYPE_NAME, ENUM, POS) VALUES ('upsSystemRedundancyType', 'N', 0);
	INSERT INTO CSR.EST_ATTR_ENUM (TYPE_NAME, ENUM, POS) VALUES ('upsSystemRedundancyType', 'N+1', 1);
	INSERT INTO CSR.EST_ATTR_ENUM (TYPE_NAME, ENUM, POS) VALUES ('upsSystemRedundancyType', 'N+2', 2);
	INSERT INTO CSR.EST_ATTR_ENUM (TYPE_NAME, ENUM, POS) VALUES ('upsSystemRedundancyType', '2N', 3);
	INSERT INTO CSR.EST_ATTR_ENUM (TYPE_NAME, ENUM, POS) VALUES ('upsSystemRedundancyType', 'Greater than 2N', 4);
	INSERT INTO CSR.EST_ATTR_ENUM (TYPE_NAME, ENUM, POS) VALUES ('upsSystemRedundancyType', 'None of the Above', 5);
END;
/

BEGIN
	INSERT INTO CSR.EST_ATTR_FOR_SPACE (ATTR_NAME, TYPE_NAME) VALUES ('areaOfAllWalkInRefrigerationUnits', 'optionalFloorAreaType');
	INSERT INTO CSR.EST_ATTR_FOR_SPACE (ATTR_NAME, TYPE_NAME) VALUES ('lengthOfAllOpenClosedRefrigerationUnits', 'lengthOfAllOpenClosedRefrigerationUnitsType');
	INSERT INTO CSR.EST_ATTR_FOR_SPACE (ATTR_NAME, TYPE_NAME) VALUES ('amountOfLaundryProcessedAnnually', 'amountOfLaundryProcessedAnnuallyType');
	INSERT INTO CSR.EST_ATTR_FOR_SPACE (ATTR_NAME, TYPE_NAME) VALUES ('averageEffluentBiologicalOxygenDemand', 'useDecimalType');
	INSERT INTO CSR.EST_ATTR_FOR_SPACE (ATTR_NAME, TYPE_NAME) VALUES ('averageInfluentBiologicalOxygenDemand', 'useDecimalType');
	INSERT INTO CSR.EST_ATTR_FOR_SPACE (ATTR_NAME, TYPE_NAME) VALUES ('averageNumberOfResidents', 'useDecimalType');
	INSERT INTO CSR.EST_ATTR_FOR_SPACE (ATTR_NAME, TYPE_NAME) VALUES ('completelyEnclosedFootage', 'grossFloorAreaType');
	INSERT INTO CSR.EST_ATTR_FOR_SPACE (ATTR_NAME, TYPE_NAME) VALUES ('cookingFacilities', 'useYesNoType');
	INSERT INTO CSR.EST_ATTR_FOR_SPACE (ATTR_NAME, TYPE_NAME) VALUES ('coolingEquipmentRedundancy', 'coolingEquipmentRedundancyType');
	INSERT INTO CSR.EST_ATTR_FOR_SPACE (ATTR_NAME, TYPE_NAME) VALUES ('exteriorEntranceToThePublic', 'useYesNoType');
	INSERT INTO CSR.EST_ATTR_FOR_SPACE (ATTR_NAME, TYPE_NAME) VALUES ('fixedFilmTrickleFiltrationProcess', 'useYesNoType');
	INSERT INTO CSR.EST_ATTR_FOR_SPACE (ATTR_NAME, TYPE_NAME) VALUES ('fullServiceSpaFloorArea', 'optionalFloorAreaType');
	INSERT INTO CSR.EST_ATTR_FOR_SPACE (ATTR_NAME, TYPE_NAME) VALUES ('enclosedFloorArea', 'optionalFloorAreaType');
	INSERT INTO CSR.EST_ATTR_FOR_SPACE (ATTR_NAME, TYPE_NAME) VALUES ('governmentSubsidizedHousing', 'useYesNoType');
	INSERT INTO CSR.EST_ATTR_FOR_SPACE (ATTR_NAME, TYPE_NAME) VALUES ('gymCenterFloorArea', 'optionalFloorAreaType');
	INSERT INTO CSR.EST_ATTR_FOR_SPACE (ATTR_NAME, TYPE_NAME) VALUES ('hasComputerLab', 'useYesNoType');
	INSERT INTO CSR.EST_ATTR_FOR_SPACE (ATTR_NAME, TYPE_NAME) VALUES ('hasDiningHall', 'useYesNoType');
	INSERT INTO CSR.EST_ATTR_FOR_SPACE (ATTR_NAME, TYPE_NAME) VALUES ('hasLaboratory', 'useYesNoType');
	INSERT INTO CSR.EST_ATTR_FOR_SPACE (ATTR_NAME, TYPE_NAME) VALUES ('hoursPerDayGuestsOnsite', 'hoursPerDayGuestsOnsiteType');
	INSERT INTO CSR.EST_ATTR_FOR_SPACE (ATTR_NAME, TYPE_NAME) VALUES ('isHighSchool', 'useYesNoType');
	INSERT INTO CSR.EST_ATTR_FOR_SPACE (ATTR_NAME, TYPE_NAME) VALUES ('isTertiaryCare', 'useYesNoType');
	INSERT INTO CSR.EST_ATTR_FOR_SPACE (ATTR_NAME, TYPE_NAME) VALUES ('iceEvents', 'useYesNoType');
	INSERT INTO CSR.EST_ATTR_FOR_SPACE (ATTR_NAME, TYPE_NAME) VALUES ('numberOfConcertShowEventsPerYear', 'useIntegerType');
	INSERT INTO CSR.EST_ATTR_FOR_SPACE (ATTR_NAME, TYPE_NAME) VALUES ('numberOfSpecialOtherEventsPerYear', 'useIntegerType');
	INSERT INTO CSR.EST_ATTR_FOR_SPACE (ATTR_NAME, TYPE_NAME) VALUES ('numberOfSportingEventsPerYear', 'useIntegerType');
	INSERT INTO CSR.EST_ATTR_FOR_SPACE (ATTR_NAME, TYPE_NAME) VALUES ('numberOfSurgicalOperatingBeds', 'useDecimalType');
	INSERT INTO CSR.EST_ATTR_FOR_SPACE (ATTR_NAME, TYPE_NAME) VALUES ('sizeOfElectronicScoreBoards', 'optionalFloorAreaType');
	INSERT INTO CSR.EST_ATTR_FOR_SPACE (ATTR_NAME, TYPE_NAME) VALUES ('surgeryCenterFloorArea', 'optionalFloorAreaType');
	INSERT INTO CSR.EST_ATTR_FOR_SPACE (ATTR_NAME, TYPE_NAME) VALUES ('itEnergyMeterConfiguration', 'itEnergyConfigurationType');
	INSERT INTO CSR.EST_ATTR_FOR_SPACE (ATTR_NAME, TYPE_NAME) VALUES ('laundryFacility', 'onsiteLaundryType');
	INSERT INTO CSR.EST_ATTR_FOR_SPACE (ATTR_NAME, TYPE_NAME) VALUES ('maximumNumberOfFloors', 'useIntegerType');
	INSERT INTO CSR.EST_ATTR_FOR_SPACE (ATTR_NAME, TYPE_NAME) VALUES ('maximumResidentCapacity', 'useDecimalType');
	INSERT INTO CSR.EST_ATTR_FOR_SPACE (ATTR_NAME, TYPE_NAME) VALUES ('licensedBedCapacity', 'useDecimalType');
	INSERT INTO CSR.EST_ATTR_FOR_SPACE (ATTR_NAME, TYPE_NAME) VALUES ('monthsInUse', 'monthsInUseType');
	INSERT INTO CSR.EST_ATTR_FOR_SPACE (ATTR_NAME, TYPE_NAME) VALUES ('numberOfBedrooms', 'useDecimalType');
	INSERT INTO CSR.EST_ATTR_FOR_SPACE (ATTR_NAME, TYPE_NAME) VALUES ('numberOfCashRegisters', 'useDecimalType');
	INSERT INTO CSR.EST_ATTR_FOR_SPACE (ATTR_NAME, TYPE_NAME) VALUES ('numberOfCommercialRefrigerationUnits', 'useDecimalType');
	INSERT INTO CSR.EST_ATTR_FOR_SPACE (ATTR_NAME, TYPE_NAME) VALUES ('numberOfCommercialWashingMachines', 'useDecimalType');
	INSERT INTO CSR.EST_ATTR_FOR_SPACE (ATTR_NAME, TYPE_NAME) VALUES ('numberOfComputers', 'useDecimalType');
	INSERT INTO CSR.EST_ATTR_FOR_SPACE (ATTR_NAME, TYPE_NAME) VALUES ('numberOfResidentialLivingUnitsLowRiseSetting', 'useDecimalType');
	INSERT INTO CSR.EST_ATTR_FOR_SPACE (ATTR_NAME, TYPE_NAME) VALUES ('numberOfFTEWorkers', 'useDecimalType');
	INSERT INTO CSR.EST_ATTR_FOR_SPACE (ATTR_NAME, TYPE_NAME) VALUES ('numberOfGuestMealsServedPerYear', 'useIntegerType');
	INSERT INTO CSR.EST_ATTR_FOR_SPACE (ATTR_NAME, TYPE_NAME) VALUES ('numberOfLaundryHookupsInAllUnits', 'useIntegerType');
	INSERT INTO CSR.EST_ATTR_FOR_SPACE (ATTR_NAME, TYPE_NAME) VALUES ('numberOfLaundryHookupsInCommonArea', 'useIntegerType');
	INSERT INTO CSR.EST_ATTR_FOR_SPACE (ATTR_NAME, TYPE_NAME) VALUES ('numberOfMriMachines', 'useDecimalType');
	INSERT INTO CSR.EST_ATTR_FOR_SPACE (ATTR_NAME, TYPE_NAME) VALUES ('numberOfOpenClosedRefrigerationUnits', 'useDecimalType');
	INSERT INTO CSR.EST_ATTR_FOR_SPACE (ATTR_NAME, TYPE_NAME) VALUES ('numberOfPeople', 'useIntegerType');
	INSERT INTO CSR.EST_ATTR_FOR_SPACE (ATTR_NAME, TYPE_NAME) VALUES ('numberOfResidentialLiftSystems', 'useDecimalType');
	INSERT INTO CSR.EST_ATTR_FOR_SPACE (ATTR_NAME, TYPE_NAME) VALUES ('numberOfResidentialLivingUnits', 'useDecimalType');
	INSERT INTO CSR.EST_ATTR_FOR_SPACE (ATTR_NAME, TYPE_NAME) VALUES ('numberOfResidentialWashingMachines', 'useDecimalType');
	INSERT INTO CSR.EST_ATTR_FOR_SPACE (ATTR_NAME, TYPE_NAME) VALUES ('numberOfRooms', 'useDecimalType');
	INSERT INTO CSR.EST_ATTR_FOR_SPACE (ATTR_NAME, TYPE_NAME) VALUES ('numberOfHotelRooms', 'useDecimalType');
	INSERT INTO CSR.EST_ATTR_FOR_SPACE (ATTR_NAME, TYPE_NAME) VALUES ('numberOfStaffedBeds', 'useDecimalType');
	INSERT INTO CSR.EST_ATTR_FOR_SPACE (ATTR_NAME, TYPE_NAME) VALUES ('numberOfWalkInRefrigerationUnits', 'useDecimalType');
	INSERT INTO CSR.EST_ATTR_FOR_SPACE (ATTR_NAME, TYPE_NAME) VALUES ('numberOfWeekdaysOpen', 'numberOfWeekdaysType');
	INSERT INTO CSR.EST_ATTR_FOR_SPACE (ATTR_NAME, TYPE_NAME) VALUES ('numberOfWorkers', 'useDecimalType');
	INSERT INTO CSR.EST_ATTR_FOR_SPACE (ATTR_NAME, TYPE_NAME) VALUES ('gymnasiumFloorArea', 'optionalFloorAreaType');
	INSERT INTO CSR.EST_ATTR_FOR_SPACE (ATTR_NAME, TYPE_NAME) VALUES ('studentSeatingCapacity', 'useDecimalType');
	INSERT INTO CSR.EST_ATTR_FOR_SPACE (ATTR_NAME, TYPE_NAME) VALUES ('nutrientRemoval', 'useYesNoType');
	INSERT INTO CSR.EST_ATTR_FOR_SPACE (ATTR_NAME, TYPE_NAME) VALUES ('onSiteLaundryFacility', 'useYesNoType');
	INSERT INTO CSR.EST_ATTR_FOR_SPACE (ATTR_NAME, TYPE_NAME) VALUES ('openFootage', 'grossFloorAreaType');
	INSERT INTO CSR.EST_ATTR_FOR_SPACE (ATTR_NAME, TYPE_NAME) VALUES ('openOnWeekends', 'useYesNoType');
	INSERT INTO CSR.EST_ATTR_FOR_SPACE (ATTR_NAME, TYPE_NAME) VALUES ('ownedBy', 'ownedByType');
	INSERT INTO CSR.EST_ATTR_FOR_SPACE (ATTR_NAME, TYPE_NAME) VALUES ('partiallyEnclosedFootage', 'grossFloorAreaType');
	INSERT INTO CSR.EST_ATTR_FOR_SPACE (ATTR_NAME, TYPE_NAME) VALUES ('percentCooled', 'percentCooledType');
	INSERT INTO CSR.EST_ATTR_FOR_SPACE (ATTR_NAME, TYPE_NAME) VALUES ('percentHeated', 'percentHeatedType');
	INSERT INTO CSR.EST_ATTR_FOR_SPACE (ATTR_NAME, TYPE_NAME) VALUES ('numberOfResidentialLivingUnitsMidRiseSetting', 'useDecimalType');
	INSERT INTO CSR.EST_ATTR_FOR_SPACE (ATTR_NAME, TYPE_NAME) VALUES ('percentOfGrossFloorAreaThatIsCommonSpaceOnly', 'useDecimalType');
	INSERT INTO CSR.EST_ATTR_FOR_SPACE (ATTR_NAME, TYPE_NAME) VALUES ('percentOfficeCooled', 'percentOfficeCooledType');
	INSERT INTO CSR.EST_ATTR_FOR_SPACE (ATTR_NAME, TYPE_NAME) VALUES ('percentOfficeHeated', 'percentOfficeHeatedType');
	INSERT INTO CSR.EST_ATTR_FOR_SPACE (ATTR_NAME, TYPE_NAME) VALUES ('plantDesignFlowRate', 'PlantDesignFlowRateType');
	INSERT INTO CSR.EST_ATTR_FOR_SPACE (ATTR_NAME, TYPE_NAME) VALUES ('poolLocation', 'poolType');
	INSERT INTO CSR.EST_ATTR_FOR_SPACE (ATTR_NAME, TYPE_NAME) VALUES ('poolSize', 'poolSizeType');
	INSERT INTO CSR.EST_ATTR_FOR_SPACE (ATTR_NAME, TYPE_NAME) VALUES ('numberOfResidentialLivingUnitsHighRiseSetting', 'useDecimalType');
	INSERT INTO CSR.EST_ATTR_FOR_SPACE (ATTR_NAME, TYPE_NAME) VALUES ('residentPopulation', 'residentPopulationType');
	INSERT INTO CSR.EST_ATTR_FOR_SPACE (ATTR_NAME, TYPE_NAME) VALUES ('schoolDistrict', 'useStringType');
	INSERT INTO CSR.EST_ATTR_FOR_SPACE (ATTR_NAME, TYPE_NAME) VALUES ('seatingCapacity', 'useDecimalType');
	INSERT INTO CSR.EST_ATTR_FOR_SPACE (ATTR_NAME, TYPE_NAME) VALUES ('singleStore', 'useYesNoType');
	INSERT INTO CSR.EST_ATTR_FOR_SPACE (ATTR_NAME, TYPE_NAME) VALUES ('totalGrossFloorArea', 'grossFloorAreaType');
	INSERT INTO CSR.EST_ATTR_FOR_SPACE (ATTR_NAME, TYPE_NAME) VALUES ('upsSystemRedundancy', 'upsSystemRedundancyType');
	INSERT INTO CSR.EST_ATTR_FOR_SPACE (ATTR_NAME, TYPE_NAME) VALUES ('supplementalHeating', 'useYesNoType');
	INSERT INTO CSR.EST_ATTR_FOR_SPACE (ATTR_NAME, TYPE_NAME) VALUES ('weeklyOperatingHours', 'useDecimalType');
	INSERT INTO CSR.EST_ATTR_FOR_SPACE (ATTR_NAME, TYPE_NAME) VALUES ('enrollment', 'useDecimalType');
	INSERT INTO CSR.EST_ATTR_FOR_SPACE (ATTR_NAME, TYPE_NAME) VALUES ('grantDollars', 'useDecimalType');
END;
/

BEGIN
	INSERT INTO CSR.EST_ATTR_FOR_BUILDING (ATTR_NAME, TYPE_NAME, IS_MANDATORY, LABEL) VALUES ('score', 'buildingMetricNumeric', 0, 'ENERGY STAR Score');
	INSERT INTO CSR.EST_ATTR_FOR_BUILDING (ATTR_NAME, TYPE_NAME, IS_MANDATORY, LABEL) VALUES ('medianSiteTotal', 'GJ', 0, 'National Median Site Energy Use');
	INSERT INTO CSR.EST_ATTR_FOR_BUILDING (ATTR_NAME, TYPE_NAME, IS_MANDATORY, LABEL) VALUES ('medianSourceTotal', 'GJ', 0, 'National Median Source Energy Use');
	INSERT INTO CSR.EST_ATTR_FOR_BUILDING (ATTR_NAME, TYPE_NAME, IS_MANDATORY, LABEL) VALUES ('medianSiteIntensity', 'GJ/m'||UNISTR('\00B2')||'', 0, 'National Median Site EUI');
	INSERT INTO CSR.EST_ATTR_FOR_BUILDING (ATTR_NAME, TYPE_NAME, IS_MANDATORY, LABEL) VALUES ('medianSourceIntensity', 'GJ/m'||UNISTR('\00B2')||'', 0, 'National Median Source EUI');
	INSERT INTO CSR.EST_ATTR_FOR_BUILDING (ATTR_NAME, TYPE_NAME, IS_MANDATORY, LABEL) VALUES ('medianWaterWasteWaterSiteIntensity', 'GJ/m'||UNISTR('\00B3')||'PJ', 0, 'National Median Water/Wastewater Site EUI');
	INSERT INTO CSR.EST_ATTR_FOR_BUILDING (ATTR_NAME, TYPE_NAME, IS_MANDATORY, LABEL) VALUES ('medianWaterWasteWaterSourceIntensity', 'GJ/m'||UNISTR('\00B3')||'PJ', 0, 'National Median Water/Wastewater Source EUI');
	INSERT INTO CSR.EST_ATTR_FOR_BUILDING (ATTR_NAME, TYPE_NAME, IS_MANDATORY, LABEL) VALUES ('percentBetterThanSiteIntensityMedian', 'buildingMetricNumeric', 0, 'Difference from National Median Site EUI');
	INSERT INTO CSR.EST_ATTR_FOR_BUILDING (ATTR_NAME, TYPE_NAME, IS_MANDATORY, LABEL) VALUES ('percentBetterThanSourceIntensityMedian', 'buildingMetricNumeric', 0, 'Difference from National Median Source EUI');
	INSERT INTO CSR.EST_ATTR_FOR_BUILDING (ATTR_NAME, TYPE_NAME, IS_MANDATORY, LABEL) VALUES ('percentBetterThanWaterWasteWaterSiteIntensityMedian', 'buildingMetricNumeric', 0, 'Difference from National Median Water/Wastewater Site EUI');
	INSERT INTO CSR.EST_ATTR_FOR_BUILDING (ATTR_NAME, TYPE_NAME, IS_MANDATORY, LABEL) VALUES ('percentBetterThanWaterWasteWaterSourceIntensityMedian', 'buildingMetricNumeric', 0, 'Difference from National Median Water/Wastewater Source  EUI');
	INSERT INTO CSR.EST_ATTR_FOR_BUILDING (ATTR_NAME, TYPE_NAME, IS_MANDATORY, LABEL) VALUES ('siteTotal', 'GJ', 0, 'Site Energy Use');
	INSERT INTO CSR.EST_ATTR_FOR_BUILDING (ATTR_NAME, TYPE_NAME, IS_MANDATORY, LABEL) VALUES ('sourceTotal', 'GJ', 0, 'Source Energy Use');
	INSERT INTO CSR.EST_ATTR_FOR_BUILDING (ATTR_NAME, TYPE_NAME, IS_MANDATORY, LABEL) VALUES ('siteIntensity', 'GJ/m'||UNISTR('\00B2')||'', 0, 'Site EUI');
	INSERT INTO CSR.EST_ATTR_FOR_BUILDING (ATTR_NAME, TYPE_NAME, IS_MANDATORY, LABEL) VALUES ('sourceIntensity', 'GJ/m'||UNISTR('\00B2')||'', 0, 'Source EUI');
	INSERT INTO CSR.EST_ATTR_FOR_BUILDING (ATTR_NAME, TYPE_NAME, IS_MANDATORY, LABEL) VALUES ('waterWasteWaterSiteIntensity', 'GJ/m'||UNISTR('\00B3')||'PJ', 0, 'Water/Wastewater Site EUI');
	INSERT INTO CSR.EST_ATTR_FOR_BUILDING (ATTR_NAME, TYPE_NAME, IS_MANDATORY, LABEL) VALUES ('waterWasteWaterSourceIntensity', 'GJ/m'||UNISTR('\00B3')||'PJ', 0, 'Water/Wastewater Source EUI');
	INSERT INTO CSR.EST_ATTR_FOR_BUILDING (ATTR_NAME, TYPE_NAME, IS_MANDATORY, LABEL) VALUES ('siteTotalWN', 'GJ', 0, 'Weather Normalized Site Energy Use');
	INSERT INTO CSR.EST_ATTR_FOR_BUILDING (ATTR_NAME, TYPE_NAME, IS_MANDATORY, LABEL) VALUES ('sourceTotalWN', 'GJ', 0, 'Weather Normalized Source Energy Use');
	INSERT INTO CSR.EST_ATTR_FOR_BUILDING (ATTR_NAME, TYPE_NAME, IS_MANDATORY, LABEL) VALUES ('siteIntensityWN', 'GJ/m'||UNISTR('\00B2')||'', 0, 'Weather Normalized Site EUI');
	INSERT INTO CSR.EST_ATTR_FOR_BUILDING (ATTR_NAME, TYPE_NAME, IS_MANDATORY, LABEL) VALUES ('sourceIntensityWN', 'GJ/m'||UNISTR('\00B2')||'', 0, 'Weather Normalized Source EUI');
	INSERT INTO CSR.EST_ATTR_FOR_BUILDING (ATTR_NAME, TYPE_NAME, IS_MANDATORY, LABEL) VALUES ('waterWasteWaterSiteIntensityWN', 'GJ/m'||UNISTR('\00B3')||'PJ', 0, 'Weather Normalized Water/Wastewater Site EUI');
	INSERT INTO CSR.EST_ATTR_FOR_BUILDING (ATTR_NAME, TYPE_NAME, IS_MANDATORY, LABEL) VALUES ('waterWasteWaterSourceIntensityWN', 'GJ/m'||UNISTR('\00B3')||'PJ', 0, 'Weather Normalized Water/Wastewater Source EUI');
	INSERT INTO CSR.EST_ATTR_FOR_BUILDING (ATTR_NAME, TYPE_NAME, IS_MANDATORY, LABEL) VALUES ('siteElectricityTotalWN', 'kWh', 0, 'Weather Normalized Site Electricity');
	INSERT INTO CSR.EST_ATTR_FOR_BUILDING (ATTR_NAME, TYPE_NAME, IS_MANDATORY, LABEL) VALUES ('siteElectricityIntensityWN', 'kWh/m'||UNISTR('\00B2')||'', 0, 'Weather Normalized Site Electricity Intensity');
	INSERT INTO CSR.EST_ATTR_FOR_BUILDING (ATTR_NAME, TYPE_NAME, IS_MANDATORY, LABEL) VALUES ('waterWasteWaterSiteElectricityIntensityWN', 'kWh/m'||UNISTR('\00B3')||'PJ', 0, 'Weather Normalized Water/Wastewater Site Electricity Intensity');
	INSERT INTO CSR.EST_ATTR_FOR_BUILDING (ATTR_NAME, TYPE_NAME, IS_MANDATORY, LABEL) VALUES ('siteNaturalGasUseTotalWN', 'GJ', 0, 'Weather Normalized Site Natural Gas Use');
	INSERT INTO CSR.EST_ATTR_FOR_BUILDING (ATTR_NAME, TYPE_NAME, IS_MANDATORY, LABEL) VALUES ('siteNaturalGasUseIntensityWN', 'GJ/m'||UNISTR('\00B2')||'', 0, 'Weather Normalized Site Natural Gas Intensity');
	INSERT INTO CSR.EST_ATTR_FOR_BUILDING (ATTR_NAME, TYPE_NAME, IS_MANDATORY, LABEL) VALUES ('waterWasteWaterSiteNaturalGasUseIntensityWN', 'GJ/m'||UNISTR('\00B3')||'PJ', 0, 'Weather Normalized Water/Wastewater Site Natural Gas Intensity');
	INSERT INTO CSR.EST_ATTR_FOR_BUILDING (ATTR_NAME, TYPE_NAME, IS_MANDATORY, LABEL) VALUES ('siteEnergyUseAdjustedToCurrentYear', 'GJ', 0, 'Site Energy Use - Adjusted to Current Year');
	INSERT INTO CSR.EST_ATTR_FOR_BUILDING (ATTR_NAME, TYPE_NAME, IS_MANDATORY, LABEL) VALUES ('sourceEnergyUseAdjustedToCurrentYear', 'GJ', 0, 'Source Energy Use - Adjusted to Current Year');
	INSERT INTO CSR.EST_ATTR_FOR_BUILDING (ATTR_NAME, TYPE_NAME, IS_MANDATORY, LABEL) VALUES ('siteIntensityAdjustedToCurrentYear', 'GJ/m'||UNISTR('\00B2')||'', 0, 'Site EUI - Adjusted to Current Year');
	INSERT INTO CSR.EST_ATTR_FOR_BUILDING (ATTR_NAME, TYPE_NAME, IS_MANDATORY, LABEL) VALUES ('sourceIntensityAdjustedToCurrentYear', 'GJ/m'||UNISTR('\00B2')||'', 0, 'Source EUI - Adjusted to Current Year');
	INSERT INTO CSR.EST_ATTR_FOR_BUILDING (ATTR_NAME, TYPE_NAME, IS_MANDATORY, LABEL) VALUES ('waterWasteWaterSiteIntensityAdjustedToCurrentYear', 'GJ/m'||UNISTR('\00B3')||'PJ', 0, 'Water/Wastewater Site EUI - Adjusted to Current Year');
	INSERT INTO CSR.EST_ATTR_FOR_BUILDING (ATTR_NAME, TYPE_NAME, IS_MANDATORY, LABEL) VALUES ('waterWasteWaterSourceIntensityAdjustedToCurrentYear', 'GJ/m'||UNISTR('\00B3')||'PJ', 0, 'Water/Wastewater Source EUI - Adjusted to Current Year');
	INSERT INTO CSR.EST_ATTR_FOR_BUILDING (ATTR_NAME, TYPE_NAME, IS_MANDATORY, LABEL) VALUES ('medianScore', 'buildingMetricNumeric', 0, 'National Median ENERGY STAR Score');
	INSERT INTO CSR.EST_ATTR_FOR_BUILDING (ATTR_NAME, TYPE_NAME, IS_MANDATORY, LABEL) VALUES ('totalLocationBasedGHGEmissions', 'Metric Tons CO2e', 0, 'Total (Location-Based) GHG Emissions');
	INSERT INTO CSR.EST_ATTR_FOR_BUILDING (ATTR_NAME, TYPE_NAME, IS_MANDATORY, LABEL) VALUES ('totalLocationBasedGHGEmissionsIntensity', 'kgCO2e/m'||UNISTR('\00B2')||'', 0, 'Total (Location-Based) GHG Emissions Intensity');
	INSERT INTO CSR.EST_ATTR_FOR_BUILDING (ATTR_NAME, TYPE_NAME, IS_MANDATORY, LABEL) VALUES ('waterWasteWaterTotalGHGEmissionsIntensity', 'kgCO2e/m'||UNISTR('\00B3')||'PJ', 0, 'Water/Wastewater Total GHG Emissions Intensity');
	INSERT INTO CSR.EST_ATTR_FOR_BUILDING (ATTR_NAME, TYPE_NAME, IS_MANDATORY, LABEL) VALUES ('directGHGEmissions', 'Metric Tons CO2e', 0, 'Direct GHG Emissions');
	INSERT INTO CSR.EST_ATTR_FOR_BUILDING (ATTR_NAME, TYPE_NAME, IS_MANDATORY, LABEL) VALUES ('directGHGEmissionsIntensity', 'kgCO2e/m'||UNISTR('\00B2')||'', 0, 'Direct GHG Emissions Intensity');
	INSERT INTO CSR.EST_ATTR_FOR_BUILDING (ATTR_NAME, TYPE_NAME, IS_MANDATORY, LABEL) VALUES ('waterWasteWaterDirectGHGEmissionsIntensity', 'kgCO2e/m'||UNISTR('\00B3')||'PJ', 0, 'Water/Wastewater Direct GHG Emissions Intensity');
	INSERT INTO CSR.EST_ATTR_FOR_BUILDING (ATTR_NAME, TYPE_NAME, IS_MANDATORY, LABEL) VALUES ('indirectLocationBasedGHGEmissions', 'Metric Tons CO2e', 0, 'Indirect (Location-Based) GHG Emissions');
	INSERT INTO CSR.EST_ATTR_FOR_BUILDING (ATTR_NAME, TYPE_NAME, IS_MANDATORY, LABEL) VALUES ('indirectLocationBasedGHGEmissionsIntensity', 'kgCO2e/m'||UNISTR('\00B2')||'', 0, 'Indirect (Location-Based) GHG Emissions Intensity');
	INSERT INTO CSR.EST_ATTR_FOR_BUILDING (ATTR_NAME, TYPE_NAME, IS_MANDATORY, LABEL) VALUES ('waterWasteWaterIndirectGHGEmissionsIntensity', 'kgCO2e/m'||UNISTR('\00B3')||'PJ', 0, 'Water/Wastewater Indirect GHG Emissions Intensity');
	INSERT INTO CSR.EST_ATTR_FOR_BUILDING (ATTR_NAME, TYPE_NAME, IS_MANDATORY, LABEL) VALUES ('biomassGHGEmissions', 'Metric Tons CO2e', 0, 'Biomass GHG Emissions');
	INSERT INTO CSR.EST_ATTR_FOR_BUILDING (ATTR_NAME, TYPE_NAME, IS_MANDATORY, LABEL) VALUES ('biomassGHGEmissionsIntensity', 'kgCO2e/m'||UNISTR('\00B2')||'', 0, 'Biomass GHG Emissions Intensity');
	INSERT INTO CSR.EST_ATTR_FOR_BUILDING (ATTR_NAME, TYPE_NAME, IS_MANDATORY, LABEL) VALUES ('waterWasteWaterBiomassGHGEmissionsIntensity', 'kgCO2e/m'||UNISTR('\00B3')||'PJ', 0, 'Water/Wastewater Biomass GHG Emissions Intensity');
	INSERT INTO CSR.EST_ATTR_FOR_BUILDING (ATTR_NAME, TYPE_NAME, IS_MANDATORY, LABEL) VALUES ('emissionsFactorLocationBasedElectricity', 'kgCO2e/GJ', 0, 'Emissions Factor (Location-Based) – Electricity/eGRID');
	INSERT INTO CSR.EST_ATTR_FOR_BUILDING (ATTR_NAME, TYPE_NAME, IS_MANDATORY, LABEL) VALUES ('regionalPowerGrid', 'buildingMetricString', 0, 'eGRID Subregion');
	INSERT INTO CSR.EST_ATTR_FOR_BUILDING (ATTR_NAME, TYPE_NAME, IS_MANDATORY, LABEL) VALUES ('electricDistributionUtility', 'buildingMetricString', 0, 'Electric Distribution Utility');
	INSERT INTO CSR.EST_ATTR_FOR_BUILDING (ATTR_NAME, TYPE_NAME, IS_MANDATORY, LABEL) VALUES ('powerPlant', 'buildingMetricString', 0, 'Power Plant');
	INSERT INTO CSR.EST_ATTR_FOR_BUILDING (ATTR_NAME, TYPE_NAME, IS_MANDATORY, LABEL) VALUES ('medianTotalLocationBasedGHGEmissions', 'Metric Tons CO2e', 0, 'National Median Total (Location-Based) GHG Emissions');
	INSERT INTO CSR.EST_ATTR_FOR_BUILDING (ATTR_NAME, TYPE_NAME, IS_MANDATORY, LABEL) VALUES ('energyStarCertificationYears', 'buildingMetricString', 0, 'ENERGY STAR Certification - Year(s) Certified');
	INSERT INTO CSR.EST_ATTR_FOR_BUILDING (ATTR_NAME, TYPE_NAME, IS_MANDATORY, LABEL) VALUES ('energyStarCertificationEligibility', 'buildingMetricString', 0, 'ENERGY STAR Certification - Eligibility');
	INSERT INTO CSR.EST_ATTR_FOR_BUILDING (ATTR_NAME, TYPE_NAME, IS_MANDATORY, LABEL) VALUES ('energyStarCertificationApplicationStatus', 'buildingMetricString', 0, 'ENERGY STAR Certification - Application Status');
	INSERT INTO CSR.EST_ATTR_FOR_BUILDING (ATTR_NAME, TYPE_NAME, IS_MANDATORY, LABEL) VALUES ('energyStarCertificationProfilePublished', 'buildingMetricString', 0, 'ENERGY STAR Certification - Profile Published');
	INSERT INTO CSR.EST_ATTR_FOR_BUILDING (ATTR_NAME, TYPE_NAME, IS_MANDATORY, LABEL) VALUES ('targetScore', 'buildingMetricNumeric', 0, 'Target ENERGY STAR Score');
	INSERT INTO CSR.EST_ATTR_FOR_BUILDING (ATTR_NAME, TYPE_NAME, IS_MANDATORY, LABEL) VALUES ('targetPercentBetterThanSourceIntensityMedian', 'buildingMetricNumeric', 0, 'Target % Better Than Median Source EUI');
	INSERT INTO CSR.EST_ATTR_FOR_BUILDING (ATTR_NAME, TYPE_NAME, IS_MANDATORY, LABEL) VALUES ('targetSiteTotal', 'GJ', 0, 'Target Site Energy Use');
	INSERT INTO CSR.EST_ATTR_FOR_BUILDING (ATTR_NAME, TYPE_NAME, IS_MANDATORY, LABEL) VALUES ('targetSourceTotal', 'GJ', 0, 'Target Source Energy Use');
	INSERT INTO CSR.EST_ATTR_FOR_BUILDING (ATTR_NAME, TYPE_NAME, IS_MANDATORY, LABEL) VALUES ('targetSiteIntensity', 'GJ/m'||UNISTR('\00B2')||'', 0, 'Target Site EUI');
	INSERT INTO CSR.EST_ATTR_FOR_BUILDING (ATTR_NAME, TYPE_NAME, IS_MANDATORY, LABEL) VALUES ('targetSourceIntensity', 'GJ/m'||UNISTR('\00B2')||'', 0, 'Target Source EUI');
	INSERT INTO CSR.EST_ATTR_FOR_BUILDING (ATTR_NAME, TYPE_NAME, IS_MANDATORY, LABEL) VALUES ('targetWaterWasteWaterSiteIntensity', 'GJ/m'||UNISTR('\00B3')||'PJ', 0, 'Target Water/Wastewater Site EUI');
	INSERT INTO CSR.EST_ATTR_FOR_BUILDING (ATTR_NAME, TYPE_NAME, IS_MANDATORY, LABEL) VALUES ('targetWaterWasteWaterSourceIntensity', 'GJ/m'||UNISTR('\00B3')||'PJ', 0, 'Target Water/Wastewater Source EUI');
	INSERT INTO CSR.EST_ATTR_FOR_BUILDING (ATTR_NAME, TYPE_NAME, IS_MANDATORY, LABEL) VALUES ('targetEnergyCost', 'USD', 0, 'Target Energy Cost');
	INSERT INTO CSR.EST_ATTR_FOR_BUILDING (ATTR_NAME, TYPE_NAME, IS_MANDATORY, LABEL) VALUES ('targetTotalLocationBasedGHGEmissions', 'Metric Tons CO2e', 0, 'Target Total (Location-Based) GHG Emissions');
	INSERT INTO CSR.EST_ATTR_FOR_BUILDING (ATTR_NAME, TYPE_NAME, IS_MANDATORY, LABEL) VALUES ('designTargetScore', 'buildingMetricNumeric', 0, 'Design Target ENERGY STAR Score');
	INSERT INTO CSR.EST_ATTR_FOR_BUILDING (ATTR_NAME, TYPE_NAME, IS_MANDATORY, LABEL) VALUES ('designTargetBetterThanMedianSourceIntensity', 'buildingMetricNumeric', 0, 'Design Target % Better Than Median Source EUI');
	INSERT INTO CSR.EST_ATTR_FOR_BUILDING (ATTR_NAME, TYPE_NAME, IS_MANDATORY, LABEL) VALUES ('designTargetSiteTotal', 'GJ', 0, 'Design Target Site Energy Use');
	INSERT INTO CSR.EST_ATTR_FOR_BUILDING (ATTR_NAME, TYPE_NAME, IS_MANDATORY, LABEL) VALUES ('designTargetSourceTotal', 'GJ', 0, 'Design Target Source Energy Use');
	INSERT INTO CSR.EST_ATTR_FOR_BUILDING (ATTR_NAME, TYPE_NAME, IS_MANDATORY, LABEL) VALUES ('designTargetSiteIntensity', 'GJ/m'||UNISTR('\00B2')||'', 0, 'Design Target Site EUI');
	INSERT INTO CSR.EST_ATTR_FOR_BUILDING (ATTR_NAME, TYPE_NAME, IS_MANDATORY, LABEL) VALUES ('designTargetSourceIntensity', 'GJ/m'||UNISTR('\00B2')||'', 0, 'Design Target Source EUI');
	INSERT INTO CSR.EST_ATTR_FOR_BUILDING (ATTR_NAME, TYPE_NAME, IS_MANDATORY, LABEL) VALUES ('designTargetWaterWasteWaterSiteIntensity', 'GJ/m'||UNISTR('\00B3')||'PJ', 0, 'Design Target Water/Wastewater Site EUI');
	INSERT INTO CSR.EST_ATTR_FOR_BUILDING (ATTR_NAME, TYPE_NAME, IS_MANDATORY, LABEL) VALUES ('designTargetWaterWasteWaterSourceIntensity', 'GJ/m'||UNISTR('\00B3')||'PJ', 0, 'Design Target Water/Wastewater Source EUI');
	INSERT INTO CSR.EST_ATTR_FOR_BUILDING (ATTR_NAME, TYPE_NAME, IS_MANDATORY, LABEL) VALUES ('designTargetEnergyCost', 'USD', 0, 'Design Target Energy Cost');
	INSERT INTO CSR.EST_ATTR_FOR_BUILDING (ATTR_NAME, TYPE_NAME, IS_MANDATORY, LABEL) VALUES ('designTargetTotalLocationBasedGHGEmissions', 'Metric Tons CO2e', 0, 'Design Target Total (Location-Based) GHG Emissions');
	INSERT INTO CSR.EST_ATTR_FOR_BUILDING (ATTR_NAME, TYPE_NAME, IS_MANDATORY, LABEL) VALUES ('designTargetTotalLocationBasedGHGEmissionsIntensity', 'kgCO2e/m'||UNISTR('\00B2')||'', 0, 'Design Target Total (Location-Based) GHG Emissions Intensity');
	INSERT INTO CSR.EST_ATTR_FOR_BUILDING (ATTR_NAME, TYPE_NAME, IS_MANDATORY, LABEL) VALUES ('targetTotalLocationBasedGHGEmissionsIntensity', 'kgCO2e/m'||UNISTR('\00B2')||'', 0, 'Target Total (Location-Based) GHG Emissions Intensity');
	INSERT INTO CSR.EST_ATTR_FOR_BUILDING (ATTR_NAME, TYPE_NAME, IS_MANDATORY, LABEL) VALUES ('dataCenterUPSOutputSiteEnergy', 'kWh', 0, 'Data Center - UPS Output Meter');
	INSERT INTO CSR.EST_ATTR_FOR_BUILDING (ATTR_NAME, TYPE_NAME, IS_MANDATORY, LABEL) VALUES ('dataCenterPDUInputSiteEnergy', 'kWh', 0, 'Data Center - PDU Input Meter');
	INSERT INTO CSR.EST_ATTR_FOR_BUILDING (ATTR_NAME, TYPE_NAME, IS_MANDATORY, LABEL) VALUES ('dataCenterPDUOutputSiteEnergy', 'kWh', 0, 'Data Center - PDU Output Meter');
	INSERT INTO CSR.EST_ATTR_FOR_BUILDING (ATTR_NAME, TYPE_NAME, IS_MANDATORY, LABEL) VALUES ('dataCenterITEquipmentInputSiteEnergy', 'kWh', 0, 'Data Center - IT Equipment Input Meter');
	INSERT INTO CSR.EST_ATTR_FOR_BUILDING (ATTR_NAME, TYPE_NAME, IS_MANDATORY, LABEL) VALUES ('dataCenterITSiteEnergy', 'kWh', 0, 'Data Center - IT Site Energy');
	INSERT INTO CSR.EST_ATTR_FOR_BUILDING (ATTR_NAME, TYPE_NAME, IS_MANDATORY, LABEL) VALUES ('dataCenterITSourceEnergy', 'GJ', 0, 'Data Center - IT Source Energy');
	INSERT INTO CSR.EST_ATTR_FOR_BUILDING (ATTR_NAME, TYPE_NAME, IS_MANDATORY, LABEL) VALUES ('dataCenterSourcePUE', 'buildingMetricNumeric', 0, 'Data Center - PUE');
	INSERT INTO CSR.EST_ATTR_FOR_BUILDING (ATTR_NAME, TYPE_NAME, IS_MANDATORY, LABEL) VALUES ('dataCenterPUEMedian', 'buildingMetricNumeric', 0, 'Data Center - National Median PUE');
	INSERT INTO CSR.EST_ATTR_FOR_BUILDING (ATTR_NAME, TYPE_NAME, IS_MANDATORY, LABEL) VALUES ('waterUseTotal', 'm'||UNISTR('\00B3')||'', 0, 'Water Use (All Water Sources)');
	INSERT INTO CSR.EST_ATTR_FOR_BUILDING (ATTR_NAME, TYPE_NAME, IS_MANDATORY, LABEL) VALUES ('indoorWaterUseTotalAllWaterSources', 'm'||UNISTR('\00B3')||'', 0, 'Indoor Water Use (All Water Sources)');
	INSERT INTO CSR.EST_ATTR_FOR_BUILDING (ATTR_NAME, TYPE_NAME, IS_MANDATORY, LABEL) VALUES ('indoorWaterIntensityAllWaterSources', 'm'||UNISTR('\00B3')||'/m'||UNISTR('\00B2')||'', 0, 'Indoor Water Intensity (All Water Sources)');
	INSERT INTO CSR.EST_ATTR_FOR_BUILDING (ATTR_NAME, TYPE_NAME, IS_MANDATORY, LABEL) VALUES ('outdoorWaterUseTotalAllWaterSources', 'm'||UNISTR('\00B3')||'', 0, 'Outdoor Water Use (All Water Sources)');
	INSERT INTO CSR.EST_ATTR_FOR_BUILDING (ATTR_NAME, TYPE_NAME, IS_MANDATORY, LABEL) VALUES ('municipallySuppliedPotableWaterMixedUse', 'm'||UNISTR('\00B3')||'', 0, 'Municipally Supplied Potable Water - Mixed Indoor/Outdoor Use');
	INSERT INTO CSR.EST_ATTR_FOR_BUILDING (ATTR_NAME, TYPE_NAME, IS_MANDATORY, LABEL) VALUES ('municipallySuppliedPotableWaterIndoorUse', 'm'||UNISTR('\00B3')||'', 0, 'Municipally Supplied Potable Water - Indoor Use');
	INSERT INTO CSR.EST_ATTR_FOR_BUILDING (ATTR_NAME, TYPE_NAME, IS_MANDATORY, LABEL) VALUES ('municipallySuppliedPotableWaterIndoorIntensity', 'm'||UNISTR('\00B3')||'/m'||UNISTR('\00B2')||'', 0, 'Municipally Supplied Potable Water - Indoor Intensity');
	INSERT INTO CSR.EST_ATTR_FOR_BUILDING (ATTR_NAME, TYPE_NAME, IS_MANDATORY, LABEL) VALUES ('municipallySuppliedPotableWaterOutdoorUse', 'm'||UNISTR('\00B3')||'', 0, 'Municipally Supplied Potable Water - Outdoor Use');
	INSERT INTO CSR.EST_ATTR_FOR_BUILDING (ATTR_NAME, TYPE_NAME, IS_MANDATORY, LABEL) VALUES ('municipallySuppliedReclaimedWaterMixedUse', 'm'||UNISTR('\00B3')||'', 0, 'Municipally Supplied Reclaimed Water - Mixed Indoor/Outdoor Use');
	INSERT INTO CSR.EST_ATTR_FOR_BUILDING (ATTR_NAME, TYPE_NAME, IS_MANDATORY, LABEL) VALUES ('municipallySuppliedReclaimedWaterIndoorUse', 'm'||UNISTR('\00B3')||'', 0, 'Municipally Supplied Reclaimed Water - Indoor Use');
	INSERT INTO CSR.EST_ATTR_FOR_BUILDING (ATTR_NAME, TYPE_NAME, IS_MANDATORY, LABEL) VALUES ('municipallySuppliedReclaimedWaterIndoorIntensity', 'm'||UNISTR('\00B3')||'/m'||UNISTR('\00B2')||'', 0, 'Municipally Supplied Reclaimed Water - Indoor Intensity');
	INSERT INTO CSR.EST_ATTR_FOR_BUILDING (ATTR_NAME, TYPE_NAME, IS_MANDATORY, LABEL) VALUES ('municipallySuppliedReclaimedWaterOutdoorUse', 'm'||UNISTR('\00B3')||'', 0, 'Municipally Supplied Reclaimed Water - Outdoor Use');
	INSERT INTO CSR.EST_ATTR_FOR_BUILDING (ATTR_NAME, TYPE_NAME, IS_MANDATORY, LABEL) VALUES ('alternativeWaterGeneratedOnsiteIndoorIntensity', 'm'||UNISTR('\00B3')||'/m'||UNISTR('\00B2')||'', 0, 'Alternative Water Generated On Site - Indoor Intensity');
	INSERT INTO CSR.EST_ATTR_FOR_BUILDING (ATTR_NAME, TYPE_NAME, IS_MANDATORY, LABEL) VALUES ('otherWaterSourcesMixedUse', 'm'||UNISTR('\00B3')||'', 0, 'Other Water Sources - Mixed Indoor/Outdoor Use');
	INSERT INTO CSR.EST_ATTR_FOR_BUILDING (ATTR_NAME, TYPE_NAME, IS_MANDATORY, LABEL) VALUES ('otherWaterSourcesIndoorUse', 'm'||UNISTR('\00B3')||'', 0, 'Other Water Sources - Indoor Use');
	INSERT INTO CSR.EST_ATTR_FOR_BUILDING (ATTR_NAME, TYPE_NAME, IS_MANDATORY, LABEL) VALUES ('otherWaterSourcesIndoorIntensity', 'm'||UNISTR('\00B3')||'/m'||UNISTR('\00B2')||'', 0, 'Other Water Sources - Indoor Intensity');
	INSERT INTO CSR.EST_ATTR_FOR_BUILDING (ATTR_NAME, TYPE_NAME, IS_MANDATORY, LABEL) VALUES ('otherWaterSourcesOutdoorUse', 'm'||UNISTR('\00B3')||'', 0, 'Other Water Sources - Outdoor Use');
	INSERT INTO CSR.EST_ATTR_FOR_BUILDING (ATTR_NAME, TYPE_NAME, IS_MANDATORY, LABEL) VALUES ('bldgGrossFloorArea', 'grossFloorAreaType', 1, 'Building Gross Floor Area');
	INSERT INTO CSR.EST_ATTR_FOR_BUILDING (ATTR_NAME, TYPE_NAME, IS_MANDATORY, LABEL) VALUES ('numberOfBuildings', 'numberOfBuildingsType', 0, 'Number of Buildings');
	INSERT INTO CSR.EST_ATTR_FOR_BUILDING (ATTR_NAME, TYPE_NAME, IS_MANDATORY, LABEL) VALUES ('occupancyPercentage', 'occupancyPercentageType', 0, 'Occupancy Percentage');
END;
/

BEGIN
	INSERT INTO CSR.EST_SPACE_TYPE (EST_SPACE_TYPE, LABEL) VALUES ('adultEducation', 'Adult Education');
	INSERT INTO CSR.EST_SPACE_TYPE (EST_SPACE_TYPE, LABEL) VALUES ('ambulatorySurgicalCenter', 'Ambulatory Surgical Center');
	INSERT INTO CSR.EST_SPACE_TYPE (EST_SPACE_TYPE, LABEL) VALUES ('aquarium', 'Aquarium');
	INSERT INTO CSR.EST_SPACE_TYPE (EST_SPACE_TYPE, LABEL) VALUES ('automobileDealership', 'Automobile Dealership');
	INSERT INTO CSR.EST_SPACE_TYPE (EST_SPACE_TYPE, LABEL) VALUES ('bankBranch', 'Bank Branch');
	INSERT INTO CSR.EST_SPACE_TYPE (EST_SPACE_TYPE, LABEL) VALUES ('barNightclub', 'Bar Nightclub');
	INSERT INTO CSR.EST_SPACE_TYPE (EST_SPACE_TYPE, LABEL) VALUES ('barracks', 'Barracks');
	INSERT INTO CSR.EST_SPACE_TYPE (EST_SPACE_TYPE, LABEL) VALUES ('bowlingAlley', 'Bowling Alley');
	INSERT INTO CSR.EST_SPACE_TYPE (EST_SPACE_TYPE, LABEL) VALUES ('casino', 'Casino');
	INSERT INTO CSR.EST_SPACE_TYPE (EST_SPACE_TYPE, LABEL) VALUES ('collegeUniversity', 'College University');
	INSERT INTO CSR.EST_SPACE_TYPE (EST_SPACE_TYPE, LABEL) VALUES ('convenienceStoreWithGasStation', 'Convenience Store With Gas Station');
	INSERT INTO CSR.EST_SPACE_TYPE (EST_SPACE_TYPE, LABEL) VALUES ('convenienceStoreWithoutGasStation', 'Convenience Store Without Gas Station');
	INSERT INTO CSR.EST_SPACE_TYPE (EST_SPACE_TYPE, LABEL) VALUES ('conventionCenter', 'Convention Center');
	INSERT INTO CSR.EST_SPACE_TYPE (EST_SPACE_TYPE, LABEL) VALUES ('courthouse', 'Courthouse');
	INSERT INTO CSR.EST_SPACE_TYPE (EST_SPACE_TYPE, LABEL) VALUES ('dataCenter', 'Data Center');
	INSERT INTO CSR.EST_SPACE_TYPE (EST_SPACE_TYPE, LABEL) VALUES ('distributionCenter', 'Distribution Center');
	INSERT INTO CSR.EST_SPACE_TYPE (EST_SPACE_TYPE, LABEL) VALUES ('drinkingWaterTreatmentAndDistribution', 'Drinking Water Treatment And Distribution');
	INSERT INTO CSR.EST_SPACE_TYPE (EST_SPACE_TYPE, LABEL) VALUES ('enclosedMall', 'Enclosed Mall');
	INSERT INTO CSR.EST_SPACE_TYPE (EST_SPACE_TYPE, LABEL) VALUES ('energyPowerStation', 'Energy Power Station');
	INSERT INTO CSR.EST_SPACE_TYPE (EST_SPACE_TYPE, LABEL) VALUES ('fastFoodRestaurant', 'Fast Food Restaurant');
	INSERT INTO CSR.EST_SPACE_TYPE (EST_SPACE_TYPE, LABEL) VALUES ('financialOffice', 'Financial Office');
	INSERT INTO CSR.EST_SPACE_TYPE (EST_SPACE_TYPE, LABEL) VALUES ('fireStation', 'Fire Station');
	INSERT INTO CSR.EST_SPACE_TYPE (EST_SPACE_TYPE, LABEL) VALUES ('fitnessCenterHealthClubGym', 'Fitness Center Health Club Gym');
	INSERT INTO CSR.EST_SPACE_TYPE (EST_SPACE_TYPE, LABEL) VALUES ('foodSales', 'Food Sales');
	INSERT INTO CSR.EST_SPACE_TYPE (EST_SPACE_TYPE, LABEL) VALUES ('foodService', 'Food Service');
	INSERT INTO CSR.EST_SPACE_TYPE (EST_SPACE_TYPE, LABEL) VALUES ('hospital', 'Hospital');
	INSERT INTO CSR.EST_SPACE_TYPE (EST_SPACE_TYPE, LABEL) VALUES ('hotel', 'Hotel');
	INSERT INTO CSR.EST_SPACE_TYPE (EST_SPACE_TYPE, LABEL) VALUES ('iceCurlingRink', 'Ice Curling Rink');
	INSERT INTO CSR.EST_SPACE_TYPE (EST_SPACE_TYPE, LABEL) VALUES ('indoorArena', 'Indoor Arena');
	INSERT INTO CSR.EST_SPACE_TYPE (EST_SPACE_TYPE, LABEL) VALUES ('k12School', 'K12 School');
	INSERT INTO CSR.EST_SPACE_TYPE (EST_SPACE_TYPE, LABEL) VALUES ('laboratory', 'Laboratory');
	INSERT INTO CSR.EST_SPACE_TYPE (EST_SPACE_TYPE, LABEL) VALUES ('library', 'Library');
	INSERT INTO CSR.EST_SPACE_TYPE (EST_SPACE_TYPE, LABEL) VALUES ('lifestyleCenter', 'Lifestyle Center');
	INSERT INTO CSR.EST_SPACE_TYPE (EST_SPACE_TYPE, LABEL) VALUES ('mailingCenterPostOffice', 'Mailing Center Post Office');
	INSERT INTO CSR.EST_SPACE_TYPE (EST_SPACE_TYPE, LABEL) VALUES ('manufacturingIndustrialPlant', 'Manufacturing Industrial Plant');
	INSERT INTO CSR.EST_SPACE_TYPE (EST_SPACE_TYPE, LABEL) VALUES ('medicalOffice', 'Medical Office');
	INSERT INTO CSR.EST_SPACE_TYPE (EST_SPACE_TYPE, LABEL) VALUES ('movieTheater', 'Movie Theater');
	INSERT INTO CSR.EST_SPACE_TYPE (EST_SPACE_TYPE, LABEL) VALUES ('multifamilyHousing', 'Multifamily Housing');
	INSERT INTO CSR.EST_SPACE_TYPE (EST_SPACE_TYPE, LABEL) VALUES ('museum', 'Museum');
	INSERT INTO CSR.EST_SPACE_TYPE (EST_SPACE_TYPE, LABEL) VALUES ('nonRefrigeratedWarehouse', 'Non Refrigerated Warehouse');
	INSERT INTO CSR.EST_SPACE_TYPE (EST_SPACE_TYPE, LABEL) VALUES ('office', 'Office');
	INSERT INTO CSR.EST_SPACE_TYPE (EST_SPACE_TYPE, LABEL) VALUES ('other', 'Other');
	INSERT INTO CSR.EST_SPACE_TYPE (EST_SPACE_TYPE, LABEL) VALUES ('otherEducation', 'Other Education');
	INSERT INTO CSR.EST_SPACE_TYPE (EST_SPACE_TYPE, LABEL) VALUES ('otherEntertainmentPublicAssembly', 'Other Entertainment Public Assembly');
	INSERT INTO CSR.EST_SPACE_TYPE (EST_SPACE_TYPE, LABEL) VALUES ('otherLodgingResidential', 'Other Lodging Residential');
	INSERT INTO CSR.EST_SPACE_TYPE (EST_SPACE_TYPE, LABEL) VALUES ('otherMall', 'Other Mall');
	INSERT INTO CSR.EST_SPACE_TYPE (EST_SPACE_TYPE, LABEL) VALUES ('otherPublicServices', 'Other Public Services');
	INSERT INTO CSR.EST_SPACE_TYPE (EST_SPACE_TYPE, LABEL) VALUES ('otherRecreation', 'Other Recreation');
	INSERT INTO CSR.EST_SPACE_TYPE (EST_SPACE_TYPE, LABEL) VALUES ('otherRestaurantBar', 'Other Restaurant Bar');
	INSERT INTO CSR.EST_SPACE_TYPE (EST_SPACE_TYPE, LABEL) VALUES ('otherServices', 'Other Services');
	INSERT INTO CSR.EST_SPACE_TYPE (EST_SPACE_TYPE, LABEL) VALUES ('otherSpecialityHospital', 'Other Speciality Hospital');
	INSERT INTO CSR.EST_SPACE_TYPE (EST_SPACE_TYPE, LABEL) VALUES ('otherStadium', 'Other Stadium');
	INSERT INTO CSR.EST_SPACE_TYPE (EST_SPACE_TYPE, LABEL) VALUES ('otherTechnologyScience', 'Other Technology Science');
	INSERT INTO CSR.EST_SPACE_TYPE (EST_SPACE_TYPE, LABEL) VALUES ('otherUtility', 'Other Utility');
	INSERT INTO CSR.EST_SPACE_TYPE (EST_SPACE_TYPE, LABEL) VALUES ('outpatientRehabilitationPhysicalTherapy', 'Outpatient Rehabilitation Physical Therapy');
	INSERT INTO CSR.EST_SPACE_TYPE (EST_SPACE_TYPE, LABEL) VALUES ('parking', 'Parking');
	INSERT INTO CSR.EST_SPACE_TYPE (EST_SPACE_TYPE, LABEL) VALUES ('performingArts', 'Performing Arts');
	INSERT INTO CSR.EST_SPACE_TYPE (EST_SPACE_TYPE, LABEL) VALUES ('personalServices', 'Personal Services');
	INSERT INTO CSR.EST_SPACE_TYPE (EST_SPACE_TYPE, LABEL) VALUES ('policeStation', 'Police Station');
	INSERT INTO CSR.EST_SPACE_TYPE (EST_SPACE_TYPE, LABEL) VALUES ('preschoolDaycare', 'Preschool Daycare');
	INSERT INTO CSR.EST_SPACE_TYPE (EST_SPACE_TYPE, LABEL) VALUES ('prison', 'Prison');
	INSERT INTO CSR.EST_SPACE_TYPE (EST_SPACE_TYPE, LABEL) VALUES ('raceTrack', 'Race Track');
	INSERT INTO CSR.EST_SPACE_TYPE (EST_SPACE_TYPE, LABEL) VALUES ('refrigeratedWarehouse', 'Refrigerated Warehouse');
	INSERT INTO CSR.EST_SPACE_TYPE (EST_SPACE_TYPE, LABEL) VALUES ('repairServices', 'Repair Services');
	INSERT INTO CSR.EST_SPACE_TYPE (EST_SPACE_TYPE, LABEL) VALUES ('residenceHallDormitory', 'Residence Hall Dormitory');
	INSERT INTO CSR.EST_SPACE_TYPE (EST_SPACE_TYPE, LABEL) VALUES ('residentialCareFacility', 'Residential Care Facility');
	INSERT INTO CSR.EST_SPACE_TYPE (EST_SPACE_TYPE, LABEL) VALUES ('restaurant', 'Restaurant');
	INSERT INTO CSR.EST_SPACE_TYPE (EST_SPACE_TYPE, LABEL) VALUES ('retail', 'Retail');
	INSERT INTO CSR.EST_SPACE_TYPE (EST_SPACE_TYPE, LABEL) VALUES ('rollerRink', 'Roller Rink');
	INSERT INTO CSR.EST_SPACE_TYPE (EST_SPACE_TYPE, LABEL) VALUES ('selfStorageFacility', 'Self Storage Facility');
	INSERT INTO CSR.EST_SPACE_TYPE (EST_SPACE_TYPE, LABEL) VALUES ('seniorCareCommunity', 'Senior Care Community');
	INSERT INTO CSR.EST_SPACE_TYPE (EST_SPACE_TYPE, LABEL) VALUES ('singleFamilyHome', 'Single Family Home');
	INSERT INTO CSR.EST_SPACE_TYPE (EST_SPACE_TYPE, LABEL) VALUES ('socialMeetingHall', 'Social Meeting Hall');
	INSERT INTO CSR.EST_SPACE_TYPE (EST_SPACE_TYPE, LABEL) VALUES ('stadiumClosed', 'Stadium Closed');
	INSERT INTO CSR.EST_SPACE_TYPE (EST_SPACE_TYPE, LABEL) VALUES ('stadiumOpen', 'Stadium Open');
	INSERT INTO CSR.EST_SPACE_TYPE (EST_SPACE_TYPE, LABEL) VALUES ('stripMall', 'Strip Mall');
	INSERT INTO CSR.EST_SPACE_TYPE (EST_SPACE_TYPE, LABEL) VALUES ('supermarket', 'Supermarket');
	INSERT INTO CSR.EST_SPACE_TYPE (EST_SPACE_TYPE, LABEL) VALUES ('swimmingPool', 'Swimming Pool');
	INSERT INTO CSR.EST_SPACE_TYPE (EST_SPACE_TYPE, LABEL) VALUES ('transportationTerminalStation', 'Transportation Terminal Station');
	INSERT INTO CSR.EST_SPACE_TYPE (EST_SPACE_TYPE, LABEL) VALUES ('urgentCareClinicOtherOutpatient', 'Urgent Care Clinic Other Outpatient');
	INSERT INTO CSR.EST_SPACE_TYPE (EST_SPACE_TYPE, LABEL) VALUES ('veterinaryOffice', 'Veterinary Office');
	INSERT INTO CSR.EST_SPACE_TYPE (EST_SPACE_TYPE, LABEL) VALUES ('vocationalSchool', 'Vocational School');
	INSERT INTO CSR.EST_SPACE_TYPE (EST_SPACE_TYPE, LABEL) VALUES ('wastewaterTreatmentPlant', 'Wastewater Treatment Plant');
	INSERT INTO CSR.EST_SPACE_TYPE (EST_SPACE_TYPE, LABEL) VALUES ('wholesaleClubSupercenter', 'Wholesale Club Supercenter');
	INSERT INTO CSR.EST_SPACE_TYPE (EST_SPACE_TYPE, LABEL) VALUES ('worshipFacility', 'Worship Facility');
	INSERT INTO CSR.EST_SPACE_TYPE (EST_SPACE_TYPE, LABEL) VALUES ('zoo', 'Zoo');
END;
/

BEGIN
	INSERT INTO CSR.EST_PROPERTY_TYPE (EST_PROPERTY_TYPE) VALUES ('Adult Education');
	INSERT INTO CSR.EST_PROPERTY_TYPE (EST_PROPERTY_TYPE) VALUES ('Ambulatory Surgical Center');
	INSERT INTO CSR.EST_PROPERTY_TYPE (EST_PROPERTY_TYPE) VALUES ('Aquarium');
	INSERT INTO CSR.EST_PROPERTY_TYPE (EST_PROPERTY_TYPE) VALUES ('Automobile Dealership');
	INSERT INTO CSR.EST_PROPERTY_TYPE (EST_PROPERTY_TYPE) VALUES ('Bank Branch');
	INSERT INTO CSR.EST_PROPERTY_TYPE (EST_PROPERTY_TYPE) VALUES ('Bar/Nightclub');
	INSERT INTO CSR.EST_PROPERTY_TYPE (EST_PROPERTY_TYPE) VALUES ('Barracks');
	INSERT INTO CSR.EST_PROPERTY_TYPE (EST_PROPERTY_TYPE) VALUES ('Bowling Alley');
	INSERT INTO CSR.EST_PROPERTY_TYPE (EST_PROPERTY_TYPE) VALUES ('Casino');
	INSERT INTO CSR.EST_PROPERTY_TYPE (EST_PROPERTY_TYPE) VALUES ('College/University');
	INSERT INTO CSR.EST_PROPERTY_TYPE (EST_PROPERTY_TYPE) VALUES ('Convenience Store with Gas Station');
	INSERT INTO CSR.EST_PROPERTY_TYPE (EST_PROPERTY_TYPE) VALUES ('Convenience Store without Gas Station');
	INSERT INTO CSR.EST_PROPERTY_TYPE (EST_PROPERTY_TYPE) VALUES ('Convention Center');
	INSERT INTO CSR.EST_PROPERTY_TYPE (EST_PROPERTY_TYPE) VALUES ('Courthouse');
	INSERT INTO CSR.EST_PROPERTY_TYPE (EST_PROPERTY_TYPE) VALUES ('Data Center');
	INSERT INTO CSR.EST_PROPERTY_TYPE (EST_PROPERTY_TYPE) VALUES ('Distribution Center');
	INSERT INTO CSR.EST_PROPERTY_TYPE (EST_PROPERTY_TYPE) VALUES ('Drinking Water Treatment '||'&'||' Distribution');
	INSERT INTO CSR.EST_PROPERTY_TYPE (EST_PROPERTY_TYPE) VALUES ('Enclosed Mall');
	INSERT INTO CSR.EST_PROPERTY_TYPE (EST_PROPERTY_TYPE) VALUES ('Energy/Power Station');
	INSERT INTO CSR.EST_PROPERTY_TYPE (EST_PROPERTY_TYPE) VALUES ('Fast Food Restaurant');
	INSERT INTO CSR.EST_PROPERTY_TYPE (EST_PROPERTY_TYPE) VALUES ('Financial Office');
	INSERT INTO CSR.EST_PROPERTY_TYPE (EST_PROPERTY_TYPE) VALUES ('Fire Station');
	INSERT INTO CSR.EST_PROPERTY_TYPE (EST_PROPERTY_TYPE) VALUES ('Fitness Center/Health Club/Gym');
	INSERT INTO CSR.EST_PROPERTY_TYPE (EST_PROPERTY_TYPE) VALUES ('Food Sales');
	INSERT INTO CSR.EST_PROPERTY_TYPE (EST_PROPERTY_TYPE) VALUES ('Food Service');
	INSERT INTO CSR.EST_PROPERTY_TYPE (EST_PROPERTY_TYPE) VALUES ('Hospital (General Medical '||'&'||' Surgical)');
	INSERT INTO CSR.EST_PROPERTY_TYPE (EST_PROPERTY_TYPE) VALUES ('Hotel');
	INSERT INTO CSR.EST_PROPERTY_TYPE (EST_PROPERTY_TYPE) VALUES ('Ice/Curling Rink');
	INSERT INTO CSR.EST_PROPERTY_TYPE (EST_PROPERTY_TYPE) VALUES ('Indoor Arena');
	INSERT INTO CSR.EST_PROPERTY_TYPE (EST_PROPERTY_TYPE) VALUES ('K-12 School');
	INSERT INTO CSR.EST_PROPERTY_TYPE (EST_PROPERTY_TYPE) VALUES ('Laboratory');
	INSERT INTO CSR.EST_PROPERTY_TYPE (EST_PROPERTY_TYPE) VALUES ('Library');
	INSERT INTO CSR.EST_PROPERTY_TYPE (EST_PROPERTY_TYPE) VALUES ('Lifestyle Center');
	INSERT INTO CSR.EST_PROPERTY_TYPE (EST_PROPERTY_TYPE) VALUES ('Mailing Center/Post Office');
	INSERT INTO CSR.EST_PROPERTY_TYPE (EST_PROPERTY_TYPE) VALUES ('Manufacturing/Industrial Plant');
	INSERT INTO CSR.EST_PROPERTY_TYPE (EST_PROPERTY_TYPE) VALUES ('Medical Office');
	INSERT INTO CSR.EST_PROPERTY_TYPE (EST_PROPERTY_TYPE) VALUES ('Mixed Use Property');
	INSERT INTO CSR.EST_PROPERTY_TYPE (EST_PROPERTY_TYPE) VALUES ('Movie Theater');
	INSERT INTO CSR.EST_PROPERTY_TYPE (EST_PROPERTY_TYPE) VALUES ('Multifamily Housing');
	INSERT INTO CSR.EST_PROPERTY_TYPE (EST_PROPERTY_TYPE) VALUES ('Museum');
	INSERT INTO CSR.EST_PROPERTY_TYPE (EST_PROPERTY_TYPE) VALUES ('Non-Refrigerated Warehouse');
	INSERT INTO CSR.EST_PROPERTY_TYPE (EST_PROPERTY_TYPE) VALUES ('Office');
	INSERT INTO CSR.EST_PROPERTY_TYPE (EST_PROPERTY_TYPE) VALUES ('Other');
	INSERT INTO CSR.EST_PROPERTY_TYPE (EST_PROPERTY_TYPE) VALUES ('Other - Education');
	INSERT INTO CSR.EST_PROPERTY_TYPE (EST_PROPERTY_TYPE) VALUES ('Other - Entertainment/Public Assembly');
	INSERT INTO CSR.EST_PROPERTY_TYPE (EST_PROPERTY_TYPE) VALUES ('Other - Lodging/Residential');
	INSERT INTO CSR.EST_PROPERTY_TYPE (EST_PROPERTY_TYPE) VALUES ('Other - Mall');
	INSERT INTO CSR.EST_PROPERTY_TYPE (EST_PROPERTY_TYPE) VALUES ('Other - Public Services');
	INSERT INTO CSR.EST_PROPERTY_TYPE (EST_PROPERTY_TYPE) VALUES ('Other - Recreation');
	INSERT INTO CSR.EST_PROPERTY_TYPE (EST_PROPERTY_TYPE) VALUES ('Other - Restaurant/Bar');
	INSERT INTO CSR.EST_PROPERTY_TYPE (EST_PROPERTY_TYPE) VALUES ('Other - Services');
	INSERT INTO CSR.EST_PROPERTY_TYPE (EST_PROPERTY_TYPE) VALUES ('Other - Stadium');
	INSERT INTO CSR.EST_PROPERTY_TYPE (EST_PROPERTY_TYPE) VALUES ('Other - Technology/Science');
	INSERT INTO CSR.EST_PROPERTY_TYPE (EST_PROPERTY_TYPE) VALUES ('Other - Utility');
	INSERT INTO CSR.EST_PROPERTY_TYPE (EST_PROPERTY_TYPE) VALUES ('Other/Specialty Hospital');
	INSERT INTO CSR.EST_PROPERTY_TYPE (EST_PROPERTY_TYPE) VALUES ('Outpatient Rehabilitation/Physical Therapy');
	INSERT INTO CSR.EST_PROPERTY_TYPE (EST_PROPERTY_TYPE) VALUES ('Parking');
	INSERT INTO CSR.EST_PROPERTY_TYPE (EST_PROPERTY_TYPE) VALUES ('Performing Arts');
	INSERT INTO CSR.EST_PROPERTY_TYPE (EST_PROPERTY_TYPE) VALUES ('Personal Services (Health/Beauty, Dry Cleaning, etc)');
	INSERT INTO CSR.EST_PROPERTY_TYPE (EST_PROPERTY_TYPE) VALUES ('Police Station');
	INSERT INTO CSR.EST_PROPERTY_TYPE (EST_PROPERTY_TYPE) VALUES ('Pre-school/Daycare');
	INSERT INTO CSR.EST_PROPERTY_TYPE (EST_PROPERTY_TYPE) VALUES ('Prison/Incarceration');
	INSERT INTO CSR.EST_PROPERTY_TYPE (EST_PROPERTY_TYPE) VALUES ('Race Track');
	INSERT INTO CSR.EST_PROPERTY_TYPE (EST_PROPERTY_TYPE) VALUES ('Refrigerated Warehouse');
	INSERT INTO CSR.EST_PROPERTY_TYPE (EST_PROPERTY_TYPE) VALUES ('Repair Services (Vehicle, Shoe, Locksmith, etc)');
	INSERT INTO CSR.EST_PROPERTY_TYPE (EST_PROPERTY_TYPE) VALUES ('Residence Hall/Dormitory');
	INSERT INTO CSR.EST_PROPERTY_TYPE (EST_PROPERTY_TYPE) VALUES ('Residential Care Facility');
	INSERT INTO CSR.EST_PROPERTY_TYPE (EST_PROPERTY_TYPE) VALUES ('Restaurant');
	INSERT INTO CSR.EST_PROPERTY_TYPE (EST_PROPERTY_TYPE) VALUES ('Retail Store');
	INSERT INTO CSR.EST_PROPERTY_TYPE (EST_PROPERTY_TYPE) VALUES ('Roller Rink');
	INSERT INTO CSR.EST_PROPERTY_TYPE (EST_PROPERTY_TYPE) VALUES ('Self-Storage Facility');
	INSERT INTO CSR.EST_PROPERTY_TYPE (EST_PROPERTY_TYPE) VALUES ('Senior Care Community');
	INSERT INTO CSR.EST_PROPERTY_TYPE (EST_PROPERTY_TYPE) VALUES ('Single Family Home');
	INSERT INTO CSR.EST_PROPERTY_TYPE (EST_PROPERTY_TYPE) VALUES ('Social/Meeting Hall');
	INSERT INTO CSR.EST_PROPERTY_TYPE (EST_PROPERTY_TYPE) VALUES ('Stadium (Closed)');
	INSERT INTO CSR.EST_PROPERTY_TYPE (EST_PROPERTY_TYPE) VALUES ('Stadium (Open)');
	INSERT INTO CSR.EST_PROPERTY_TYPE (EST_PROPERTY_TYPE) VALUES ('Strip Mall');
	INSERT INTO CSR.EST_PROPERTY_TYPE (EST_PROPERTY_TYPE) VALUES ('Supermarket/Grocery Store');
	INSERT INTO CSR.EST_PROPERTY_TYPE (EST_PROPERTY_TYPE) VALUES ('Swimming Pool');
	INSERT INTO CSR.EST_PROPERTY_TYPE (EST_PROPERTY_TYPE) VALUES ('Transportation Terminal/Station');
	INSERT INTO CSR.EST_PROPERTY_TYPE (EST_PROPERTY_TYPE) VALUES ('Urgent Care/Clinic/Other Outpatient');
	INSERT INTO CSR.EST_PROPERTY_TYPE (EST_PROPERTY_TYPE) VALUES ('Veterinary Office');
	INSERT INTO CSR.EST_PROPERTY_TYPE (EST_PROPERTY_TYPE) VALUES ('Vocational School');
	INSERT INTO CSR.EST_PROPERTY_TYPE (EST_PROPERTY_TYPE) VALUES ('Wastewater Treatment Plant');
	INSERT INTO CSR.EST_PROPERTY_TYPE (EST_PROPERTY_TYPE) VALUES ('Wholesale Club/Supercenter');
	INSERT INTO CSR.EST_PROPERTY_TYPE (EST_PROPERTY_TYPE) VALUES ('Worship Facility');
	INSERT INTO CSR.EST_PROPERTY_TYPE (EST_PROPERTY_TYPE) VALUES ('Zoo');
END;
/

BEGIN
	INSERT INTO CSR.EST_SPACE_TYPE_ATTR (EST_SPACE_TYPE, ATTR_NAME, IS_MANDATORY) VALUES ('supermarket', 'areaOfAllWalkInRefrigerationUnits', 0);
	INSERT INTO CSR.EST_SPACE_TYPE_ATTR (EST_SPACE_TYPE, ATTR_NAME, IS_MANDATORY) VALUES ('supermarket', 'lengthOfAllOpenClosedRefrigerationUnits', 0);
	INSERT INTO CSR.EST_SPACE_TYPE_ATTR (EST_SPACE_TYPE, ATTR_NAME, IS_MANDATORY) VALUES ('foodSales', 'cookingFacilities', 0);
	INSERT INTO CSR.EST_SPACE_TYPE_ATTR (EST_SPACE_TYPE, ATTR_NAME, IS_MANDATORY) VALUES ('foodSales', 'numberOfWalkInRefrigerationUnits', 0);
	INSERT INTO CSR.EST_SPACE_TYPE_ATTR (EST_SPACE_TYPE, ATTR_NAME, IS_MANDATORY) VALUES ('foodSales', 'numberOfOpenClosedRefrigerationUnits', 0);
	INSERT INTO CSR.EST_SPACE_TYPE_ATTR (EST_SPACE_TYPE, ATTR_NAME, IS_MANDATORY) VALUES ('foodSales', 'numberOfCashRegisters', 0);
	INSERT INTO CSR.EST_SPACE_TYPE_ATTR (EST_SPACE_TYPE, ATTR_NAME, IS_MANDATORY) VALUES ('foodSales', 'percentCooled', 0);
	INSERT INTO CSR.EST_SPACE_TYPE_ATTR (EST_SPACE_TYPE, ATTR_NAME, IS_MANDATORY) VALUES ('foodSales', 'percentHeated', 0);
	INSERT INTO CSR.EST_SPACE_TYPE_ATTR (EST_SPACE_TYPE, ATTR_NAME, IS_MANDATORY) VALUES ('foodSales', 'areaOfAllWalkInRefrigerationUnits', 0);
	INSERT INTO CSR.EST_SPACE_TYPE_ATTR (EST_SPACE_TYPE, ATTR_NAME, IS_MANDATORY) VALUES ('foodSales', 'lengthOfAllOpenClosedRefrigerationUnits', 0);
	INSERT INTO CSR.EST_SPACE_TYPE_ATTR (EST_SPACE_TYPE, ATTR_NAME, IS_MANDATORY) VALUES ('convenienceStoreWithGasStation', 'cookingFacilities', 0);
	INSERT INTO CSR.EST_SPACE_TYPE_ATTR (EST_SPACE_TYPE, ATTR_NAME, IS_MANDATORY) VALUES ('convenienceStoreWithGasStation', 'numberOfWalkInRefrigerationUnits', 0);
	INSERT INTO CSR.EST_SPACE_TYPE_ATTR (EST_SPACE_TYPE, ATTR_NAME, IS_MANDATORY) VALUES ('convenienceStoreWithGasStation', 'numberOfOpenClosedRefrigerationUnits', 0);
	INSERT INTO CSR.EST_SPACE_TYPE_ATTR (EST_SPACE_TYPE, ATTR_NAME, IS_MANDATORY) VALUES ('convenienceStoreWithGasStation', 'numberOfCashRegisters', 0);
	INSERT INTO CSR.EST_SPACE_TYPE_ATTR (EST_SPACE_TYPE, ATTR_NAME, IS_MANDATORY) VALUES ('convenienceStoreWithGasStation', 'percentCooled', 0);
	INSERT INTO CSR.EST_SPACE_TYPE_ATTR (EST_SPACE_TYPE, ATTR_NAME, IS_MANDATORY) VALUES ('convenienceStoreWithGasStation', 'percentHeated', 0);
	INSERT INTO CSR.EST_SPACE_TYPE_ATTR (EST_SPACE_TYPE, ATTR_NAME, IS_MANDATORY) VALUES ('convenienceStoreWithGasStation', 'areaOfAllWalkInRefrigerationUnits', 0);
	INSERT INTO CSR.EST_SPACE_TYPE_ATTR (EST_SPACE_TYPE, ATTR_NAME, IS_MANDATORY) VALUES ('convenienceStoreWithGasStation', 'lengthOfAllOpenClosedRefrigerationUnits', 0);
	INSERT INTO CSR.EST_SPACE_TYPE_ATTR (EST_SPACE_TYPE, ATTR_NAME, IS_MANDATORY) VALUES ('convenienceStoreWithoutGasStation', 'cookingFacilities', 0);
	INSERT INTO CSR.EST_SPACE_TYPE_ATTR (EST_SPACE_TYPE, ATTR_NAME, IS_MANDATORY) VALUES ('convenienceStoreWithoutGasStation', 'numberOfWalkInRefrigerationUnits', 0);
	INSERT INTO CSR.EST_SPACE_TYPE_ATTR (EST_SPACE_TYPE, ATTR_NAME, IS_MANDATORY) VALUES ('convenienceStoreWithoutGasStation', 'numberOfOpenClosedRefrigerationUnits', 0);
	INSERT INTO CSR.EST_SPACE_TYPE_ATTR (EST_SPACE_TYPE, ATTR_NAME, IS_MANDATORY) VALUES ('convenienceStoreWithoutGasStation', 'numberOfCashRegisters', 0);
	INSERT INTO CSR.EST_SPACE_TYPE_ATTR (EST_SPACE_TYPE, ATTR_NAME, IS_MANDATORY) VALUES ('convenienceStoreWithoutGasStation', 'percentCooled', 0);
	INSERT INTO CSR.EST_SPACE_TYPE_ATTR (EST_SPACE_TYPE, ATTR_NAME, IS_MANDATORY) VALUES ('convenienceStoreWithoutGasStation', 'percentHeated', 0);
	INSERT INTO CSR.EST_SPACE_TYPE_ATTR (EST_SPACE_TYPE, ATTR_NAME, IS_MANDATORY) VALUES ('convenienceStoreWithoutGasStation', 'areaOfAllWalkInRefrigerationUnits', 0);
	INSERT INTO CSR.EST_SPACE_TYPE_ATTR (EST_SPACE_TYPE, ATTR_NAME, IS_MANDATORY) VALUES ('convenienceStoreWithoutGasStation', 'lengthOfAllOpenClosedRefrigerationUnits', 0);
	INSERT INTO CSR.EST_SPACE_TYPE_ATTR (EST_SPACE_TYPE, ATTR_NAME, IS_MANDATORY) VALUES ('retail', 'areaOfAllWalkInRefrigerationUnits', 0);
	INSERT INTO CSR.EST_SPACE_TYPE_ATTR (EST_SPACE_TYPE, ATTR_NAME, IS_MANDATORY) VALUES ('retail', 'lengthOfAllOpenClosedRefrigerationUnits', 0);
	INSERT INTO CSR.EST_SPACE_TYPE_ATTR (EST_SPACE_TYPE, ATTR_NAME, IS_MANDATORY) VALUES ('retail', 'cookingFacilities', 0);
	INSERT INTO CSR.EST_SPACE_TYPE_ATTR (EST_SPACE_TYPE, ATTR_NAME, IS_MANDATORY) VALUES ('wholesaleClubSupercenter', 'singleStore', 0);
	INSERT INTO CSR.EST_SPACE_TYPE_ATTR (EST_SPACE_TYPE, ATTR_NAME, IS_MANDATORY) VALUES ('wholesaleClubSupercenter', 'areaOfAllWalkInRefrigerationUnits', 0);
	INSERT INTO CSR.EST_SPACE_TYPE_ATTR (EST_SPACE_TYPE, ATTR_NAME, IS_MANDATORY) VALUES ('wholesaleClubSupercenter', 'lengthOfAllOpenClosedRefrigerationUnits', 0);
	INSERT INTO CSR.EST_SPACE_TYPE_ATTR (EST_SPACE_TYPE, ATTR_NAME, IS_MANDATORY) VALUES ('wholesaleClubSupercenter', 'cookingFacilities', 0);
	INSERT INTO CSR.EST_SPACE_TYPE_ATTR (EST_SPACE_TYPE, ATTR_NAME, IS_MANDATORY) VALUES ('seniorCareCommunity', 'licensedBedCapacity', 0);
	INSERT INTO CSR.EST_SPACE_TYPE_ATTR (EST_SPACE_TYPE, ATTR_NAME, IS_MANDATORY) VALUES ('residentialCareFacility', 'totalGrossFloorArea', 1);
	INSERT INTO CSR.EST_SPACE_TYPE_ATTR (EST_SPACE_TYPE, ATTR_NAME, IS_MANDATORY) VALUES ('residentialCareFacility', 'numberOfResidentialLivingUnits', 0);
	INSERT INTO CSR.EST_SPACE_TYPE_ATTR (EST_SPACE_TYPE, ATTR_NAME, IS_MANDATORY) VALUES ('residentialCareFacility', 'averageNumberOfResidents', 0);
	INSERT INTO CSR.EST_SPACE_TYPE_ATTR (EST_SPACE_TYPE, ATTR_NAME, IS_MANDATORY) VALUES ('residentialCareFacility', 'maximumResidentCapacity', 0);
	INSERT INTO CSR.EST_SPACE_TYPE_ATTR (EST_SPACE_TYPE, ATTR_NAME, IS_MANDATORY) VALUES ('residentialCareFacility', 'numberOfWorkers', 0);
	INSERT INTO CSR.EST_SPACE_TYPE_ATTR (EST_SPACE_TYPE, ATTR_NAME, IS_MANDATORY) VALUES ('residentialCareFacility', 'numberOfComputers', 0);
	INSERT INTO CSR.EST_SPACE_TYPE_ATTR (EST_SPACE_TYPE, ATTR_NAME, IS_MANDATORY) VALUES ('residentialCareFacility', 'numberOfCommercialRefrigerationUnits', 0);
	INSERT INTO CSR.EST_SPACE_TYPE_ATTR (EST_SPACE_TYPE, ATTR_NAME, IS_MANDATORY) VALUES ('residentialCareFacility', 'numberOfCommercialWashingMachines', 0);
	INSERT INTO CSR.EST_SPACE_TYPE_ATTR (EST_SPACE_TYPE, ATTR_NAME, IS_MANDATORY) VALUES ('residentialCareFacility', 'numberOfResidentialWashingMachines', 0);
	INSERT INTO CSR.EST_SPACE_TYPE_ATTR (EST_SPACE_TYPE, ATTR_NAME, IS_MANDATORY) VALUES ('residentialCareFacility', 'numberOfResidentialLiftSystems', 0);
	INSERT INTO CSR.EST_SPACE_TYPE_ATTR (EST_SPACE_TYPE, ATTR_NAME, IS_MANDATORY) VALUES ('residentialCareFacility', 'percentCooled', 0);
	INSERT INTO CSR.EST_SPACE_TYPE_ATTR (EST_SPACE_TYPE, ATTR_NAME, IS_MANDATORY) VALUES ('residentialCareFacility', 'percentHeated', 0);
	INSERT INTO CSR.EST_SPACE_TYPE_ATTR (EST_SPACE_TYPE, ATTR_NAME, IS_MANDATORY) VALUES ('residentialCareFacility', 'licensedBedCapacity', 0);
	INSERT INTO CSR.EST_SPACE_TYPE_ATTR (EST_SPACE_TYPE, ATTR_NAME, IS_MANDATORY) VALUES ('refrigeratedWarehouse', 'totalGrossFloorArea', 1);
	INSERT INTO CSR.EST_SPACE_TYPE_ATTR (EST_SPACE_TYPE, ATTR_NAME, IS_MANDATORY) VALUES ('refrigeratedWarehouse', 'numberOfWorkers', 0);
	INSERT INTO CSR.EST_SPACE_TYPE_ATTR (EST_SPACE_TYPE, ATTR_NAME, IS_MANDATORY) VALUES ('refrigeratedWarehouse', 'weeklyOperatingHours', 0);
	INSERT INTO CSR.EST_SPACE_TYPE_ATTR (EST_SPACE_TYPE, ATTR_NAME, IS_MANDATORY) VALUES ('retail', 'totalGrossFloorArea', 1);
	INSERT INTO CSR.EST_SPACE_TYPE_ATTR (EST_SPACE_TYPE, ATTR_NAME, IS_MANDATORY) VALUES ('retail', 'weeklyOperatingHours', 0);
	INSERT INTO CSR.EST_SPACE_TYPE_ATTR (EST_SPACE_TYPE, ATTR_NAME, IS_MANDATORY) VALUES ('retail', 'numberOfWorkers', 0);
	INSERT INTO CSR.EST_SPACE_TYPE_ATTR (EST_SPACE_TYPE, ATTR_NAME, IS_MANDATORY) VALUES ('retail', 'numberOfComputers', 0);
	INSERT INTO CSR.EST_SPACE_TYPE_ATTR (EST_SPACE_TYPE, ATTR_NAME, IS_MANDATORY) VALUES ('retail', 'numberOfCashRegisters', 0);
	INSERT INTO CSR.EST_SPACE_TYPE_ATTR (EST_SPACE_TYPE, ATTR_NAME, IS_MANDATORY) VALUES ('retail', 'numberOfWalkInRefrigerationUnits', 0);
	INSERT INTO CSR.EST_SPACE_TYPE_ATTR (EST_SPACE_TYPE, ATTR_NAME, IS_MANDATORY) VALUES ('retail', 'numberOfOpenClosedRefrigerationUnits', 0);
	INSERT INTO CSR.EST_SPACE_TYPE_ATTR (EST_SPACE_TYPE, ATTR_NAME, IS_MANDATORY) VALUES ('retail', 'percentCooled', 0);
	INSERT INTO CSR.EST_SPACE_TYPE_ATTR (EST_SPACE_TYPE, ATTR_NAME, IS_MANDATORY) VALUES ('retail', 'percentHeated', 0);
	INSERT INTO CSR.EST_SPACE_TYPE_ATTR (EST_SPACE_TYPE, ATTR_NAME, IS_MANDATORY) VALUES ('retail', 'singleStore', 0);
	INSERT INTO CSR.EST_SPACE_TYPE_ATTR (EST_SPACE_TYPE, ATTR_NAME, IS_MANDATORY) VALUES ('retail', 'exteriorEntranceToThePublic', 0);
	INSERT INTO CSR.EST_SPACE_TYPE_ATTR (EST_SPACE_TYPE, ATTR_NAME, IS_MANDATORY) VALUES ('hospital', 'totalGrossFloorArea', 1);
	INSERT INTO CSR.EST_SPACE_TYPE_ATTR (EST_SPACE_TYPE, ATTR_NAME, IS_MANDATORY) VALUES ('hospital', 'hasLaboratory', 0);
	INSERT INTO CSR.EST_SPACE_TYPE_ATTR (EST_SPACE_TYPE, ATTR_NAME, IS_MANDATORY) VALUES ('hospital', 'onSiteLaundryFacility', 0);
	INSERT INTO CSR.EST_SPACE_TYPE_ATTR (EST_SPACE_TYPE, ATTR_NAME, IS_MANDATORY) VALUES ('hospital', 'maximumNumberOfFloors', 0);
	INSERT INTO CSR.EST_SPACE_TYPE_ATTR (EST_SPACE_TYPE, ATTR_NAME, IS_MANDATORY) VALUES ('hospital', 'numberOfStaffedBeds', 0);
	INSERT INTO CSR.EST_SPACE_TYPE_ATTR (EST_SPACE_TYPE, ATTR_NAME, IS_MANDATORY) VALUES ('hospital', 'numberOfFTEWorkers', 0);
	INSERT INTO CSR.EST_SPACE_TYPE_ATTR (EST_SPACE_TYPE, ATTR_NAME, IS_MANDATORY) VALUES ('hospital', 'numberOfMriMachines', 0);
	INSERT INTO CSR.EST_SPACE_TYPE_ATTR (EST_SPACE_TYPE, ATTR_NAME, IS_MANDATORY) VALUES ('hospital', 'ownedBy', 0);
	INSERT INTO CSR.EST_SPACE_TYPE_ATTR (EST_SPACE_TYPE, ATTR_NAME, IS_MANDATORY) VALUES ('hospital', 'isTertiaryCare', 0);
	INSERT INTO CSR.EST_SPACE_TYPE_ATTR (EST_SPACE_TYPE, ATTR_NAME, IS_MANDATORY) VALUES ('hospital', 'licensedBedCapacity', 0);
	INSERT INTO CSR.EST_SPACE_TYPE_ATTR (EST_SPACE_TYPE, ATTR_NAME, IS_MANDATORY) VALUES ('hospital', 'numberOfWorkers', 0);
	INSERT INTO CSR.EST_SPACE_TYPE_ATTR (EST_SPACE_TYPE, ATTR_NAME, IS_MANDATORY) VALUES ('hospital', 'percentCooled', 0);
	INSERT INTO CSR.EST_SPACE_TYPE_ATTR (EST_SPACE_TYPE, ATTR_NAME, IS_MANDATORY) VALUES ('hospital', 'percentHeated', 0);
	INSERT INTO CSR.EST_SPACE_TYPE_ATTR (EST_SPACE_TYPE, ATTR_NAME, IS_MANDATORY) VALUES ('medicalOffice', 'totalGrossFloorArea', 1);
	INSERT INTO CSR.EST_SPACE_TYPE_ATTR (EST_SPACE_TYPE, ATTR_NAME, IS_MANDATORY) VALUES ('medicalOffice', 'numberOfWorkers', 0);
	INSERT INTO CSR.EST_SPACE_TYPE_ATTR (EST_SPACE_TYPE, ATTR_NAME, IS_MANDATORY) VALUES ('medicalOffice', 'percentCooled', 0);
	INSERT INTO CSR.EST_SPACE_TYPE_ATTR (EST_SPACE_TYPE, ATTR_NAME, IS_MANDATORY) VALUES ('medicalOffice', 'percentHeated', 0);
	INSERT INTO CSR.EST_SPACE_TYPE_ATTR (EST_SPACE_TYPE, ATTR_NAME, IS_MANDATORY) VALUES ('medicalOffice', 'weeklyOperatingHours', 0);
	INSERT INTO CSR.EST_SPACE_TYPE_ATTR (EST_SPACE_TYPE, ATTR_NAME, IS_MANDATORY) VALUES ('medicalOffice', 'numberOfSurgicalOperatingBeds', 0);
	INSERT INTO CSR.EST_SPACE_TYPE_ATTR (EST_SPACE_TYPE, ATTR_NAME, IS_MANDATORY) VALUES ('medicalOffice', 'surgeryCenterFloorArea', 0);
	INSERT INTO CSR.EST_SPACE_TYPE_ATTR (EST_SPACE_TYPE, ATTR_NAME, IS_MANDATORY) VALUES ('medicalOffice', 'numberOfMriMachines', 0);
	INSERT INTO CSR.EST_SPACE_TYPE_ATTR (EST_SPACE_TYPE, ATTR_NAME, IS_MANDATORY) VALUES ('dataCenter', 'totalGrossFloorArea', 1);
	INSERT INTO CSR.EST_SPACE_TYPE_ATTR (EST_SPACE_TYPE, ATTR_NAME, IS_MANDATORY) VALUES ('dataCenter', 'coolingEquipmentRedundancy', 0);
	INSERT INTO CSR.EST_SPACE_TYPE_ATTR (EST_SPACE_TYPE, ATTR_NAME, IS_MANDATORY) VALUES ('dataCenter', 'itEnergyMeterConfiguration', 0);
	INSERT INTO CSR.EST_SPACE_TYPE_ATTR (EST_SPACE_TYPE, ATTR_NAME, IS_MANDATORY) VALUES ('dataCenter', 'upsSystemRedundancy', 0);
	INSERT INTO CSR.EST_SPACE_TYPE_ATTR (EST_SPACE_TYPE, ATTR_NAME, IS_MANDATORY) VALUES ('courthouse', 'totalGrossFloorArea', 1);
	INSERT INTO CSR.EST_SPACE_TYPE_ATTR (EST_SPACE_TYPE, ATTR_NAME, IS_MANDATORY) VALUES ('courthouse', 'numberOfComputers', 0);
	INSERT INTO CSR.EST_SPACE_TYPE_ATTR (EST_SPACE_TYPE, ATTR_NAME, IS_MANDATORY) VALUES ('courthouse', 'percentOfficeCooled', 0);
	INSERT INTO CSR.EST_SPACE_TYPE_ATTR (EST_SPACE_TYPE, ATTR_NAME, IS_MANDATORY) VALUES ('courthouse', 'percentOfficeHeated', 0);
	INSERT INTO CSR.EST_SPACE_TYPE_ATTR (EST_SPACE_TYPE, ATTR_NAME, IS_MANDATORY) VALUES ('courthouse', 'weeklyOperatingHours', 0);
	INSERT INTO CSR.EST_SPACE_TYPE_ATTR (EST_SPACE_TYPE, ATTR_NAME, IS_MANDATORY) VALUES ('courthouse', 'numberOfWorkers', 0);
	INSERT INTO CSR.EST_SPACE_TYPE_ATTR (EST_SPACE_TYPE, ATTR_NAME, IS_MANDATORY) VALUES ('singleFamilyHome', 'totalGrossFloorArea', 1);
	INSERT INTO CSR.EST_SPACE_TYPE_ATTR (EST_SPACE_TYPE, ATTR_NAME, IS_MANDATORY) VALUES ('singleFamilyHome', 'numberOfBedrooms', 0);
	INSERT INTO CSR.EST_SPACE_TYPE_ATTR (EST_SPACE_TYPE, ATTR_NAME, IS_MANDATORY) VALUES ('singleFamilyHome', 'numberOfPeople', 0);
	INSERT INTO CSR.EST_SPACE_TYPE_ATTR (EST_SPACE_TYPE, ATTR_NAME, IS_MANDATORY) VALUES ('nonRefrigeratedWarehouse', 'totalGrossFloorArea', 1);
	INSERT INTO CSR.EST_SPACE_TYPE_ATTR (EST_SPACE_TYPE, ATTR_NAME, IS_MANDATORY) VALUES ('nonRefrigeratedWarehouse', 'numberOfWorkers', 0);
	INSERT INTO CSR.EST_SPACE_TYPE_ATTR (EST_SPACE_TYPE, ATTR_NAME, IS_MANDATORY) VALUES ('nonRefrigeratedWarehouse', 'weeklyOperatingHours', 0);
	INSERT INTO CSR.EST_SPACE_TYPE_ATTR (EST_SPACE_TYPE, ATTR_NAME, IS_MANDATORY) VALUES ('nonRefrigeratedWarehouse', 'percentCooled', 0);
	INSERT INTO CSR.EST_SPACE_TYPE_ATTR (EST_SPACE_TYPE, ATTR_NAME, IS_MANDATORY) VALUES ('nonRefrigeratedWarehouse', 'percentHeated', 0);
	INSERT INTO CSR.EST_SPACE_TYPE_ATTR (EST_SPACE_TYPE, ATTR_NAME, IS_MANDATORY) VALUES ('nonRefrigeratedWarehouse', 'numberOfWalkInRefrigerationUnits', 0);
	INSERT INTO CSR.EST_SPACE_TYPE_ATTR (EST_SPACE_TYPE, ATTR_NAME, IS_MANDATORY) VALUES ('multifamilyHousing', 'totalGrossFloorArea', 1);
	INSERT INTO CSR.EST_SPACE_TYPE_ATTR (EST_SPACE_TYPE, ATTR_NAME, IS_MANDATORY) VALUES ('multifamilyHousing', 'numberOfResidentialLivingUnits', 0);
	INSERT INTO CSR.EST_SPACE_TYPE_ATTR (EST_SPACE_TYPE, ATTR_NAME, IS_MANDATORY) VALUES ('multifamilyHousing', 'numberOfBedrooms', 0);
	INSERT INTO CSR.EST_SPACE_TYPE_ATTR (EST_SPACE_TYPE, ATTR_NAME, IS_MANDATORY) VALUES ('multifamilyHousing', 'numberOfResidentialLivingUnitsMidRiseSetting', 0);
	INSERT INTO CSR.EST_SPACE_TYPE_ATTR (EST_SPACE_TYPE, ATTR_NAME, IS_MANDATORY) VALUES ('multifamilyHousing', 'numberOfLaundryHookupsInAllUnits', 0);
	INSERT INTO CSR.EST_SPACE_TYPE_ATTR (EST_SPACE_TYPE, ATTR_NAME, IS_MANDATORY) VALUES ('multifamilyHousing', 'numberOfLaundryHookupsInCommonArea', 0);
	INSERT INTO CSR.EST_SPACE_TYPE_ATTR (EST_SPACE_TYPE, ATTR_NAME, IS_MANDATORY) VALUES ('multifamilyHousing', 'numberOfResidentialLivingUnitsLowRiseSetting', 0);
	INSERT INTO CSR.EST_SPACE_TYPE_ATTR (EST_SPACE_TYPE, ATTR_NAME, IS_MANDATORY) VALUES ('multifamilyHousing', 'percentHeated', 0);
	INSERT INTO CSR.EST_SPACE_TYPE_ATTR (EST_SPACE_TYPE, ATTR_NAME, IS_MANDATORY) VALUES ('multifamilyHousing', 'percentCooled', 0);
	INSERT INTO CSR.EST_SPACE_TYPE_ATTR (EST_SPACE_TYPE, ATTR_NAME, IS_MANDATORY) VALUES ('multifamilyHousing', 'numberOfResidentialLivingUnitsHighRiseSetting', 0);
	INSERT INTO CSR.EST_SPACE_TYPE_ATTR (EST_SPACE_TYPE, ATTR_NAME, IS_MANDATORY) VALUES ('multifamilyHousing', 'residentPopulation', 0);
	INSERT INTO CSR.EST_SPACE_TYPE_ATTR (EST_SPACE_TYPE, ATTR_NAME, IS_MANDATORY) VALUES ('multifamilyHousing', 'governmentSubsidizedHousing', 0);
	INSERT INTO CSR.EST_SPACE_TYPE_ATTR (EST_SPACE_TYPE, ATTR_NAME, IS_MANDATORY) VALUES ('office', 'totalGrossFloorArea', 1);
	INSERT INTO CSR.EST_SPACE_TYPE_ATTR (EST_SPACE_TYPE, ATTR_NAME, IS_MANDATORY) VALUES ('office', 'weeklyOperatingHours', 0);
	INSERT INTO CSR.EST_SPACE_TYPE_ATTR (EST_SPACE_TYPE, ATTR_NAME, IS_MANDATORY) VALUES ('office', 'numberOfWorkers', 0);
	INSERT INTO CSR.EST_SPACE_TYPE_ATTR (EST_SPACE_TYPE, ATTR_NAME, IS_MANDATORY) VALUES ('office', 'numberOfComputers', 0);
	INSERT INTO CSR.EST_SPACE_TYPE_ATTR (EST_SPACE_TYPE, ATTR_NAME, IS_MANDATORY) VALUES ('office', 'percentOfficeCooled', 0);
	INSERT INTO CSR.EST_SPACE_TYPE_ATTR (EST_SPACE_TYPE, ATTR_NAME, IS_MANDATORY) VALUES ('office', 'percentOfficeHeated', 0);
	INSERT INTO CSR.EST_SPACE_TYPE_ATTR (EST_SPACE_TYPE, ATTR_NAME, IS_MANDATORY) VALUES ('wholesaleClubSupercenter', 'totalGrossFloorArea', 1);
	INSERT INTO CSR.EST_SPACE_TYPE_ATTR (EST_SPACE_TYPE, ATTR_NAME, IS_MANDATORY) VALUES ('wholesaleClubSupercenter', 'exteriorEntranceToThePublic', 0);
	INSERT INTO CSR.EST_SPACE_TYPE_ATTR (EST_SPACE_TYPE, ATTR_NAME, IS_MANDATORY) VALUES ('wholesaleClubSupercenter', 'weeklyOperatingHours', 0);
	INSERT INTO CSR.EST_SPACE_TYPE_ATTR (EST_SPACE_TYPE, ATTR_NAME, IS_MANDATORY) VALUES ('wholesaleClubSupercenter', 'numberOfWorkers', 0);
	INSERT INTO CSR.EST_SPACE_TYPE_ATTR (EST_SPACE_TYPE, ATTR_NAME, IS_MANDATORY) VALUES ('wholesaleClubSupercenter', 'numberOfCashRegisters', 0);
	INSERT INTO CSR.EST_SPACE_TYPE_ATTR (EST_SPACE_TYPE, ATTR_NAME, IS_MANDATORY) VALUES ('wholesaleClubSupercenter', 'numberOfComputers', 0);
	INSERT INTO CSR.EST_SPACE_TYPE_ATTR (EST_SPACE_TYPE, ATTR_NAME, IS_MANDATORY) VALUES ('wholesaleClubSupercenter', 'numberOfOpenClosedRefrigerationUnits', 0);
	INSERT INTO CSR.EST_SPACE_TYPE_ATTR (EST_SPACE_TYPE, ATTR_NAME, IS_MANDATORY) VALUES ('wholesaleClubSupercenter', 'numberOfWalkInRefrigerationUnits', 0);
	INSERT INTO CSR.EST_SPACE_TYPE_ATTR (EST_SPACE_TYPE, ATTR_NAME, IS_MANDATORY) VALUES ('wholesaleClubSupercenter', 'percentHeated', 0);
	INSERT INTO CSR.EST_SPACE_TYPE_ATTR (EST_SPACE_TYPE, ATTR_NAME, IS_MANDATORY) VALUES ('wholesaleClubSupercenter', 'percentCooled', 0);
	INSERT INTO CSR.EST_SPACE_TYPE_ATTR (EST_SPACE_TYPE, ATTR_NAME, IS_MANDATORY) VALUES ('seniorCareCommunity', 'totalGrossFloorArea', 1);
	INSERT INTO CSR.EST_SPACE_TYPE_ATTR (EST_SPACE_TYPE, ATTR_NAME, IS_MANDATORY) VALUES ('seniorCareCommunity', 'numberOfResidentialLivingUnits', 0);
	INSERT INTO CSR.EST_SPACE_TYPE_ATTR (EST_SPACE_TYPE, ATTR_NAME, IS_MANDATORY) VALUES ('seniorCareCommunity', 'averageNumberOfResidents', 0);
	INSERT INTO CSR.EST_SPACE_TYPE_ATTR (EST_SPACE_TYPE, ATTR_NAME, IS_MANDATORY) VALUES ('seniorCareCommunity', 'maximumResidentCapacity', 0);
	INSERT INTO CSR.EST_SPACE_TYPE_ATTR (EST_SPACE_TYPE, ATTR_NAME, IS_MANDATORY) VALUES ('seniorCareCommunity', 'numberOfWorkers', 0);
	INSERT INTO CSR.EST_SPACE_TYPE_ATTR (EST_SPACE_TYPE, ATTR_NAME, IS_MANDATORY) VALUES ('seniorCareCommunity', 'numberOfComputers', 0);
	INSERT INTO CSR.EST_SPACE_TYPE_ATTR (EST_SPACE_TYPE, ATTR_NAME, IS_MANDATORY) VALUES ('seniorCareCommunity', 'numberOfCommercialRefrigerationUnits', 0);
	INSERT INTO CSR.EST_SPACE_TYPE_ATTR (EST_SPACE_TYPE, ATTR_NAME, IS_MANDATORY) VALUES ('seniorCareCommunity', 'numberOfCommercialWashingMachines', 0);
	INSERT INTO CSR.EST_SPACE_TYPE_ATTR (EST_SPACE_TYPE, ATTR_NAME, IS_MANDATORY) VALUES ('seniorCareCommunity', 'numberOfResidentialWashingMachines', 0);
	INSERT INTO CSR.EST_SPACE_TYPE_ATTR (EST_SPACE_TYPE, ATTR_NAME, IS_MANDATORY) VALUES ('seniorCareCommunity', 'numberOfResidentialLiftSystems', 0);
	INSERT INTO CSR.EST_SPACE_TYPE_ATTR (EST_SPACE_TYPE, ATTR_NAME, IS_MANDATORY) VALUES ('seniorCareCommunity', 'percentCooled', 0);
	INSERT INTO CSR.EST_SPACE_TYPE_ATTR (EST_SPACE_TYPE, ATTR_NAME, IS_MANDATORY) VALUES ('seniorCareCommunity', 'percentHeated', 0);
	INSERT INTO CSR.EST_SPACE_TYPE_ATTR (EST_SPACE_TYPE, ATTR_NAME, IS_MANDATORY) VALUES ('swimmingPool', 'poolSize', 0);
	INSERT INTO CSR.EST_SPACE_TYPE_ATTR (EST_SPACE_TYPE, ATTR_NAME, IS_MANDATORY) VALUES ('swimmingPool', 'poolLocation', 0);
	INSERT INTO CSR.EST_SPACE_TYPE_ATTR (EST_SPACE_TYPE, ATTR_NAME, IS_MANDATORY) VALUES ('swimmingPool', 'monthsInUse', 0);
	INSERT INTO CSR.EST_SPACE_TYPE_ATTR (EST_SPACE_TYPE, ATTR_NAME, IS_MANDATORY) VALUES ('residenceHallDormitory', 'totalGrossFloorArea', 1);
	INSERT INTO CSR.EST_SPACE_TYPE_ATTR (EST_SPACE_TYPE, ATTR_NAME, IS_MANDATORY) VALUES ('residenceHallDormitory', 'numberOfRooms', 0);
	INSERT INTO CSR.EST_SPACE_TYPE_ATTR (EST_SPACE_TYPE, ATTR_NAME, IS_MANDATORY) VALUES ('residenceHallDormitory', 'percentHeated', 0);
	INSERT INTO CSR.EST_SPACE_TYPE_ATTR (EST_SPACE_TYPE, ATTR_NAME, IS_MANDATORY) VALUES ('residenceHallDormitory', 'percentCooled', 0);
	INSERT INTO CSR.EST_SPACE_TYPE_ATTR (EST_SPACE_TYPE, ATTR_NAME, IS_MANDATORY) VALUES ('residenceHallDormitory', 'hasComputerLab', 0);
	INSERT INTO CSR.EST_SPACE_TYPE_ATTR (EST_SPACE_TYPE, ATTR_NAME, IS_MANDATORY) VALUES ('residenceHallDormitory', 'hasDiningHall', 0);
	INSERT INTO CSR.EST_SPACE_TYPE_ATTR (EST_SPACE_TYPE, ATTR_NAME, IS_MANDATORY) VALUES ('wastewaterTreatmentPlant', 'totalGrossFloorArea', 1);
	INSERT INTO CSR.EST_SPACE_TYPE_ATTR (EST_SPACE_TYPE, ATTR_NAME, IS_MANDATORY) VALUES ('wastewaterTreatmentPlant', 'averageInfluentBiologicalOxygenDemand', 0);
	INSERT INTO CSR.EST_SPACE_TYPE_ATTR (EST_SPACE_TYPE, ATTR_NAME, IS_MANDATORY) VALUES ('wastewaterTreatmentPlant', 'averageEffluentBiologicalOxygenDemand', 0);
	INSERT INTO CSR.EST_SPACE_TYPE_ATTR (EST_SPACE_TYPE, ATTR_NAME, IS_MANDATORY) VALUES ('wastewaterTreatmentPlant', 'plantDesignFlowRate', 0);
	INSERT INTO CSR.EST_SPACE_TYPE_ATTR (EST_SPACE_TYPE, ATTR_NAME, IS_MANDATORY) VALUES ('wastewaterTreatmentPlant', 'fixedFilmTrickleFiltrationProcess', 0);
	INSERT INTO CSR.EST_SPACE_TYPE_ATTR (EST_SPACE_TYPE, ATTR_NAME, IS_MANDATORY) VALUES ('wastewaterTreatmentPlant', 'nutrientRemoval', 0);
	INSERT INTO CSR.EST_SPACE_TYPE_ATTR (EST_SPACE_TYPE, ATTR_NAME, IS_MANDATORY) VALUES ('distributionCenter', 'totalGrossFloorArea', 1);
	INSERT INTO CSR.EST_SPACE_TYPE_ATTR (EST_SPACE_TYPE, ATTR_NAME, IS_MANDATORY) VALUES ('distributionCenter', 'weeklyOperatingHours', 0);
	INSERT INTO CSR.EST_SPACE_TYPE_ATTR (EST_SPACE_TYPE, ATTR_NAME, IS_MANDATORY) VALUES ('distributionCenter', 'numberOfWorkers', 0);
	INSERT INTO CSR.EST_SPACE_TYPE_ATTR (EST_SPACE_TYPE, ATTR_NAME, IS_MANDATORY) VALUES ('distributionCenter', 'numberOfWalkInRefrigerationUnits', 0);
	INSERT INTO CSR.EST_SPACE_TYPE_ATTR (EST_SPACE_TYPE, ATTR_NAME, IS_MANDATORY) VALUES ('distributionCenter', 'percentHeated', 0);
	INSERT INTO CSR.EST_SPACE_TYPE_ATTR (EST_SPACE_TYPE, ATTR_NAME, IS_MANDATORY) VALUES ('distributionCenter', 'percentCooled', 0);
	INSERT INTO CSR.EST_SPACE_TYPE_ATTR (EST_SPACE_TYPE, ATTR_NAME, IS_MANDATORY) VALUES ('worshipFacility', 'totalGrossFloorArea', 1);
	INSERT INTO CSR.EST_SPACE_TYPE_ATTR (EST_SPACE_TYPE, ATTR_NAME, IS_MANDATORY) VALUES ('worshipFacility', 'weeklyOperatingHours', 0);
	INSERT INTO CSR.EST_SPACE_TYPE_ATTR (EST_SPACE_TYPE, ATTR_NAME, IS_MANDATORY) VALUES ('worshipFacility', 'numberOfCommercialRefrigerationUnits', 0);
	INSERT INTO CSR.EST_SPACE_TYPE_ATTR (EST_SPACE_TYPE, ATTR_NAME, IS_MANDATORY) VALUES ('worshipFacility', 'numberOfComputers', 0);
	INSERT INTO CSR.EST_SPACE_TYPE_ATTR (EST_SPACE_TYPE, ATTR_NAME, IS_MANDATORY) VALUES ('worshipFacility', 'cookingFacilities', 0);
	INSERT INTO CSR.EST_SPACE_TYPE_ATTR (EST_SPACE_TYPE, ATTR_NAME, IS_MANDATORY) VALUES ('worshipFacility', 'seatingCapacity', 0);
	INSERT INTO CSR.EST_SPACE_TYPE_ATTR (EST_SPACE_TYPE, ATTR_NAME, IS_MANDATORY) VALUES ('worshipFacility', 'numberOfWeekdaysOpen', 0);
	INSERT INTO CSR.EST_SPACE_TYPE_ATTR (EST_SPACE_TYPE, ATTR_NAME, IS_MANDATORY) VALUES ('financialOffice', 'totalGrossFloorArea', 1);
	INSERT INTO CSR.EST_SPACE_TYPE_ATTR (EST_SPACE_TYPE, ATTR_NAME, IS_MANDATORY) VALUES ('financialOffice', 'numberOfComputers', 0);
	INSERT INTO CSR.EST_SPACE_TYPE_ATTR (EST_SPACE_TYPE, ATTR_NAME, IS_MANDATORY) VALUES ('financialOffice', 'percentOfficeCooled', 0);
	INSERT INTO CSR.EST_SPACE_TYPE_ATTR (EST_SPACE_TYPE, ATTR_NAME, IS_MANDATORY) VALUES ('financialOffice', 'percentOfficeHeated', 0);
	INSERT INTO CSR.EST_SPACE_TYPE_ATTR (EST_SPACE_TYPE, ATTR_NAME, IS_MANDATORY) VALUES ('financialOffice', 'weeklyOperatingHours', 0);
	INSERT INTO CSR.EST_SPACE_TYPE_ATTR (EST_SPACE_TYPE, ATTR_NAME, IS_MANDATORY) VALUES ('financialOffice', 'numberOfWorkers', 0);
	INSERT INTO CSR.EST_SPACE_TYPE_ATTR (EST_SPACE_TYPE, ATTR_NAME, IS_MANDATORY) VALUES ('drinkingWaterTreatmentAndDistribution', 'totalGrossFloorArea', 1);
	INSERT INTO CSR.EST_SPACE_TYPE_ATTR (EST_SPACE_TYPE, ATTR_NAME, IS_MANDATORY) VALUES ('parking', 'supplementalHeating', 0);
	INSERT INTO CSR.EST_SPACE_TYPE_ATTR (EST_SPACE_TYPE, ATTR_NAME, IS_MANDATORY) VALUES ('parking', 'openFootage', 0);
	INSERT INTO CSR.EST_SPACE_TYPE_ATTR (EST_SPACE_TYPE, ATTR_NAME, IS_MANDATORY) VALUES ('parking', 'completelyEnclosedFootage', 0);
	INSERT INTO CSR.EST_SPACE_TYPE_ATTR (EST_SPACE_TYPE, ATTR_NAME, IS_MANDATORY) VALUES ('parking', 'partiallyEnclosedFootage', 0);
	INSERT INTO CSR.EST_SPACE_TYPE_ATTR (EST_SPACE_TYPE, ATTR_NAME, IS_MANDATORY) VALUES ('supermarket', 'totalGrossFloorArea', 1);
	INSERT INTO CSR.EST_SPACE_TYPE_ATTR (EST_SPACE_TYPE, ATTR_NAME, IS_MANDATORY) VALUES ('supermarket', 'weeklyOperatingHours', 0);
	INSERT INTO CSR.EST_SPACE_TYPE_ATTR (EST_SPACE_TYPE, ATTR_NAME, IS_MANDATORY) VALUES ('supermarket', 'numberOfWorkers', 0);
	INSERT INTO CSR.EST_SPACE_TYPE_ATTR (EST_SPACE_TYPE, ATTR_NAME, IS_MANDATORY) VALUES ('supermarket', 'numberOfComputers', 0);
	INSERT INTO CSR.EST_SPACE_TYPE_ATTR (EST_SPACE_TYPE, ATTR_NAME, IS_MANDATORY) VALUES ('supermarket', 'cookingFacilities', 0);
	INSERT INTO CSR.EST_SPACE_TYPE_ATTR (EST_SPACE_TYPE, ATTR_NAME, IS_MANDATORY) VALUES ('supermarket', 'numberOfWalkInRefrigerationUnits', 0);
	INSERT INTO CSR.EST_SPACE_TYPE_ATTR (EST_SPACE_TYPE, ATTR_NAME, IS_MANDATORY) VALUES ('supermarket', 'numberOfOpenClosedRefrigerationUnits', 0);
	INSERT INTO CSR.EST_SPACE_TYPE_ATTR (EST_SPACE_TYPE, ATTR_NAME, IS_MANDATORY) VALUES ('supermarket', 'numberOfCashRegisters', 0);
	INSERT INTO CSR.EST_SPACE_TYPE_ATTR (EST_SPACE_TYPE, ATTR_NAME, IS_MANDATORY) VALUES ('supermarket', 'percentCooled', 0);
	INSERT INTO CSR.EST_SPACE_TYPE_ATTR (EST_SPACE_TYPE, ATTR_NAME, IS_MANDATORY) VALUES ('supermarket', 'percentHeated', 0);
	INSERT INTO CSR.EST_SPACE_TYPE_ATTR (EST_SPACE_TYPE, ATTR_NAME, IS_MANDATORY) VALUES ('barracks', 'totalGrossFloorArea', 1);
	INSERT INTO CSR.EST_SPACE_TYPE_ATTR (EST_SPACE_TYPE, ATTR_NAME, IS_MANDATORY) VALUES ('barracks', 'hasComputerLab', 0);
	INSERT INTO CSR.EST_SPACE_TYPE_ATTR (EST_SPACE_TYPE, ATTR_NAME, IS_MANDATORY) VALUES ('barracks', 'hasDiningHall', 0);
	INSERT INTO CSR.EST_SPACE_TYPE_ATTR (EST_SPACE_TYPE, ATTR_NAME, IS_MANDATORY) VALUES ('barracks', 'numberOfRooms', 0);
	INSERT INTO CSR.EST_SPACE_TYPE_ATTR (EST_SPACE_TYPE, ATTR_NAME, IS_MANDATORY) VALUES ('barracks', 'percentCooled', 0);
	INSERT INTO CSR.EST_SPACE_TYPE_ATTR (EST_SPACE_TYPE, ATTR_NAME, IS_MANDATORY) VALUES ('barracks', 'percentHeated', 0);
	INSERT INTO CSR.EST_SPACE_TYPE_ATTR (EST_SPACE_TYPE, ATTR_NAME, IS_MANDATORY) VALUES ('hotel', 'totalGrossFloorArea', 1);
	INSERT INTO CSR.EST_SPACE_TYPE_ATTR (EST_SPACE_TYPE, ATTR_NAME, IS_MANDATORY) VALUES ('hotel', 'fullServiceSpaFloorArea', 0);
	INSERT INTO CSR.EST_SPACE_TYPE_ATTR (EST_SPACE_TYPE, ATTR_NAME, IS_MANDATORY) VALUES ('hotel', 'gymCenterFloorArea', 0);
	INSERT INTO CSR.EST_SPACE_TYPE_ATTR (EST_SPACE_TYPE, ATTR_NAME, IS_MANDATORY) VALUES ('hotel', 'hoursPerDayGuestsOnsite', 0);
	INSERT INTO CSR.EST_SPACE_TYPE_ATTR (EST_SPACE_TYPE, ATTR_NAME, IS_MANDATORY) VALUES ('hotel', 'numberOfCommercialRefrigerationUnits', 0);
	INSERT INTO CSR.EST_SPACE_TYPE_ATTR (EST_SPACE_TYPE, ATTR_NAME, IS_MANDATORY) VALUES ('hotel', 'numberOfGuestMealsServedPerYear', 0);
	INSERT INTO CSR.EST_SPACE_TYPE_ATTR (EST_SPACE_TYPE, ATTR_NAME, IS_MANDATORY) VALUES ('hotel', 'numberOfHotelRooms', 0);
	INSERT INTO CSR.EST_SPACE_TYPE_ATTR (EST_SPACE_TYPE, ATTR_NAME, IS_MANDATORY) VALUES ('hotel', 'laundryFacility', 0);
	INSERT INTO CSR.EST_SPACE_TYPE_ATTR (EST_SPACE_TYPE, ATTR_NAME, IS_MANDATORY) VALUES ('hotel', 'percentCooled', 0);
	INSERT INTO CSR.EST_SPACE_TYPE_ATTR (EST_SPACE_TYPE, ATTR_NAME, IS_MANDATORY) VALUES ('hotel', 'percentHeated', 0);
	INSERT INTO CSR.EST_SPACE_TYPE_ATTR (EST_SPACE_TYPE, ATTR_NAME, IS_MANDATORY) VALUES ('hotel', 'cookingFacilities', 0);
	INSERT INTO CSR.EST_SPACE_TYPE_ATTR (EST_SPACE_TYPE, ATTR_NAME, IS_MANDATORY) VALUES ('hotel', 'amountOfLaundryProcessedAnnually', 0);
	INSERT INTO CSR.EST_SPACE_TYPE_ATTR (EST_SPACE_TYPE, ATTR_NAME, IS_MANDATORY) VALUES ('hotel', 'numberOfWorkers', 0);
	INSERT INTO CSR.EST_SPACE_TYPE_ATTR (EST_SPACE_TYPE, ATTR_NAME, IS_MANDATORY) VALUES ('k12School', 'totalGrossFloorArea', 1);
	INSERT INTO CSR.EST_SPACE_TYPE_ATTR (EST_SPACE_TYPE, ATTR_NAME, IS_MANDATORY) VALUES ('k12School', 'openOnWeekends', 0);
	INSERT INTO CSR.EST_SPACE_TYPE_ATTR (EST_SPACE_TYPE, ATTR_NAME, IS_MANDATORY) VALUES ('k12School', 'numberOfWalkInRefrigerationUnits', 0);
	INSERT INTO CSR.EST_SPACE_TYPE_ATTR (EST_SPACE_TYPE, ATTR_NAME, IS_MANDATORY) VALUES ('k12School', 'percentCooled', 0);
	INSERT INTO CSR.EST_SPACE_TYPE_ATTR (EST_SPACE_TYPE, ATTR_NAME, IS_MANDATORY) VALUES ('k12School', 'percentHeated', 0);
	INSERT INTO CSR.EST_SPACE_TYPE_ATTR (EST_SPACE_TYPE, ATTR_NAME, IS_MANDATORY) VALUES ('k12School', 'numberOfComputers', 0);
	INSERT INTO CSR.EST_SPACE_TYPE_ATTR (EST_SPACE_TYPE, ATTR_NAME, IS_MANDATORY) VALUES ('k12School', 'cookingFacilities', 0);
	INSERT INTO CSR.EST_SPACE_TYPE_ATTR (EST_SPACE_TYPE, ATTR_NAME, IS_MANDATORY) VALUES ('k12School', 'isHighSchool', 0);
	INSERT INTO CSR.EST_SPACE_TYPE_ATTR (EST_SPACE_TYPE, ATTR_NAME, IS_MANDATORY) VALUES ('k12School', 'monthsInUse', 0);
	INSERT INTO CSR.EST_SPACE_TYPE_ATTR (EST_SPACE_TYPE, ATTR_NAME, IS_MANDATORY) VALUES ('k12School', 'schoolDistrict', 0);
	INSERT INTO CSR.EST_SPACE_TYPE_ATTR (EST_SPACE_TYPE, ATTR_NAME, IS_MANDATORY) VALUES ('k12School', 'studentSeatingCapacity', 0);
	INSERT INTO CSR.EST_SPACE_TYPE_ATTR (EST_SPACE_TYPE, ATTR_NAME, IS_MANDATORY) VALUES ('k12School', 'numberOfWorkers', 0);
	INSERT INTO CSR.EST_SPACE_TYPE_ATTR (EST_SPACE_TYPE, ATTR_NAME, IS_MANDATORY) VALUES ('k12School', 'gymnasiumFloorArea', 0);
	INSERT INTO CSR.EST_SPACE_TYPE_ATTR (EST_SPACE_TYPE, ATTR_NAME, IS_MANDATORY) VALUES ('bankBranch', 'totalGrossFloorArea', 1);
	INSERT INTO CSR.EST_SPACE_TYPE_ATTR (EST_SPACE_TYPE, ATTR_NAME, IS_MANDATORY) VALUES ('bankBranch', 'numberOfComputers', 0);
	INSERT INTO CSR.EST_SPACE_TYPE_ATTR (EST_SPACE_TYPE, ATTR_NAME, IS_MANDATORY) VALUES ('bankBranch', 'percentOfficeCooled', 0);
	INSERT INTO CSR.EST_SPACE_TYPE_ATTR (EST_SPACE_TYPE, ATTR_NAME, IS_MANDATORY) VALUES ('bankBranch', 'percentOfficeHeated', 0);
	INSERT INTO CSR.EST_SPACE_TYPE_ATTR (EST_SPACE_TYPE, ATTR_NAME, IS_MANDATORY) VALUES ('bankBranch', 'weeklyOperatingHours', 0);
	INSERT INTO CSR.EST_SPACE_TYPE_ATTR (EST_SPACE_TYPE, ATTR_NAME, IS_MANDATORY) VALUES ('bankBranch', 'numberOfWorkers', 0);
	INSERT INTO CSR.EST_SPACE_TYPE_ATTR (EST_SPACE_TYPE, ATTR_NAME, IS_MANDATORY) VALUES ('collegeUniversity', 'totalGrossFloorArea', 1);
	INSERT INTO CSR.EST_SPACE_TYPE_ATTR (EST_SPACE_TYPE, ATTR_NAME, IS_MANDATORY) VALUES ('collegeUniversity', 'weeklyOperatingHours', 0);
	INSERT INTO CSR.EST_SPACE_TYPE_ATTR (EST_SPACE_TYPE, ATTR_NAME, IS_MANDATORY) VALUES ('collegeUniversity', 'numberOfComputers', 0);
	INSERT INTO CSR.EST_SPACE_TYPE_ATTR (EST_SPACE_TYPE, ATTR_NAME, IS_MANDATORY) VALUES ('collegeUniversity', 'enrollment', 0);
	INSERT INTO CSR.EST_SPACE_TYPE_ATTR (EST_SPACE_TYPE, ATTR_NAME, IS_MANDATORY) VALUES ('collegeUniversity', 'grantDollars', 0);
	INSERT INTO CSR.EST_SPACE_TYPE_ATTR (EST_SPACE_TYPE, ATTR_NAME, IS_MANDATORY) VALUES ('collegeUniversity', 'numberOfFTEWorkers', 0);
	INSERT INTO CSR.EST_SPACE_TYPE_ATTR (EST_SPACE_TYPE, ATTR_NAME, IS_MANDATORY) VALUES ('indoorArena', 'totalGrossFloorArea', 1);
	INSERT INTO CSR.EST_SPACE_TYPE_ATTR (EST_SPACE_TYPE, ATTR_NAME, IS_MANDATORY) VALUES ('indoorArena', 'enclosedFloorArea', 0);
	INSERT INTO CSR.EST_SPACE_TYPE_ATTR (EST_SPACE_TYPE, ATTR_NAME, IS_MANDATORY) VALUES ('indoorArena', 'numberOfSportingEventsPerYear', 0);
	INSERT INTO CSR.EST_SPACE_TYPE_ATTR (EST_SPACE_TYPE, ATTR_NAME, IS_MANDATORY) VALUES ('indoorArena', 'numberOfConcertShowEventsPerYear', 0);
	INSERT INTO CSR.EST_SPACE_TYPE_ATTR (EST_SPACE_TYPE, ATTR_NAME, IS_MANDATORY) VALUES ('indoorArena', 'numberOfSpecialOtherEventsPerYear', 0);
	INSERT INTO CSR.EST_SPACE_TYPE_ATTR (EST_SPACE_TYPE, ATTR_NAME, IS_MANDATORY) VALUES ('indoorArena', 'sizeOfElectronicScoreBoards', 0);
	INSERT INTO CSR.EST_SPACE_TYPE_ATTR (EST_SPACE_TYPE, ATTR_NAME, IS_MANDATORY) VALUES ('indoorArena', 'iceEvents', 0);
	INSERT INTO CSR.EST_SPACE_TYPE_ATTR (EST_SPACE_TYPE, ATTR_NAME, IS_MANDATORY) VALUES ('indoorArena', 'numberOfComputers', 0);
	INSERT INTO CSR.EST_SPACE_TYPE_ATTR (EST_SPACE_TYPE, ATTR_NAME, IS_MANDATORY) VALUES ('indoorArena', 'numberOfWalkInRefrigerationUnits', 0);
	INSERT INTO CSR.EST_SPACE_TYPE_ATTR (EST_SPACE_TYPE, ATTR_NAME, IS_MANDATORY) VALUES ('indoorArena', 'percentCooled', 0);
	INSERT INTO CSR.EST_SPACE_TYPE_ATTR (EST_SPACE_TYPE, ATTR_NAME, IS_MANDATORY) VALUES ('indoorArena', 'percentHeated', 0);
	INSERT INTO CSR.EST_SPACE_TYPE_ATTR (EST_SPACE_TYPE, ATTR_NAME, IS_MANDATORY) VALUES ('otherStadium', 'totalGrossFloorArea', 1);
	INSERT INTO CSR.EST_SPACE_TYPE_ATTR (EST_SPACE_TYPE, ATTR_NAME, IS_MANDATORY) VALUES ('otherStadium', 'enclosedFloorArea', 0);
	INSERT INTO CSR.EST_SPACE_TYPE_ATTR (EST_SPACE_TYPE, ATTR_NAME, IS_MANDATORY) VALUES ('otherStadium', 'numberOfSportingEventsPerYear', 0);
	INSERT INTO CSR.EST_SPACE_TYPE_ATTR (EST_SPACE_TYPE, ATTR_NAME, IS_MANDATORY) VALUES ('otherStadium', 'numberOfConcertShowEventsPerYear', 0);
	INSERT INTO CSR.EST_SPACE_TYPE_ATTR (EST_SPACE_TYPE, ATTR_NAME, IS_MANDATORY) VALUES ('otherStadium', 'numberOfSpecialOtherEventsPerYear', 0);
	INSERT INTO CSR.EST_SPACE_TYPE_ATTR (EST_SPACE_TYPE, ATTR_NAME, IS_MANDATORY) VALUES ('otherStadium', 'sizeOfElectronicScoreBoards', 0);
	INSERT INTO CSR.EST_SPACE_TYPE_ATTR (EST_SPACE_TYPE, ATTR_NAME, IS_MANDATORY) VALUES ('otherStadium', 'iceEvents', 0);
	INSERT INTO CSR.EST_SPACE_TYPE_ATTR (EST_SPACE_TYPE, ATTR_NAME, IS_MANDATORY) VALUES ('otherStadium', 'numberOfComputers', 0);
	INSERT INTO CSR.EST_SPACE_TYPE_ATTR (EST_SPACE_TYPE, ATTR_NAME, IS_MANDATORY) VALUES ('otherStadium', 'numberOfWalkInRefrigerationUnits', 0);
	INSERT INTO CSR.EST_SPACE_TYPE_ATTR (EST_SPACE_TYPE, ATTR_NAME, IS_MANDATORY) VALUES ('otherStadium', 'percentCooled', 0);
	INSERT INTO CSR.EST_SPACE_TYPE_ATTR (EST_SPACE_TYPE, ATTR_NAME, IS_MANDATORY) VALUES ('otherStadium', 'percentHeated', 0);
	INSERT INTO CSR.EST_SPACE_TYPE_ATTR (EST_SPACE_TYPE, ATTR_NAME, IS_MANDATORY) VALUES ('stadiumClosed', 'totalGrossFloorArea', 1);
	INSERT INTO CSR.EST_SPACE_TYPE_ATTR (EST_SPACE_TYPE, ATTR_NAME, IS_MANDATORY) VALUES ('stadiumClosed', 'enclosedFloorArea', 0);
	INSERT INTO CSR.EST_SPACE_TYPE_ATTR (EST_SPACE_TYPE, ATTR_NAME, IS_MANDATORY) VALUES ('stadiumClosed', 'numberOfSportingEventsPerYear', 0);
	INSERT INTO CSR.EST_SPACE_TYPE_ATTR (EST_SPACE_TYPE, ATTR_NAME, IS_MANDATORY) VALUES ('stadiumClosed', 'numberOfConcertShowEventsPerYear', 0);
	INSERT INTO CSR.EST_SPACE_TYPE_ATTR (EST_SPACE_TYPE, ATTR_NAME, IS_MANDATORY) VALUES ('stadiumClosed', 'numberOfSpecialOtherEventsPerYear', 0);
	INSERT INTO CSR.EST_SPACE_TYPE_ATTR (EST_SPACE_TYPE, ATTR_NAME, IS_MANDATORY) VALUES ('stadiumClosed', 'sizeOfElectronicScoreBoards', 0);
	INSERT INTO CSR.EST_SPACE_TYPE_ATTR (EST_SPACE_TYPE, ATTR_NAME, IS_MANDATORY) VALUES ('stadiumClosed', 'iceEvents', 0);
	INSERT INTO CSR.EST_SPACE_TYPE_ATTR (EST_SPACE_TYPE, ATTR_NAME, IS_MANDATORY) VALUES ('stadiumClosed', 'numberOfComputers', 0);
	INSERT INTO CSR.EST_SPACE_TYPE_ATTR (EST_SPACE_TYPE, ATTR_NAME, IS_MANDATORY) VALUES ('stadiumClosed', 'numberOfWalkInRefrigerationUnits', 0);
	INSERT INTO CSR.EST_SPACE_TYPE_ATTR (EST_SPACE_TYPE, ATTR_NAME, IS_MANDATORY) VALUES ('stadiumClosed', 'percentCooled', 0);
	INSERT INTO CSR.EST_SPACE_TYPE_ATTR (EST_SPACE_TYPE, ATTR_NAME, IS_MANDATORY) VALUES ('stadiumClosed', 'percentHeated', 0);
	INSERT INTO CSR.EST_SPACE_TYPE_ATTR (EST_SPACE_TYPE, ATTR_NAME, IS_MANDATORY) VALUES ('stadiumOpen', 'totalGrossFloorArea', 1);
	INSERT INTO CSR.EST_SPACE_TYPE_ATTR (EST_SPACE_TYPE, ATTR_NAME, IS_MANDATORY) VALUES ('stadiumOpen', 'enclosedFloorArea', 0);
	INSERT INTO CSR.EST_SPACE_TYPE_ATTR (EST_SPACE_TYPE, ATTR_NAME, IS_MANDATORY) VALUES ('stadiumOpen', 'numberOfSportingEventsPerYear', 0);
	INSERT INTO CSR.EST_SPACE_TYPE_ATTR (EST_SPACE_TYPE, ATTR_NAME, IS_MANDATORY) VALUES ('stadiumOpen', 'numberOfConcertShowEventsPerYear', 0);
	INSERT INTO CSR.EST_SPACE_TYPE_ATTR (EST_SPACE_TYPE, ATTR_NAME, IS_MANDATORY) VALUES ('stadiumOpen', 'numberOfSpecialOtherEventsPerYear', 0);
	INSERT INTO CSR.EST_SPACE_TYPE_ATTR (EST_SPACE_TYPE, ATTR_NAME, IS_MANDATORY) VALUES ('stadiumOpen', 'sizeOfElectronicScoreBoards', 0);
	INSERT INTO CSR.EST_SPACE_TYPE_ATTR (EST_SPACE_TYPE, ATTR_NAME, IS_MANDATORY) VALUES ('stadiumOpen', 'iceEvents', 0);
	INSERT INTO CSR.EST_SPACE_TYPE_ATTR (EST_SPACE_TYPE, ATTR_NAME, IS_MANDATORY) VALUES ('stadiumOpen', 'numberOfComputers', 0);
	INSERT INTO CSR.EST_SPACE_TYPE_ATTR (EST_SPACE_TYPE, ATTR_NAME, IS_MANDATORY) VALUES ('stadiumOpen', 'numberOfWalkInRefrigerationUnits', 0);
	INSERT INTO CSR.EST_SPACE_TYPE_ATTR (EST_SPACE_TYPE, ATTR_NAME, IS_MANDATORY) VALUES ('stadiumOpen', 'percentCooled', 0);
	INSERT INTO CSR.EST_SPACE_TYPE_ATTR (EST_SPACE_TYPE, ATTR_NAME, IS_MANDATORY) VALUES ('stadiumOpen', 'percentHeated', 0);
	INSERT INTO CSR.EST_SPACE_TYPE_ATTR (EST_SPACE_TYPE, ATTR_NAME, IS_MANDATORY) VALUES ('prison', 'totalGrossFloorArea', 1);
	INSERT INTO CSR.EST_SPACE_TYPE_ATTR (EST_SPACE_TYPE, ATTR_NAME, IS_MANDATORY) VALUES ('prison', 'weeklyOperatingHours', 0);
	INSERT INTO CSR.EST_SPACE_TYPE_ATTR (EST_SPACE_TYPE, ATTR_NAME, IS_MANDATORY) VALUES ('prison', 'numberOfComputers', 0);
	INSERT INTO CSR.EST_SPACE_TYPE_ATTR (EST_SPACE_TYPE, ATTR_NAME, IS_MANDATORY) VALUES ('prison', 'numberOfWorkers', 0);
	INSERT INTO CSR.EST_SPACE_TYPE_ATTR (EST_SPACE_TYPE, ATTR_NAME, IS_MANDATORY) VALUES ('manufacturingIndustrialPlant', 'totalGrossFloorArea', 1);
	INSERT INTO CSR.EST_SPACE_TYPE_ATTR (EST_SPACE_TYPE, ATTR_NAME, IS_MANDATORY) VALUES ('manufacturingIndustrialPlant', 'weeklyOperatingHours', 0);
	INSERT INTO CSR.EST_SPACE_TYPE_ATTR (EST_SPACE_TYPE, ATTR_NAME, IS_MANDATORY) VALUES ('manufacturingIndustrialPlant', 'numberOfComputers', 0);
	INSERT INTO CSR.EST_SPACE_TYPE_ATTR (EST_SPACE_TYPE, ATTR_NAME, IS_MANDATORY) VALUES ('manufacturingIndustrialPlant', 'numberOfWorkers', 0);
	INSERT INTO CSR.EST_SPACE_TYPE_ATTR (EST_SPACE_TYPE, ATTR_NAME, IS_MANDATORY) VALUES ('ambulatorySurgicalCenter', 'totalGrossFloorArea', 1);
	INSERT INTO CSR.EST_SPACE_TYPE_ATTR (EST_SPACE_TYPE, ATTR_NAME, IS_MANDATORY) VALUES ('ambulatorySurgicalCenter', 'weeklyOperatingHours', 0);
	INSERT INTO CSR.EST_SPACE_TYPE_ATTR (EST_SPACE_TYPE, ATTR_NAME, IS_MANDATORY) VALUES ('ambulatorySurgicalCenter', 'numberOfComputers', 0);
	INSERT INTO CSR.EST_SPACE_TYPE_ATTR (EST_SPACE_TYPE, ATTR_NAME, IS_MANDATORY) VALUES ('ambulatorySurgicalCenter', 'numberOfWorkers', 0);
	INSERT INTO CSR.EST_SPACE_TYPE_ATTR (EST_SPACE_TYPE, ATTR_NAME, IS_MANDATORY) VALUES ('bowlingAlley', 'totalGrossFloorArea', 1);
	INSERT INTO CSR.EST_SPACE_TYPE_ATTR (EST_SPACE_TYPE, ATTR_NAME, IS_MANDATORY) VALUES ('bowlingAlley', 'weeklyOperatingHours', 0);
	INSERT INTO CSR.EST_SPACE_TYPE_ATTR (EST_SPACE_TYPE, ATTR_NAME, IS_MANDATORY) VALUES ('bowlingAlley', 'numberOfComputers', 0);
	INSERT INTO CSR.EST_SPACE_TYPE_ATTR (EST_SPACE_TYPE, ATTR_NAME, IS_MANDATORY) VALUES ('bowlingAlley', 'numberOfWorkers', 0);
	INSERT INTO CSR.EST_SPACE_TYPE_ATTR (EST_SPACE_TYPE, ATTR_NAME, IS_MANDATORY) VALUES ('otherPublicServices', 'totalGrossFloorArea', 1);
	INSERT INTO CSR.EST_SPACE_TYPE_ATTR (EST_SPACE_TYPE, ATTR_NAME, IS_MANDATORY) VALUES ('otherPublicServices', 'weeklyOperatingHours', 0);
	INSERT INTO CSR.EST_SPACE_TYPE_ATTR (EST_SPACE_TYPE, ATTR_NAME, IS_MANDATORY) VALUES ('otherPublicServices', 'numberOfComputers', 0);
	INSERT INTO CSR.EST_SPACE_TYPE_ATTR (EST_SPACE_TYPE, ATTR_NAME, IS_MANDATORY) VALUES ('otherPublicServices', 'numberOfWorkers', 0);
	INSERT INTO CSR.EST_SPACE_TYPE_ATTR (EST_SPACE_TYPE, ATTR_NAME, IS_MANDATORY) VALUES ('otherLodgingResidential', 'totalGrossFloorArea', 1);
	INSERT INTO CSR.EST_SPACE_TYPE_ATTR (EST_SPACE_TYPE, ATTR_NAME, IS_MANDATORY) VALUES ('otherLodgingResidential', 'weeklyOperatingHours', 0);
	INSERT INTO CSR.EST_SPACE_TYPE_ATTR (EST_SPACE_TYPE, ATTR_NAME, IS_MANDATORY) VALUES ('otherLodgingResidential', 'numberOfComputers', 0);
	INSERT INTO CSR.EST_SPACE_TYPE_ATTR (EST_SPACE_TYPE, ATTR_NAME, IS_MANDATORY) VALUES ('otherLodgingResidential', 'numberOfWorkers', 0);
	INSERT INTO CSR.EST_SPACE_TYPE_ATTR (EST_SPACE_TYPE, ATTR_NAME, IS_MANDATORY) VALUES ('casino', 'totalGrossFloorArea', 1);
	INSERT INTO CSR.EST_SPACE_TYPE_ATTR (EST_SPACE_TYPE, ATTR_NAME, IS_MANDATORY) VALUES ('casino', 'weeklyOperatingHours', 0);
	INSERT INTO CSR.EST_SPACE_TYPE_ATTR (EST_SPACE_TYPE, ATTR_NAME, IS_MANDATORY) VALUES ('casino', 'numberOfComputers', 0);
	INSERT INTO CSR.EST_SPACE_TYPE_ATTR (EST_SPACE_TYPE, ATTR_NAME, IS_MANDATORY) VALUES ('casino', 'numberOfWorkers', 0);
	INSERT INTO CSR.EST_SPACE_TYPE_ATTR (EST_SPACE_TYPE, ATTR_NAME, IS_MANDATORY) VALUES ('personalServices', 'totalGrossFloorArea', 1);
	INSERT INTO CSR.EST_SPACE_TYPE_ATTR (EST_SPACE_TYPE, ATTR_NAME, IS_MANDATORY) VALUES ('personalServices', 'weeklyOperatingHours', 0);
	INSERT INTO CSR.EST_SPACE_TYPE_ATTR (EST_SPACE_TYPE, ATTR_NAME, IS_MANDATORY) VALUES ('personalServices', 'numberOfComputers', 0);
	INSERT INTO CSR.EST_SPACE_TYPE_ATTR (EST_SPACE_TYPE, ATTR_NAME, IS_MANDATORY) VALUES ('personalServices', 'numberOfWorkers', 0);
	INSERT INTO CSR.EST_SPACE_TYPE_ATTR (EST_SPACE_TYPE, ATTR_NAME, IS_MANDATORY) VALUES ('mailingCenterPostOffice', 'totalGrossFloorArea', 1);
	INSERT INTO CSR.EST_SPACE_TYPE_ATTR (EST_SPACE_TYPE, ATTR_NAME, IS_MANDATORY) VALUES ('mailingCenterPostOffice', 'weeklyOperatingHours', 0);
	INSERT INTO CSR.EST_SPACE_TYPE_ATTR (EST_SPACE_TYPE, ATTR_NAME, IS_MANDATORY) VALUES ('mailingCenterPostOffice', 'numberOfComputers', 0);
	INSERT INTO CSR.EST_SPACE_TYPE_ATTR (EST_SPACE_TYPE, ATTR_NAME, IS_MANDATORY) VALUES ('mailingCenterPostOffice', 'numberOfWorkers', 0);
	INSERT INTO CSR.EST_SPACE_TYPE_ATTR (EST_SPACE_TYPE, ATTR_NAME, IS_MANDATORY) VALUES ('library', 'totalGrossFloorArea', 1);
	INSERT INTO CSR.EST_SPACE_TYPE_ATTR (EST_SPACE_TYPE, ATTR_NAME, IS_MANDATORY) VALUES ('library', 'weeklyOperatingHours', 0);
	INSERT INTO CSR.EST_SPACE_TYPE_ATTR (EST_SPACE_TYPE, ATTR_NAME, IS_MANDATORY) VALUES ('library', 'numberOfComputers', 0);
	INSERT INTO CSR.EST_SPACE_TYPE_ATTR (EST_SPACE_TYPE, ATTR_NAME, IS_MANDATORY) VALUES ('library', 'numberOfWorkers', 0);
	INSERT INTO CSR.EST_SPACE_TYPE_ATTR (EST_SPACE_TYPE, ATTR_NAME, IS_MANDATORY) VALUES ('otherSpecialityHospital', 'totalGrossFloorArea', 1);
	INSERT INTO CSR.EST_SPACE_TYPE_ATTR (EST_SPACE_TYPE, ATTR_NAME, IS_MANDATORY) VALUES ('otherSpecialityHospital', 'weeklyOperatingHours', 0);
	INSERT INTO CSR.EST_SPACE_TYPE_ATTR (EST_SPACE_TYPE, ATTR_NAME, IS_MANDATORY) VALUES ('otherSpecialityHospital', 'numberOfComputers', 0);
	INSERT INTO CSR.EST_SPACE_TYPE_ATTR (EST_SPACE_TYPE, ATTR_NAME, IS_MANDATORY) VALUES ('otherSpecialityHospital', 'numberOfWorkers', 0);
	INSERT INTO CSR.EST_SPACE_TYPE_ATTR (EST_SPACE_TYPE, ATTR_NAME, IS_MANDATORY) VALUES ('conventionCenter', 'totalGrossFloorArea', 1);
	INSERT INTO CSR.EST_SPACE_TYPE_ATTR (EST_SPACE_TYPE, ATTR_NAME, IS_MANDATORY) VALUES ('conventionCenter', 'weeklyOperatingHours', 0);
	INSERT INTO CSR.EST_SPACE_TYPE_ATTR (EST_SPACE_TYPE, ATTR_NAME, IS_MANDATORY) VALUES ('conventionCenter', 'numberOfComputers', 0);
	INSERT INTO CSR.EST_SPACE_TYPE_ATTR (EST_SPACE_TYPE, ATTR_NAME, IS_MANDATORY) VALUES ('conventionCenter', 'numberOfWorkers', 0);
	INSERT INTO CSR.EST_SPACE_TYPE_ATTR (EST_SPACE_TYPE, ATTR_NAME, IS_MANDATORY) VALUES ('veterinaryOffice', 'totalGrossFloorArea', 1);
	INSERT INTO CSR.EST_SPACE_TYPE_ATTR (EST_SPACE_TYPE, ATTR_NAME, IS_MANDATORY) VALUES ('veterinaryOffice', 'weeklyOperatingHours', 0);
	INSERT INTO CSR.EST_SPACE_TYPE_ATTR (EST_SPACE_TYPE, ATTR_NAME, IS_MANDATORY) VALUES ('veterinaryOffice', 'numberOfComputers', 0);
	INSERT INTO CSR.EST_SPACE_TYPE_ATTR (EST_SPACE_TYPE, ATTR_NAME, IS_MANDATORY) VALUES ('veterinaryOffice', 'numberOfWorkers', 0);
	INSERT INTO CSR.EST_SPACE_TYPE_ATTR (EST_SPACE_TYPE, ATTR_NAME, IS_MANDATORY) VALUES ('urgentCareClinicOtherOutpatient', 'totalGrossFloorArea', 1);
	INSERT INTO CSR.EST_SPACE_TYPE_ATTR (EST_SPACE_TYPE, ATTR_NAME, IS_MANDATORY) VALUES ('urgentCareClinicOtherOutpatient', 'weeklyOperatingHours', 0);
	INSERT INTO CSR.EST_SPACE_TYPE_ATTR (EST_SPACE_TYPE, ATTR_NAME, IS_MANDATORY) VALUES ('urgentCareClinicOtherOutpatient', 'numberOfComputers', 0);
	INSERT INTO CSR.EST_SPACE_TYPE_ATTR (EST_SPACE_TYPE, ATTR_NAME, IS_MANDATORY) VALUES ('urgentCareClinicOtherOutpatient', 'numberOfWorkers', 0);
	INSERT INTO CSR.EST_SPACE_TYPE_ATTR (EST_SPACE_TYPE, ATTR_NAME, IS_MANDATORY) VALUES ('energyPowerStation', 'totalGrossFloorArea', 1);
	INSERT INTO CSR.EST_SPACE_TYPE_ATTR (EST_SPACE_TYPE, ATTR_NAME, IS_MANDATORY) VALUES ('energyPowerStation', 'weeklyOperatingHours', 0);
	INSERT INTO CSR.EST_SPACE_TYPE_ATTR (EST_SPACE_TYPE, ATTR_NAME, IS_MANDATORY) VALUES ('energyPowerStation', 'numberOfComputers', 0);
	INSERT INTO CSR.EST_SPACE_TYPE_ATTR (EST_SPACE_TYPE, ATTR_NAME, IS_MANDATORY) VALUES ('energyPowerStation', 'numberOfWorkers', 0);
	INSERT INTO CSR.EST_SPACE_TYPE_ATTR (EST_SPACE_TYPE, ATTR_NAME, IS_MANDATORY) VALUES ('otherServices', 'totalGrossFloorArea', 1);
	INSERT INTO CSR.EST_SPACE_TYPE_ATTR (EST_SPACE_TYPE, ATTR_NAME, IS_MANDATORY) VALUES ('otherServices', 'weeklyOperatingHours', 0);
	INSERT INTO CSR.EST_SPACE_TYPE_ATTR (EST_SPACE_TYPE, ATTR_NAME, IS_MANDATORY) VALUES ('otherServices', 'numberOfComputers', 0);
	INSERT INTO CSR.EST_SPACE_TYPE_ATTR (EST_SPACE_TYPE, ATTR_NAME, IS_MANDATORY) VALUES ('otherServices', 'numberOfWorkers', 0);
	INSERT INTO CSR.EST_SPACE_TYPE_ATTR (EST_SPACE_TYPE, ATTR_NAME, IS_MANDATORY) VALUES ('barNightclub', 'totalGrossFloorArea', 1);
	INSERT INTO CSR.EST_SPACE_TYPE_ATTR (EST_SPACE_TYPE, ATTR_NAME, IS_MANDATORY) VALUES ('barNightclub', 'weeklyOperatingHours', 0);
	INSERT INTO CSR.EST_SPACE_TYPE_ATTR (EST_SPACE_TYPE, ATTR_NAME, IS_MANDATORY) VALUES ('barNightclub', 'numberOfComputers', 0);
	INSERT INTO CSR.EST_SPACE_TYPE_ATTR (EST_SPACE_TYPE, ATTR_NAME, IS_MANDATORY) VALUES ('barNightclub', 'numberOfWorkers', 0);
	INSERT INTO CSR.EST_SPACE_TYPE_ATTR (EST_SPACE_TYPE, ATTR_NAME, IS_MANDATORY) VALUES ('otherUtility', 'totalGrossFloorArea', 1);
	INSERT INTO CSR.EST_SPACE_TYPE_ATTR (EST_SPACE_TYPE, ATTR_NAME, IS_MANDATORY) VALUES ('otherUtility', 'weeklyOperatingHours', 0);
	INSERT INTO CSR.EST_SPACE_TYPE_ATTR (EST_SPACE_TYPE, ATTR_NAME, IS_MANDATORY) VALUES ('otherUtility', 'numberOfComputers', 0);
	INSERT INTO CSR.EST_SPACE_TYPE_ATTR (EST_SPACE_TYPE, ATTR_NAME, IS_MANDATORY) VALUES ('otherUtility', 'numberOfWorkers', 0);
	INSERT INTO CSR.EST_SPACE_TYPE_ATTR (EST_SPACE_TYPE, ATTR_NAME, IS_MANDATORY) VALUES ('zoo', 'totalGrossFloorArea', 1);
	INSERT INTO CSR.EST_SPACE_TYPE_ATTR (EST_SPACE_TYPE, ATTR_NAME, IS_MANDATORY) VALUES ('zoo', 'weeklyOperatingHours', 0);
	INSERT INTO CSR.EST_SPACE_TYPE_ATTR (EST_SPACE_TYPE, ATTR_NAME, IS_MANDATORY) VALUES ('zoo', 'numberOfComputers', 0);
	INSERT INTO CSR.EST_SPACE_TYPE_ATTR (EST_SPACE_TYPE, ATTR_NAME, IS_MANDATORY) VALUES ('zoo', 'numberOfWorkers', 0);
	INSERT INTO CSR.EST_SPACE_TYPE_ATTR (EST_SPACE_TYPE, ATTR_NAME, IS_MANDATORY) VALUES ('automobileDealership', 'totalGrossFloorArea', 1);
	INSERT INTO CSR.EST_SPACE_TYPE_ATTR (EST_SPACE_TYPE, ATTR_NAME, IS_MANDATORY) VALUES ('automobileDealership', 'weeklyOperatingHours', 0);
	INSERT INTO CSR.EST_SPACE_TYPE_ATTR (EST_SPACE_TYPE, ATTR_NAME, IS_MANDATORY) VALUES ('automobileDealership', 'numberOfComputers', 0);
	INSERT INTO CSR.EST_SPACE_TYPE_ATTR (EST_SPACE_TYPE, ATTR_NAME, IS_MANDATORY) VALUES ('automobileDealership', 'numberOfWorkers', 0);
	INSERT INTO CSR.EST_SPACE_TYPE_ATTR (EST_SPACE_TYPE, ATTR_NAME, IS_MANDATORY) VALUES ('museum', 'totalGrossFloorArea', 1);
	INSERT INTO CSR.EST_SPACE_TYPE_ATTR (EST_SPACE_TYPE, ATTR_NAME, IS_MANDATORY) VALUES ('museum', 'weeklyOperatingHours', 0);
	INSERT INTO CSR.EST_SPACE_TYPE_ATTR (EST_SPACE_TYPE, ATTR_NAME, IS_MANDATORY) VALUES ('museum', 'numberOfComputers', 0);
	INSERT INTO CSR.EST_SPACE_TYPE_ATTR (EST_SPACE_TYPE, ATTR_NAME, IS_MANDATORY) VALUES ('museum', 'numberOfWorkers', 0);
	INSERT INTO CSR.EST_SPACE_TYPE_ATTR (EST_SPACE_TYPE, ATTR_NAME, IS_MANDATORY) VALUES ('otherRecreation', 'totalGrossFloorArea', 1);
	INSERT INTO CSR.EST_SPACE_TYPE_ATTR (EST_SPACE_TYPE, ATTR_NAME, IS_MANDATORY) VALUES ('otherRecreation', 'weeklyOperatingHours', 0);
	INSERT INTO CSR.EST_SPACE_TYPE_ATTR (EST_SPACE_TYPE, ATTR_NAME, IS_MANDATORY) VALUES ('otherRecreation', 'numberOfComputers', 0);
	INSERT INTO CSR.EST_SPACE_TYPE_ATTR (EST_SPACE_TYPE, ATTR_NAME, IS_MANDATORY) VALUES ('otherRecreation', 'numberOfWorkers', 0);
	INSERT INTO CSR.EST_SPACE_TYPE_ATTR (EST_SPACE_TYPE, ATTR_NAME, IS_MANDATORY) VALUES ('otherRestaurantBar', 'totalGrossFloorArea', 1);
	INSERT INTO CSR.EST_SPACE_TYPE_ATTR (EST_SPACE_TYPE, ATTR_NAME, IS_MANDATORY) VALUES ('otherRestaurantBar', 'weeklyOperatingHours', 0);
	INSERT INTO CSR.EST_SPACE_TYPE_ATTR (EST_SPACE_TYPE, ATTR_NAME, IS_MANDATORY) VALUES ('otherRestaurantBar', 'numberOfComputers', 0);
	INSERT INTO CSR.EST_SPACE_TYPE_ATTR (EST_SPACE_TYPE, ATTR_NAME, IS_MANDATORY) VALUES ('otherRestaurantBar', 'numberOfWorkers', 0);
	INSERT INTO CSR.EST_SPACE_TYPE_ATTR (EST_SPACE_TYPE, ATTR_NAME, IS_MANDATORY) VALUES ('lifestyleCenter', 'totalGrossFloorArea', 1);
	INSERT INTO CSR.EST_SPACE_TYPE_ATTR (EST_SPACE_TYPE, ATTR_NAME, IS_MANDATORY) VALUES ('lifestyleCenter', 'weeklyOperatingHours', 0);
	INSERT INTO CSR.EST_SPACE_TYPE_ATTR (EST_SPACE_TYPE, ATTR_NAME, IS_MANDATORY) VALUES ('lifestyleCenter', 'numberOfComputers', 0);
	INSERT INTO CSR.EST_SPACE_TYPE_ATTR (EST_SPACE_TYPE, ATTR_NAME, IS_MANDATORY) VALUES ('lifestyleCenter', 'numberOfWorkers', 0);
	INSERT INTO CSR.EST_SPACE_TYPE_ATTR (EST_SPACE_TYPE, ATTR_NAME, IS_MANDATORY) VALUES ('policeStation', 'totalGrossFloorArea', 1);
	INSERT INTO CSR.EST_SPACE_TYPE_ATTR (EST_SPACE_TYPE, ATTR_NAME, IS_MANDATORY) VALUES ('policeStation', 'weeklyOperatingHours', 0);
	INSERT INTO CSR.EST_SPACE_TYPE_ATTR (EST_SPACE_TYPE, ATTR_NAME, IS_MANDATORY) VALUES ('policeStation', 'numberOfComputers', 0);
	INSERT INTO CSR.EST_SPACE_TYPE_ATTR (EST_SPACE_TYPE, ATTR_NAME, IS_MANDATORY) VALUES ('policeStation', 'numberOfWorkers', 0);
	INSERT INTO CSR.EST_SPACE_TYPE_ATTR (EST_SPACE_TYPE, ATTR_NAME, IS_MANDATORY) VALUES ('preschoolDaycare', 'totalGrossFloorArea', 1);
	INSERT INTO CSR.EST_SPACE_TYPE_ATTR (EST_SPACE_TYPE, ATTR_NAME, IS_MANDATORY) VALUES ('preschoolDaycare', 'weeklyOperatingHours', 0);
	INSERT INTO CSR.EST_SPACE_TYPE_ATTR (EST_SPACE_TYPE, ATTR_NAME, IS_MANDATORY) VALUES ('preschoolDaycare', 'numberOfComputers', 0);
	INSERT INTO CSR.EST_SPACE_TYPE_ATTR (EST_SPACE_TYPE, ATTR_NAME, IS_MANDATORY) VALUES ('preschoolDaycare', 'numberOfWorkers', 0);
	INSERT INTO CSR.EST_SPACE_TYPE_ATTR (EST_SPACE_TYPE, ATTR_NAME, IS_MANDATORY) VALUES ('raceTrack', 'totalGrossFloorArea', 1);
	INSERT INTO CSR.EST_SPACE_TYPE_ATTR (EST_SPACE_TYPE, ATTR_NAME, IS_MANDATORY) VALUES ('raceTrack', 'weeklyOperatingHours', 0);
	INSERT INTO CSR.EST_SPACE_TYPE_ATTR (EST_SPACE_TYPE, ATTR_NAME, IS_MANDATORY) VALUES ('raceTrack', 'numberOfComputers', 0);
	INSERT INTO CSR.EST_SPACE_TYPE_ATTR (EST_SPACE_TYPE, ATTR_NAME, IS_MANDATORY) VALUES ('raceTrack', 'numberOfWorkers', 0);
	INSERT INTO CSR.EST_SPACE_TYPE_ATTR (EST_SPACE_TYPE, ATTR_NAME, IS_MANDATORY) VALUES ('selfStorageFacility', 'totalGrossFloorArea', 1);
	INSERT INTO CSR.EST_SPACE_TYPE_ATTR (EST_SPACE_TYPE, ATTR_NAME, IS_MANDATORY) VALUES ('selfStorageFacility', 'weeklyOperatingHours', 0);
	INSERT INTO CSR.EST_SPACE_TYPE_ATTR (EST_SPACE_TYPE, ATTR_NAME, IS_MANDATORY) VALUES ('selfStorageFacility', 'numberOfComputers', 0);
	INSERT INTO CSR.EST_SPACE_TYPE_ATTR (EST_SPACE_TYPE, ATTR_NAME, IS_MANDATORY) VALUES ('selfStorageFacility', 'numberOfWorkers', 0);
	INSERT INTO CSR.EST_SPACE_TYPE_ATTR (EST_SPACE_TYPE, ATTR_NAME, IS_MANDATORY) VALUES ('fastFoodRestaurant', 'totalGrossFloorArea', 1);
	INSERT INTO CSR.EST_SPACE_TYPE_ATTR (EST_SPACE_TYPE, ATTR_NAME, IS_MANDATORY) VALUES ('fastFoodRestaurant', 'weeklyOperatingHours', 0);
	INSERT INTO CSR.EST_SPACE_TYPE_ATTR (EST_SPACE_TYPE, ATTR_NAME, IS_MANDATORY) VALUES ('fastFoodRestaurant', 'numberOfComputers', 0);
	INSERT INTO CSR.EST_SPACE_TYPE_ATTR (EST_SPACE_TYPE, ATTR_NAME, IS_MANDATORY) VALUES ('fastFoodRestaurant', 'numberOfWorkers', 0);
	INSERT INTO CSR.EST_SPACE_TYPE_ATTR (EST_SPACE_TYPE, ATTR_NAME, IS_MANDATORY) VALUES ('laboratory', 'totalGrossFloorArea', 1);
	INSERT INTO CSR.EST_SPACE_TYPE_ATTR (EST_SPACE_TYPE, ATTR_NAME, IS_MANDATORY) VALUES ('laboratory', 'weeklyOperatingHours', 0);
	INSERT INTO CSR.EST_SPACE_TYPE_ATTR (EST_SPACE_TYPE, ATTR_NAME, IS_MANDATORY) VALUES ('laboratory', 'numberOfComputers', 0);
	INSERT INTO CSR.EST_SPACE_TYPE_ATTR (EST_SPACE_TYPE, ATTR_NAME, IS_MANDATORY) VALUES ('laboratory', 'numberOfWorkers', 0);
	INSERT INTO CSR.EST_SPACE_TYPE_ATTR (EST_SPACE_TYPE, ATTR_NAME, IS_MANDATORY) VALUES ('convenienceStoreWithoutGasStation', 'totalGrossFloorArea', 1);
	INSERT INTO CSR.EST_SPACE_TYPE_ATTR (EST_SPACE_TYPE, ATTR_NAME, IS_MANDATORY) VALUES ('convenienceStoreWithoutGasStation', 'weeklyOperatingHours', 0);
	INSERT INTO CSR.EST_SPACE_TYPE_ATTR (EST_SPACE_TYPE, ATTR_NAME, IS_MANDATORY) VALUES ('convenienceStoreWithoutGasStation', 'numberOfComputers', 0);
	INSERT INTO CSR.EST_SPACE_TYPE_ATTR (EST_SPACE_TYPE, ATTR_NAME, IS_MANDATORY) VALUES ('convenienceStoreWithoutGasStation', 'numberOfWorkers', 0);
	INSERT INTO CSR.EST_SPACE_TYPE_ATTR (EST_SPACE_TYPE, ATTR_NAME, IS_MANDATORY) VALUES ('repairServices', 'totalGrossFloorArea', 1);
	INSERT INTO CSR.EST_SPACE_TYPE_ATTR (EST_SPACE_TYPE, ATTR_NAME, IS_MANDATORY) VALUES ('repairServices', 'weeklyOperatingHours', 0);
	INSERT INTO CSR.EST_SPACE_TYPE_ATTR (EST_SPACE_TYPE, ATTR_NAME, IS_MANDATORY) VALUES ('repairServices', 'numberOfComputers', 0);
	INSERT INTO CSR.EST_SPACE_TYPE_ATTR (EST_SPACE_TYPE, ATTR_NAME, IS_MANDATORY) VALUES ('repairServices', 'numberOfWorkers', 0);
	INSERT INTO CSR.EST_SPACE_TYPE_ATTR (EST_SPACE_TYPE, ATTR_NAME, IS_MANDATORY) VALUES ('otherTechnologyScience', 'totalGrossFloorArea', 1);
	INSERT INTO CSR.EST_SPACE_TYPE_ATTR (EST_SPACE_TYPE, ATTR_NAME, IS_MANDATORY) VALUES ('otherTechnologyScience', 'weeklyOperatingHours', 0);
	INSERT INTO CSR.EST_SPACE_TYPE_ATTR (EST_SPACE_TYPE, ATTR_NAME, IS_MANDATORY) VALUES ('otherTechnologyScience', 'numberOfComputers', 0);
	INSERT INTO CSR.EST_SPACE_TYPE_ATTR (EST_SPACE_TYPE, ATTR_NAME, IS_MANDATORY) VALUES ('otherTechnologyScience', 'numberOfWorkers', 0);
	INSERT INTO CSR.EST_SPACE_TYPE_ATTR (EST_SPACE_TYPE, ATTR_NAME, IS_MANDATORY) VALUES ('fireStation', 'totalGrossFloorArea', 1);
	INSERT INTO CSR.EST_SPACE_TYPE_ATTR (EST_SPACE_TYPE, ATTR_NAME, IS_MANDATORY) VALUES ('fireStation', 'weeklyOperatingHours', 0);
	INSERT INTO CSR.EST_SPACE_TYPE_ATTR (EST_SPACE_TYPE, ATTR_NAME, IS_MANDATORY) VALUES ('fireStation', 'numberOfComputers', 0);
	INSERT INTO CSR.EST_SPACE_TYPE_ATTR (EST_SPACE_TYPE, ATTR_NAME, IS_MANDATORY) VALUES ('fireStation', 'numberOfWorkers', 0);
	INSERT INTO CSR.EST_SPACE_TYPE_ATTR (EST_SPACE_TYPE, ATTR_NAME, IS_MANDATORY) VALUES ('foodSales', 'totalGrossFloorArea', 1);
	INSERT INTO CSR.EST_SPACE_TYPE_ATTR (EST_SPACE_TYPE, ATTR_NAME, IS_MANDATORY) VALUES ('foodSales', 'weeklyOperatingHours', 0);
	INSERT INTO CSR.EST_SPACE_TYPE_ATTR (EST_SPACE_TYPE, ATTR_NAME, IS_MANDATORY) VALUES ('foodSales', 'numberOfComputers', 0);
	INSERT INTO CSR.EST_SPACE_TYPE_ATTR (EST_SPACE_TYPE, ATTR_NAME, IS_MANDATORY) VALUES ('foodSales', 'numberOfWorkers', 0);
	INSERT INTO CSR.EST_SPACE_TYPE_ATTR (EST_SPACE_TYPE, ATTR_NAME, IS_MANDATORY) VALUES ('performingArts', 'totalGrossFloorArea', 1);
	INSERT INTO CSR.EST_SPACE_TYPE_ATTR (EST_SPACE_TYPE, ATTR_NAME, IS_MANDATORY) VALUES ('performingArts', 'weeklyOperatingHours', 0);
	INSERT INTO CSR.EST_SPACE_TYPE_ATTR (EST_SPACE_TYPE, ATTR_NAME, IS_MANDATORY) VALUES ('performingArts', 'numberOfComputers', 0);
	INSERT INTO CSR.EST_SPACE_TYPE_ATTR (EST_SPACE_TYPE, ATTR_NAME, IS_MANDATORY) VALUES ('performingArts', 'numberOfWorkers', 0);
	INSERT INTO CSR.EST_SPACE_TYPE_ATTR (EST_SPACE_TYPE, ATTR_NAME, IS_MANDATORY) VALUES ('outpatientRehabilitationPhysicalTherapy', 'totalGrossFloorArea', 1);
	INSERT INTO CSR.EST_SPACE_TYPE_ATTR (EST_SPACE_TYPE, ATTR_NAME, IS_MANDATORY) VALUES ('outpatientRehabilitationPhysicalTherapy', 'weeklyOperatingHours', 0);
	INSERT INTO CSR.EST_SPACE_TYPE_ATTR (EST_SPACE_TYPE, ATTR_NAME, IS_MANDATORY) VALUES ('outpatientRehabilitationPhysicalTherapy', 'numberOfComputers', 0);
	INSERT INTO CSR.EST_SPACE_TYPE_ATTR (EST_SPACE_TYPE, ATTR_NAME, IS_MANDATORY) VALUES ('outpatientRehabilitationPhysicalTherapy', 'numberOfWorkers', 0);
	INSERT INTO CSR.EST_SPACE_TYPE_ATTR (EST_SPACE_TYPE, ATTR_NAME, IS_MANDATORY) VALUES ('stripMall', 'totalGrossFloorArea', 1);
	INSERT INTO CSR.EST_SPACE_TYPE_ATTR (EST_SPACE_TYPE, ATTR_NAME, IS_MANDATORY) VALUES ('stripMall', 'weeklyOperatingHours', 0);
	INSERT INTO CSR.EST_SPACE_TYPE_ATTR (EST_SPACE_TYPE, ATTR_NAME, IS_MANDATORY) VALUES ('stripMall', 'numberOfComputers', 0);
	INSERT INTO CSR.EST_SPACE_TYPE_ATTR (EST_SPACE_TYPE, ATTR_NAME, IS_MANDATORY) VALUES ('stripMall', 'numberOfWorkers', 0);
	INSERT INTO CSR.EST_SPACE_TYPE_ATTR (EST_SPACE_TYPE, ATTR_NAME, IS_MANDATORY) VALUES ('rollerRink', 'totalGrossFloorArea', 1);
	INSERT INTO CSR.EST_SPACE_TYPE_ATTR (EST_SPACE_TYPE, ATTR_NAME, IS_MANDATORY) VALUES ('rollerRink', 'weeklyOperatingHours', 0);
	INSERT INTO CSR.EST_SPACE_TYPE_ATTR (EST_SPACE_TYPE, ATTR_NAME, IS_MANDATORY) VALUES ('rollerRink', 'numberOfComputers', 0);
	INSERT INTO CSR.EST_SPACE_TYPE_ATTR (EST_SPACE_TYPE, ATTR_NAME, IS_MANDATORY) VALUES ('rollerRink', 'numberOfWorkers', 0);
	INSERT INTO CSR.EST_SPACE_TYPE_ATTR (EST_SPACE_TYPE, ATTR_NAME, IS_MANDATORY) VALUES ('otherEducation', 'totalGrossFloorArea', 1);
	INSERT INTO CSR.EST_SPACE_TYPE_ATTR (EST_SPACE_TYPE, ATTR_NAME, IS_MANDATORY) VALUES ('otherEducation', 'weeklyOperatingHours', 0);
	INSERT INTO CSR.EST_SPACE_TYPE_ATTR (EST_SPACE_TYPE, ATTR_NAME, IS_MANDATORY) VALUES ('otherEducation', 'numberOfComputers', 0);
	INSERT INTO CSR.EST_SPACE_TYPE_ATTR (EST_SPACE_TYPE, ATTR_NAME, IS_MANDATORY) VALUES ('otherEducation', 'numberOfWorkers', 0);
	INSERT INTO CSR.EST_SPACE_TYPE_ATTR (EST_SPACE_TYPE, ATTR_NAME, IS_MANDATORY) VALUES ('fitnessCenterHealthClubGym', 'totalGrossFloorArea', 1);
	INSERT INTO CSR.EST_SPACE_TYPE_ATTR (EST_SPACE_TYPE, ATTR_NAME, IS_MANDATORY) VALUES ('fitnessCenterHealthClubGym', 'weeklyOperatingHours', 0);
	INSERT INTO CSR.EST_SPACE_TYPE_ATTR (EST_SPACE_TYPE, ATTR_NAME, IS_MANDATORY) VALUES ('fitnessCenterHealthClubGym', 'numberOfComputers', 0);
	INSERT INTO CSR.EST_SPACE_TYPE_ATTR (EST_SPACE_TYPE, ATTR_NAME, IS_MANDATORY) VALUES ('fitnessCenterHealthClubGym', 'numberOfWorkers', 0);
	INSERT INTO CSR.EST_SPACE_TYPE_ATTR (EST_SPACE_TYPE, ATTR_NAME, IS_MANDATORY) VALUES ('aquarium', 'totalGrossFloorArea', 1);
	INSERT INTO CSR.EST_SPACE_TYPE_ATTR (EST_SPACE_TYPE, ATTR_NAME, IS_MANDATORY) VALUES ('aquarium', 'weeklyOperatingHours', 0);
	INSERT INTO CSR.EST_SPACE_TYPE_ATTR (EST_SPACE_TYPE, ATTR_NAME, IS_MANDATORY) VALUES ('aquarium', 'numberOfComputers', 0);
	INSERT INTO CSR.EST_SPACE_TYPE_ATTR (EST_SPACE_TYPE, ATTR_NAME, IS_MANDATORY) VALUES ('aquarium', 'numberOfWorkers', 0);
	INSERT INTO CSR.EST_SPACE_TYPE_ATTR (EST_SPACE_TYPE, ATTR_NAME, IS_MANDATORY) VALUES ('foodService', 'totalGrossFloorArea', 1);
	INSERT INTO CSR.EST_SPACE_TYPE_ATTR (EST_SPACE_TYPE, ATTR_NAME, IS_MANDATORY) VALUES ('foodService', 'weeklyOperatingHours', 0);
	INSERT INTO CSR.EST_SPACE_TYPE_ATTR (EST_SPACE_TYPE, ATTR_NAME, IS_MANDATORY) VALUES ('foodService', 'numberOfComputers', 0);
	INSERT INTO CSR.EST_SPACE_TYPE_ATTR (EST_SPACE_TYPE, ATTR_NAME, IS_MANDATORY) VALUES ('foodService', 'numberOfWorkers', 0);
	INSERT INTO CSR.EST_SPACE_TYPE_ATTR (EST_SPACE_TYPE, ATTR_NAME, IS_MANDATORY) VALUES ('restaurant', 'totalGrossFloorArea', 1);
	INSERT INTO CSR.EST_SPACE_TYPE_ATTR (EST_SPACE_TYPE, ATTR_NAME, IS_MANDATORY) VALUES ('restaurant', 'weeklyOperatingHours', 0);
	INSERT INTO CSR.EST_SPACE_TYPE_ATTR (EST_SPACE_TYPE, ATTR_NAME, IS_MANDATORY) VALUES ('restaurant', 'numberOfComputers', 0);
	INSERT INTO CSR.EST_SPACE_TYPE_ATTR (EST_SPACE_TYPE, ATTR_NAME, IS_MANDATORY) VALUES ('restaurant', 'numberOfWorkers', 0);
	INSERT INTO CSR.EST_SPACE_TYPE_ATTR (EST_SPACE_TYPE, ATTR_NAME, IS_MANDATORY) VALUES ('enclosedMall', 'totalGrossFloorArea', 1);
	INSERT INTO CSR.EST_SPACE_TYPE_ATTR (EST_SPACE_TYPE, ATTR_NAME, IS_MANDATORY) VALUES ('enclosedMall', 'weeklyOperatingHours', 0);
	INSERT INTO CSR.EST_SPACE_TYPE_ATTR (EST_SPACE_TYPE, ATTR_NAME, IS_MANDATORY) VALUES ('enclosedMall', 'numberOfComputers', 0);
	INSERT INTO CSR.EST_SPACE_TYPE_ATTR (EST_SPACE_TYPE, ATTR_NAME, IS_MANDATORY) VALUES ('enclosedMall', 'numberOfWorkers', 0);
	INSERT INTO CSR.EST_SPACE_TYPE_ATTR (EST_SPACE_TYPE, ATTR_NAME, IS_MANDATORY) VALUES ('iceCurlingRink', 'totalGrossFloorArea', 1);
	INSERT INTO CSR.EST_SPACE_TYPE_ATTR (EST_SPACE_TYPE, ATTR_NAME, IS_MANDATORY) VALUES ('iceCurlingRink', 'weeklyOperatingHours', 0);
	INSERT INTO CSR.EST_SPACE_TYPE_ATTR (EST_SPACE_TYPE, ATTR_NAME, IS_MANDATORY) VALUES ('iceCurlingRink', 'numberOfComputers', 0);
	INSERT INTO CSR.EST_SPACE_TYPE_ATTR (EST_SPACE_TYPE, ATTR_NAME, IS_MANDATORY) VALUES ('iceCurlingRink', 'numberOfWorkers', 0);
	INSERT INTO CSR.EST_SPACE_TYPE_ATTR (EST_SPACE_TYPE, ATTR_NAME, IS_MANDATORY) VALUES ('adultEducation', 'totalGrossFloorArea', 1);
	INSERT INTO CSR.EST_SPACE_TYPE_ATTR (EST_SPACE_TYPE, ATTR_NAME, IS_MANDATORY) VALUES ('adultEducation', 'weeklyOperatingHours', 0);
	INSERT INTO CSR.EST_SPACE_TYPE_ATTR (EST_SPACE_TYPE, ATTR_NAME, IS_MANDATORY) VALUES ('adultEducation', 'numberOfComputers', 0);
	INSERT INTO CSR.EST_SPACE_TYPE_ATTR (EST_SPACE_TYPE, ATTR_NAME, IS_MANDATORY) VALUES ('adultEducation', 'numberOfWorkers', 0);
	INSERT INTO CSR.EST_SPACE_TYPE_ATTR (EST_SPACE_TYPE, ATTR_NAME, IS_MANDATORY) VALUES ('otherEntertainmentPublicAssembly', 'totalGrossFloorArea', 1);
	INSERT INTO CSR.EST_SPACE_TYPE_ATTR (EST_SPACE_TYPE, ATTR_NAME, IS_MANDATORY) VALUES ('otherEntertainmentPublicAssembly', 'weeklyOperatingHours', 0);
	INSERT INTO CSR.EST_SPACE_TYPE_ATTR (EST_SPACE_TYPE, ATTR_NAME, IS_MANDATORY) VALUES ('otherEntertainmentPublicAssembly', 'numberOfComputers', 0);
	INSERT INTO CSR.EST_SPACE_TYPE_ATTR (EST_SPACE_TYPE, ATTR_NAME, IS_MANDATORY) VALUES ('otherEntertainmentPublicAssembly', 'numberOfWorkers', 0);
	INSERT INTO CSR.EST_SPACE_TYPE_ATTR (EST_SPACE_TYPE, ATTR_NAME, IS_MANDATORY) VALUES ('movieTheater', 'totalGrossFloorArea', 1);
	INSERT INTO CSR.EST_SPACE_TYPE_ATTR (EST_SPACE_TYPE, ATTR_NAME, IS_MANDATORY) VALUES ('movieTheater', 'weeklyOperatingHours', 0);
	INSERT INTO CSR.EST_SPACE_TYPE_ATTR (EST_SPACE_TYPE, ATTR_NAME, IS_MANDATORY) VALUES ('movieTheater', 'numberOfComputers', 0);
	INSERT INTO CSR.EST_SPACE_TYPE_ATTR (EST_SPACE_TYPE, ATTR_NAME, IS_MANDATORY) VALUES ('movieTheater', 'numberOfWorkers', 0);
	INSERT INTO CSR.EST_SPACE_TYPE_ATTR (EST_SPACE_TYPE, ATTR_NAME, IS_MANDATORY) VALUES ('transportationTerminalStation', 'totalGrossFloorArea', 1);
	INSERT INTO CSR.EST_SPACE_TYPE_ATTR (EST_SPACE_TYPE, ATTR_NAME, IS_MANDATORY) VALUES ('transportationTerminalStation', 'weeklyOperatingHours', 0);
	INSERT INTO CSR.EST_SPACE_TYPE_ATTR (EST_SPACE_TYPE, ATTR_NAME, IS_MANDATORY) VALUES ('transportationTerminalStation', 'numberOfComputers', 0);
	INSERT INTO CSR.EST_SPACE_TYPE_ATTR (EST_SPACE_TYPE, ATTR_NAME, IS_MANDATORY) VALUES ('transportationTerminalStation', 'numberOfWorkers', 0);
	INSERT INTO CSR.EST_SPACE_TYPE_ATTR (EST_SPACE_TYPE, ATTR_NAME, IS_MANDATORY) VALUES ('vocationalSchool', 'totalGrossFloorArea', 1);
	INSERT INTO CSR.EST_SPACE_TYPE_ATTR (EST_SPACE_TYPE, ATTR_NAME, IS_MANDATORY) VALUES ('vocationalSchool', 'weeklyOperatingHours', 0);
	INSERT INTO CSR.EST_SPACE_TYPE_ATTR (EST_SPACE_TYPE, ATTR_NAME, IS_MANDATORY) VALUES ('vocationalSchool', 'numberOfComputers', 0);
	INSERT INTO CSR.EST_SPACE_TYPE_ATTR (EST_SPACE_TYPE, ATTR_NAME, IS_MANDATORY) VALUES ('vocationalSchool', 'numberOfWorkers', 0);
	INSERT INTO CSR.EST_SPACE_TYPE_ATTR (EST_SPACE_TYPE, ATTR_NAME, IS_MANDATORY) VALUES ('socialMeetingHall', 'totalGrossFloorArea', 1);
	INSERT INTO CSR.EST_SPACE_TYPE_ATTR (EST_SPACE_TYPE, ATTR_NAME, IS_MANDATORY) VALUES ('socialMeetingHall', 'weeklyOperatingHours', 0);
	INSERT INTO CSR.EST_SPACE_TYPE_ATTR (EST_SPACE_TYPE, ATTR_NAME, IS_MANDATORY) VALUES ('socialMeetingHall', 'numberOfComputers', 0);
	INSERT INTO CSR.EST_SPACE_TYPE_ATTR (EST_SPACE_TYPE, ATTR_NAME, IS_MANDATORY) VALUES ('socialMeetingHall', 'numberOfWorkers', 0);
	INSERT INTO CSR.EST_SPACE_TYPE_ATTR (EST_SPACE_TYPE, ATTR_NAME, IS_MANDATORY) VALUES ('otherMall', 'totalGrossFloorArea', 1);
	INSERT INTO CSR.EST_SPACE_TYPE_ATTR (EST_SPACE_TYPE, ATTR_NAME, IS_MANDATORY) VALUES ('otherMall', 'weeklyOperatingHours', 0);
	INSERT INTO CSR.EST_SPACE_TYPE_ATTR (EST_SPACE_TYPE, ATTR_NAME, IS_MANDATORY) VALUES ('otherMall', 'numberOfComputers', 0);
	INSERT INTO CSR.EST_SPACE_TYPE_ATTR (EST_SPACE_TYPE, ATTR_NAME, IS_MANDATORY) VALUES ('otherMall', 'numberOfWorkers', 0);
	INSERT INTO CSR.EST_SPACE_TYPE_ATTR (EST_SPACE_TYPE, ATTR_NAME, IS_MANDATORY) VALUES ('convenienceStoreWithGasStation', 'totalGrossFloorArea', 1);
	INSERT INTO CSR.EST_SPACE_TYPE_ATTR (EST_SPACE_TYPE, ATTR_NAME, IS_MANDATORY) VALUES ('convenienceStoreWithGasStation', 'weeklyOperatingHours', 0);
	INSERT INTO CSR.EST_SPACE_TYPE_ATTR (EST_SPACE_TYPE, ATTR_NAME, IS_MANDATORY) VALUES ('convenienceStoreWithGasStation', 'numberOfComputers', 0);
	INSERT INTO CSR.EST_SPACE_TYPE_ATTR (EST_SPACE_TYPE, ATTR_NAME, IS_MANDATORY) VALUES ('convenienceStoreWithGasStation', 'numberOfWorkers', 0);
	INSERT INTO CSR.EST_SPACE_TYPE_ATTR (EST_SPACE_TYPE, ATTR_NAME, IS_MANDATORY) VALUES ('other', 'totalGrossFloorArea', 1);
	INSERT INTO CSR.EST_SPACE_TYPE_ATTR (EST_SPACE_TYPE, ATTR_NAME, IS_MANDATORY) VALUES ('other', 'weeklyOperatingHours', 0);
	INSERT INTO CSR.EST_SPACE_TYPE_ATTR (EST_SPACE_TYPE, ATTR_NAME, IS_MANDATORY) VALUES ('other', 'numberOfComputers', 0);
	INSERT INTO CSR.EST_SPACE_TYPE_ATTR (EST_SPACE_TYPE, ATTR_NAME, IS_MANDATORY) VALUES ('other', 'numberOfWorkers', 0);
END;
/

BEGIN
	INSERT INTO CSR.EST_METER_TYPE (METER_TYPE) VALUES ('Well Water - Indoor');
	INSERT INTO CSR.EST_METER_TYPE (METER_TYPE) VALUES ('Well Water - Mixed Indoor/Outdoor');
	INSERT INTO CSR.EST_METER_TYPE (METER_TYPE) VALUES ('Well Water - Outdoor');
	INSERT INTO CSR.EST_METER_TYPE (METER_TYPE) VALUES ('Average Influent Flow');
	INSERT INTO CSR.EST_METER_TYPE (METER_TYPE) VALUES ('Coal Anthracite');
	INSERT INTO CSR.EST_METER_TYPE (METER_TYPE) VALUES ('Coal Bituminous');
	INSERT INTO CSR.EST_METER_TYPE (METER_TYPE) VALUES ('Coke');
	INSERT INTO CSR.EST_METER_TYPE (METER_TYPE) VALUES ('Diesel');
	INSERT INTO CSR.EST_METER_TYPE (METER_TYPE) VALUES ('District Chilled Water - Absorption Chiller using Natural Gas');
	INSERT INTO CSR.EST_METER_TYPE (METER_TYPE) VALUES ('District Chilled Water - Electric-Driven Chiller');
	INSERT INTO CSR.EST_METER_TYPE (METER_TYPE) VALUES ('District Chilled Water - Engine-Driven Chiller using Natural Gas');
	INSERT INTO CSR.EST_METER_TYPE (METER_TYPE) VALUES ('District Chilled Water - Other');
	INSERT INTO CSR.EST_METER_TYPE (METER_TYPE) VALUES ('District Hot Water');
	INSERT INTO CSR.EST_METER_TYPE (METER_TYPE) VALUES ('District Steam');
	INSERT INTO CSR.EST_METER_TYPE (METER_TYPE) VALUES ('Electric');
	INSERT INTO CSR.EST_METER_TYPE (METER_TYPE) VALUES ('Electric on Site Solar');
	INSERT INTO CSR.EST_METER_TYPE (METER_TYPE) VALUES ('Electric on Site Wind');
	INSERT INTO CSR.EST_METER_TYPE (METER_TYPE) VALUES ('Fuel Oil No 1');
	INSERT INTO CSR.EST_METER_TYPE (METER_TYPE) VALUES ('Fuel Oil No 2');
	INSERT INTO CSR.EST_METER_TYPE (METER_TYPE) VALUES ('Fuel Oil No 4');
	INSERT INTO CSR.EST_METER_TYPE (METER_TYPE) VALUES ('Fuel Oil No 5 or 6');
	INSERT INTO CSR.EST_METER_TYPE (METER_TYPE) VALUES ('IT Equipment Input Energy (meters on each piece of equipment)');
	INSERT INTO CSR.EST_METER_TYPE (METER_TYPE) VALUES ('Kerosene');
	INSERT INTO CSR.EST_METER_TYPE (METER_TYPE) VALUES ('Municipally Supplied Potable Water - Indoor');
	INSERT INTO CSR.EST_METER_TYPE (METER_TYPE) VALUES ('Municipally Supplied Potable Water - Mixed Indoor/Outdoor');
	INSERT INTO CSR.EST_METER_TYPE (METER_TYPE) VALUES ('Municipally Supplied Potable Water - Outdoor');
	INSERT INTO CSR.EST_METER_TYPE (METER_TYPE) VALUES ('Municipally Supplied Reclaimed Water - Indoor');
	INSERT INTO CSR.EST_METER_TYPE (METER_TYPE) VALUES ('Municipally Supplied Reclaimed Water - Mixed Indoor/Outdoor');
	INSERT INTO CSR.EST_METER_TYPE (METER_TYPE) VALUES ('Municipally Supplied Reclaimed Water - Outdoor');
	INSERT INTO CSR.EST_METER_TYPE (METER_TYPE) VALUES ('Natural Gas');
	INSERT INTO CSR.EST_METER_TYPE (METER_TYPE) VALUES ('Other (Energy)');
	INSERT INTO CSR.EST_METER_TYPE (METER_TYPE) VALUES ('Other - Indoor');
	INSERT INTO CSR.EST_METER_TYPE (METER_TYPE) VALUES ('Other - Mixed Indoor/Outdoor (Water)');
	INSERT INTO CSR.EST_METER_TYPE (METER_TYPE) VALUES ('Other - Outdoor');
	INSERT INTO CSR.EST_METER_TYPE (METER_TYPE) VALUES ('Power Distribution Unit (PDU) Input Energy');
	INSERT INTO CSR.EST_METER_TYPE (METER_TYPE) VALUES ('Power Distribution Unit (PDU) Output Energy');
	INSERT INTO CSR.EST_METER_TYPE (METER_TYPE) VALUES ('Propane');
	INSERT INTO CSR.EST_METER_TYPE (METER_TYPE) VALUES ('Uninterruptible Power Supply (UPS) Output Energy');
	INSERT INTO CSR.EST_METER_TYPE (METER_TYPE) VALUES ('Wood');
END;
/

BEGIN
	INSERT INTO CSR.EST_METER_CONV (METER_TYPE, UOM) VALUES ('Coke', 'GJ');
	INSERT INTO CSR.EST_METER_CONV (METER_TYPE, UOM) VALUES ('Coke', 'KLbs. (thousand pounds)');
	INSERT INTO CSR.EST_METER_CONV (METER_TYPE, UOM) VALUES ('Coke', 'MBtu (million Btu)');
	INSERT INTO CSR.EST_METER_CONV (METER_TYPE, UOM) VALUES ('Coke', 'MLbs. (million pounds)');
	INSERT INTO CSR.EST_METER_CONV (METER_TYPE, UOM) VALUES ('Coke', 'Tonnes (metric)');
	INSERT INTO CSR.EST_METER_CONV (METER_TYPE, UOM) VALUES ('Coke', 'kBtu (thousand Btu)');
	INSERT INTO CSR.EST_METER_CONV (METER_TYPE, UOM) VALUES ('Coke', 'pounds');
	INSERT INTO CSR.EST_METER_CONV (METER_TYPE, UOM) VALUES ('Coke', 'tons');
	INSERT INTO CSR.EST_METER_CONV (METER_TYPE, UOM) VALUES ('Diesel', 'GJ');
	INSERT INTO CSR.EST_METER_CONV (METER_TYPE, UOM) VALUES ('Diesel', 'Gallons (UK)');
	INSERT INTO CSR.EST_METER_CONV (METER_TYPE, UOM) VALUES ('Diesel', 'Gallons (US)');
	INSERT INTO CSR.EST_METER_CONV (METER_TYPE, UOM) VALUES ('Diesel', 'Liters');
	INSERT INTO CSR.EST_METER_CONV (METER_TYPE, UOM) VALUES ('Diesel', 'MBtu (million Btu)');
	INSERT INTO CSR.EST_METER_CONV (METER_TYPE, UOM) VALUES ('Diesel', 'kBtu (thousand Btu)');
	INSERT INTO CSR.EST_METER_CONV (METER_TYPE, UOM) VALUES ('District Chilled Water - Absorption Chiller using Natural Gas', 'GJ');
	INSERT INTO CSR.EST_METER_CONV (METER_TYPE, UOM) VALUES ('District Chilled Water - Absorption Chiller using Natural Gas', 'MBtu (million Btu)');
	INSERT INTO CSR.EST_METER_CONV (METER_TYPE, UOM) VALUES ('District Chilled Water - Absorption Chiller using Natural Gas', 'kBtu (thousand Btu)');
	INSERT INTO CSR.EST_METER_CONV (METER_TYPE, UOM) VALUES ('District Chilled Water - Absorption Chiller using Natural Gas', 'ton hours');
	INSERT INTO CSR.EST_METER_CONV (METER_TYPE, UOM) VALUES ('District Chilled Water - Electric-Driven Chiller', 'GJ');
	INSERT INTO CSR.EST_METER_CONV (METER_TYPE, UOM) VALUES ('District Chilled Water - Electric-Driven Chiller', 'MBtu (million Btu)');
	INSERT INTO CSR.EST_METER_CONV (METER_TYPE, UOM) VALUES ('District Chilled Water - Electric-Driven Chiller', 'kBtu (thousand Btu)');
	INSERT INTO CSR.EST_METER_CONV (METER_TYPE, UOM) VALUES ('District Chilled Water - Electric-Driven Chiller', 'ton hours');
	INSERT INTO CSR.EST_METER_CONV (METER_TYPE, UOM) VALUES ('District Chilled Water - Engine-Driven Chiller using Natural Gas', 'GJ');
	INSERT INTO CSR.EST_METER_CONV (METER_TYPE, UOM) VALUES ('District Chilled Water - Engine-Driven Chiller using Natural Gas', 'MBtu (million Btu)');
	INSERT INTO CSR.EST_METER_CONV (METER_TYPE, UOM) VALUES ('District Chilled Water - Engine-Driven Chiller using Natural Gas', 'kBtu (thousand Btu)');
	INSERT INTO CSR.EST_METER_CONV (METER_TYPE, UOM) VALUES ('District Chilled Water - Engine-Driven Chiller using Natural Gas', 'ton hours');
	INSERT INTO CSR.EST_METER_CONV (METER_TYPE, UOM) VALUES ('District Chilled Water - Other', 'GJ');
	INSERT INTO CSR.EST_METER_CONV (METER_TYPE, UOM) VALUES ('District Chilled Water - Other', 'MBtu (million Btu)');
	INSERT INTO CSR.EST_METER_CONV (METER_TYPE, UOM) VALUES ('District Chilled Water - Other', 'kBtu (thousand Btu)');
	INSERT INTO CSR.EST_METER_CONV (METER_TYPE, UOM) VALUES ('District Chilled Water - Other', 'ton hours');
	INSERT INTO CSR.EST_METER_CONV (METER_TYPE, UOM) VALUES ('District Hot Water', 'GJ');
	INSERT INTO CSR.EST_METER_CONV (METER_TYPE, UOM) VALUES ('District Hot Water', 'MBtu (million Btu)');
	INSERT INTO CSR.EST_METER_CONV (METER_TYPE, UOM) VALUES ('District Hot Water', 'kBtu (thousand Btu)');
	INSERT INTO CSR.EST_METER_CONV (METER_TYPE, UOM) VALUES ('District Hot Water', 'therms');
	INSERT INTO CSR.EST_METER_CONV (METER_TYPE, UOM) VALUES ('District Steam', 'GJ');
	INSERT INTO CSR.EST_METER_CONV (METER_TYPE, UOM) VALUES ('District Steam', 'KLbs. (thousand pounds)');
	INSERT INTO CSR.EST_METER_CONV (METER_TYPE, UOM) VALUES ('District Steam', 'MBtu (million Btu)');
	INSERT INTO CSR.EST_METER_CONV (METER_TYPE, UOM) VALUES ('District Steam', 'MLbs. (million pounds)');
	INSERT INTO CSR.EST_METER_CONV (METER_TYPE, UOM) VALUES ('District Steam', 'kBtu (thousand Btu)');
	INSERT INTO CSR.EST_METER_CONV (METER_TYPE, UOM) VALUES ('District Steam', 'Kilogram');
	INSERT INTO CSR.EST_METER_CONV (METER_TYPE, UOM) VALUES ('District Steam', 'pounds');
	INSERT INTO CSR.EST_METER_CONV (METER_TYPE, UOM) VALUES ('District Steam', 'therms');
	INSERT INTO CSR.EST_METER_CONV (METER_TYPE, UOM) VALUES ('Electric', 'GJ');
	INSERT INTO CSR.EST_METER_CONV (METER_TYPE, UOM) VALUES ('Electric', 'MBtu (million Btu)');
	INSERT INTO CSR.EST_METER_CONV (METER_TYPE, UOM) VALUES ('Electric', 'MWh (million Watt-hours)');
	INSERT INTO CSR.EST_METER_CONV (METER_TYPE, UOM) VALUES ('Electric', 'kBtu (thousand Btu)');
	INSERT INTO CSR.EST_METER_CONV (METER_TYPE, UOM) VALUES ('Electric', 'kWh (thousand Watt-hours)');
	INSERT INTO CSR.EST_METER_CONV (METER_TYPE, UOM) VALUES ('Electric on Site Solar', 'GJ');
	INSERT INTO CSR.EST_METER_CONV (METER_TYPE, UOM) VALUES ('Electric on Site Solar', 'MBtu (million Btu)');
	INSERT INTO CSR.EST_METER_CONV (METER_TYPE, UOM) VALUES ('Electric on Site Solar', 'MWh (million Watt-hours)');
	INSERT INTO CSR.EST_METER_CONV (METER_TYPE, UOM) VALUES ('Electric on Site Solar', 'kBtu (thousand Btu)');
	INSERT INTO CSR.EST_METER_CONV (METER_TYPE, UOM) VALUES ('Electric on Site Solar', 'kWh (thousand Watt-hours)');
	INSERT INTO CSR.EST_METER_CONV (METER_TYPE, UOM) VALUES ('Electric on Site Wind', 'GJ');
	INSERT INTO CSR.EST_METER_CONV (METER_TYPE, UOM) VALUES ('Electric on Site Wind', 'MBtu (million Btu)');
	INSERT INTO CSR.EST_METER_CONV (METER_TYPE, UOM) VALUES ('Electric on Site Wind', 'MWh (million Watt-hours)');
	INSERT INTO CSR.EST_METER_CONV (METER_TYPE, UOM) VALUES ('Electric on Site Wind', 'kBtu (thousand Btu)');
	INSERT INTO CSR.EST_METER_CONV (METER_TYPE, UOM) VALUES ('Electric on Site Wind', 'kWh (thousand Watt-hours)');
	INSERT INTO CSR.EST_METER_CONV (METER_TYPE, UOM) VALUES ('Fuel Oil No 1', 'GJ');
	INSERT INTO CSR.EST_METER_CONV (METER_TYPE, UOM) VALUES ('Fuel Oil No 1', 'Gallons (UK)');
	INSERT INTO CSR.EST_METER_CONV (METER_TYPE, UOM) VALUES ('Fuel Oil No 1', 'Gallons (US)');
	INSERT INTO CSR.EST_METER_CONV (METER_TYPE, UOM) VALUES ('Fuel Oil No 1', 'Liters');
	INSERT INTO CSR.EST_METER_CONV (METER_TYPE, UOM) VALUES ('Fuel Oil No 1', 'MBtu (million Btu)');
	INSERT INTO CSR.EST_METER_CONV (METER_TYPE, UOM) VALUES ('Fuel Oil No 1', 'kBtu (thousand Btu)');
	INSERT INTO CSR.EST_METER_CONV (METER_TYPE, UOM) VALUES ('Fuel Oil No 2', 'GJ');
	INSERT INTO CSR.EST_METER_CONV (METER_TYPE, UOM) VALUES ('Fuel Oil No 2', 'Gallons (UK)');
	INSERT INTO CSR.EST_METER_CONV (METER_TYPE, UOM) VALUES ('Fuel Oil No 2', 'Gallons (US)');
	INSERT INTO CSR.EST_METER_CONV (METER_TYPE, UOM) VALUES ('Fuel Oil No 2', 'Liters');
	INSERT INTO CSR.EST_METER_CONV (METER_TYPE, UOM) VALUES ('Fuel Oil No 2', 'MBtu (million Btu)');
	INSERT INTO CSR.EST_METER_CONV (METER_TYPE, UOM) VALUES ('Fuel Oil No 2', 'kBtu (thousand Btu)');
	INSERT INTO CSR.EST_METER_CONV (METER_TYPE, UOM) VALUES ('Fuel Oil No 4', 'GJ');
	INSERT INTO CSR.EST_METER_CONV (METER_TYPE, UOM) VALUES ('Fuel Oil No 4', 'Gallons (UK)');
	INSERT INTO CSR.EST_METER_CONV (METER_TYPE, UOM) VALUES ('Fuel Oil No 4', 'Gallons (US)');
	INSERT INTO CSR.EST_METER_CONV (METER_TYPE, UOM) VALUES ('Fuel Oil No 4', 'Liters');
	INSERT INTO CSR.EST_METER_CONV (METER_TYPE, UOM) VALUES ('Fuel Oil No 4', 'MBtu (million Btu)');
	INSERT INTO CSR.EST_METER_CONV (METER_TYPE, UOM) VALUES ('Fuel Oil No 4', 'kBtu (thousand Btu)');
	INSERT INTO CSR.EST_METER_CONV (METER_TYPE, UOM) VALUES ('Fuel Oil No 5 or 6', 'GJ');
	INSERT INTO CSR.EST_METER_CONV (METER_TYPE, UOM) VALUES ('Fuel Oil No 5 or 6', 'Gallons (UK)');
	INSERT INTO CSR.EST_METER_CONV (METER_TYPE, UOM) VALUES ('Fuel Oil No 5 or 6', 'Gallons (US)');
	INSERT INTO CSR.EST_METER_CONV (METER_TYPE, UOM) VALUES ('Fuel Oil No 5 or 6', 'Liters');
	INSERT INTO CSR.EST_METER_CONV (METER_TYPE, UOM) VALUES ('Fuel Oil No 5 or 6', 'MBtu (million Btu)');
	INSERT INTO CSR.EST_METER_CONV (METER_TYPE, UOM) VALUES ('Fuel Oil No 5 or 6', 'kBtu (thousand Btu)');
	INSERT INTO CSR.EST_METER_CONV (METER_TYPE, UOM) VALUES ('IT Equipment Input Energy (meters on each piece of equipment)', 'kWh (thousand Watt-hours)');
	INSERT INTO CSR.EST_METER_CONV (METER_TYPE, UOM) VALUES ('Kerosene', 'GJ');
	INSERT INTO CSR.EST_METER_CONV (METER_TYPE, UOM) VALUES ('Kerosene', 'Gallons (UK)');
	INSERT INTO CSR.EST_METER_CONV (METER_TYPE, UOM) VALUES ('Kerosene', 'Gallons (US)');
	INSERT INTO CSR.EST_METER_CONV (METER_TYPE, UOM) VALUES ('Kerosene', 'Liters');
	INSERT INTO CSR.EST_METER_CONV (METER_TYPE, UOM) VALUES ('Kerosene', 'MBtu (million Btu)');
	INSERT INTO CSR.EST_METER_CONV (METER_TYPE, UOM) VALUES ('Kerosene', 'kBtu (thousand Btu)');
	INSERT INTO CSR.EST_METER_CONV (METER_TYPE, UOM) VALUES ('Municipally Supplied Potable Water - Indoor', 'Gallons (UK)');
	INSERT INTO CSR.EST_METER_CONV (METER_TYPE, UOM) VALUES ('Municipally Supplied Potable Water - Indoor', 'Gallons (US)');
	INSERT INTO CSR.EST_METER_CONV (METER_TYPE, UOM) VALUES ('Municipally Supplied Potable Water - Indoor', 'KGal (thousand gallons) (UK)');
	INSERT INTO CSR.EST_METER_CONV (METER_TYPE, UOM) VALUES ('Municipally Supplied Potable Water - Indoor', 'KGal (thousand gallons) (US)');
	INSERT INTO CSR.EST_METER_CONV (METER_TYPE, UOM) VALUES ('Municipally Supplied Potable Water - Indoor', 'Kcm (Thousand Cubic meters)');
	INSERT INTO CSR.EST_METER_CONV (METER_TYPE, UOM) VALUES ('Municipally Supplied Potable Water - Indoor', 'Liters');
	INSERT INTO CSR.EST_METER_CONV (METER_TYPE, UOM) VALUES ('Municipally Supplied Potable Water - Indoor', 'MCF(million cubic feet)');
	INSERT INTO CSR.EST_METER_CONV (METER_TYPE, UOM) VALUES ('Municipally Supplied Potable Water - Indoor', 'MGal (million gallons) (UK)');
	INSERT INTO CSR.EST_METER_CONV (METER_TYPE, UOM) VALUES ('Municipally Supplied Potable Water - Indoor', 'MGal (million gallons) (US)');
	INSERT INTO CSR.EST_METER_CONV (METER_TYPE, UOM) VALUES ('Municipally Supplied Potable Water - Indoor', 'cGal (hundred gallons) (UK)');
	INSERT INTO CSR.EST_METER_CONV (METER_TYPE, UOM) VALUES ('Municipally Supplied Potable Water - Indoor', 'cGal (hundred gallons) (US)');
	INSERT INTO CSR.EST_METER_CONV (METER_TYPE, UOM) VALUES ('Municipally Supplied Potable Water - Indoor', 'ccf (hundred cubic feet)');
	INSERT INTO CSR.EST_METER_CONV (METER_TYPE, UOM) VALUES ('Municipally Supplied Potable Water - Indoor', 'cf (cubic feet)');
	INSERT INTO CSR.EST_METER_CONV (METER_TYPE, UOM) VALUES ('Municipally Supplied Potable Water - Indoor', 'cm (Cubic meters)');
	INSERT INTO CSR.EST_METER_CONV (METER_TYPE, UOM) VALUES ('Municipally Supplied Potable Water - Indoor', 'kcf (thousand cubic feet)');
	INSERT INTO CSR.EST_METER_CONV (METER_TYPE, UOM) VALUES ('Municipally Supplied Potable Water - Mixed Indoor/Outdoor', 'Gallons (UK)');
	INSERT INTO CSR.EST_METER_CONV (METER_TYPE, UOM) VALUES ('Municipally Supplied Potable Water - Mixed Indoor/Outdoor', 'Gallons (US)');
	INSERT INTO CSR.EST_METER_CONV (METER_TYPE, UOM) VALUES ('Municipally Supplied Potable Water - Mixed Indoor/Outdoor', 'KGal (thousand gallons) (UK)');
	INSERT INTO CSR.EST_METER_CONV (METER_TYPE, UOM) VALUES ('Municipally Supplied Potable Water - Mixed Indoor/Outdoor', 'KGal (thousand gallons) (US)');
	INSERT INTO CSR.EST_METER_CONV (METER_TYPE, UOM) VALUES ('Municipally Supplied Potable Water - Mixed Indoor/Outdoor', 'Kcm (Thousand Cubic meters)');
	INSERT INTO CSR.EST_METER_CONV (METER_TYPE, UOM) VALUES ('Municipally Supplied Potable Water - Mixed Indoor/Outdoor', 'Liters');
	INSERT INTO CSR.EST_METER_CONV (METER_TYPE, UOM) VALUES ('Municipally Supplied Potable Water - Mixed Indoor/Outdoor', 'MCF(million cubic feet)');
	INSERT INTO CSR.EST_METER_CONV (METER_TYPE, UOM) VALUES ('Municipally Supplied Potable Water - Mixed Indoor/Outdoor', 'MGal (million gallons) (UK)');
	INSERT INTO CSR.EST_METER_CONV (METER_TYPE, UOM) VALUES ('Municipally Supplied Potable Water - Mixed Indoor/Outdoor', 'MGal (million gallons) (US)');
	INSERT INTO CSR.EST_METER_CONV (METER_TYPE, UOM) VALUES ('Municipally Supplied Potable Water - Mixed Indoor/Outdoor', 'cGal (hundred gallons) (UK)');
	INSERT INTO CSR.EST_METER_CONV (METER_TYPE, UOM) VALUES ('Municipally Supplied Potable Water - Mixed Indoor/Outdoor', 'cGal (hundred gallons) (US)');
	INSERT INTO CSR.EST_METER_CONV (METER_TYPE, UOM) VALUES ('Municipally Supplied Potable Water - Mixed Indoor/Outdoor', 'ccf (hundred cubic feet)');
	INSERT INTO CSR.EST_METER_CONV (METER_TYPE, UOM) VALUES ('Municipally Supplied Potable Water - Mixed Indoor/Outdoor', 'cf (cubic feet)');
	INSERT INTO CSR.EST_METER_CONV (METER_TYPE, UOM) VALUES ('Municipally Supplied Potable Water - Mixed Indoor/Outdoor', 'cm (Cubic meters)');
	INSERT INTO CSR.EST_METER_CONV (METER_TYPE, UOM) VALUES ('Municipally Supplied Potable Water - Mixed Indoor/Outdoor', 'kcf (thousand cubic feet)');
	INSERT INTO CSR.EST_METER_CONV (METER_TYPE, UOM) VALUES ('Municipally Supplied Potable Water - Outdoor', 'Gallons (UK)');
	INSERT INTO CSR.EST_METER_CONV (METER_TYPE, UOM) VALUES ('Municipally Supplied Potable Water - Outdoor', 'Gallons (US)');
	INSERT INTO CSR.EST_METER_CONV (METER_TYPE, UOM) VALUES ('Municipally Supplied Potable Water - Outdoor', 'KGal (thousand gallons) (UK)');
	INSERT INTO CSR.EST_METER_CONV (METER_TYPE, UOM) VALUES ('Municipally Supplied Potable Water - Outdoor', 'KGal (thousand gallons) (US)');
	INSERT INTO CSR.EST_METER_CONV (METER_TYPE, UOM) VALUES ('Municipally Supplied Potable Water - Outdoor', 'Kcm (Thousand Cubic meters)');
	INSERT INTO CSR.EST_METER_CONV (METER_TYPE, UOM) VALUES ('Municipally Supplied Potable Water - Outdoor', 'Liters');
	INSERT INTO CSR.EST_METER_CONV (METER_TYPE, UOM) VALUES ('Municipally Supplied Potable Water - Outdoor', 'MCF(million cubic feet)');
	INSERT INTO CSR.EST_METER_CONV (METER_TYPE, UOM) VALUES ('Municipally Supplied Potable Water - Outdoor', 'MGal (million gallons) (UK)');
	INSERT INTO CSR.EST_METER_CONV (METER_TYPE, UOM) VALUES ('Municipally Supplied Potable Water - Outdoor', 'MGal (million gallons) (US)');
	INSERT INTO CSR.EST_METER_CONV (METER_TYPE, UOM) VALUES ('Municipally Supplied Potable Water - Outdoor', 'cGal (hundred gallons) (UK)');
	INSERT INTO CSR.EST_METER_CONV (METER_TYPE, UOM) VALUES ('Municipally Supplied Potable Water - Outdoor', 'cGal (hundred gallons) (US)');
	INSERT INTO CSR.EST_METER_CONV (METER_TYPE, UOM) VALUES ('Municipally Supplied Potable Water - Outdoor', 'ccf (hundred cubic feet)');
	INSERT INTO CSR.EST_METER_CONV (METER_TYPE, UOM) VALUES ('Municipally Supplied Potable Water - Outdoor', 'cf (cubic feet)');
	INSERT INTO CSR.EST_METER_CONV (METER_TYPE, UOM) VALUES ('Municipally Supplied Potable Water - Outdoor', 'cm (Cubic meters)');
	INSERT INTO CSR.EST_METER_CONV (METER_TYPE, UOM) VALUES ('Municipally Supplied Potable Water - Outdoor', 'kcf (thousand cubic feet)');
	INSERT INTO CSR.EST_METER_CONV (METER_TYPE, UOM) VALUES ('Municipally Supplied Reclaimed Water - Indoor', 'Gallons (UK)');
	INSERT INTO CSR.EST_METER_CONV (METER_TYPE, UOM) VALUES ('Municipally Supplied Reclaimed Water - Indoor', 'Gallons (US)');
	INSERT INTO CSR.EST_METER_CONV (METER_TYPE, UOM) VALUES ('Municipally Supplied Reclaimed Water - Indoor', 'KGal (thousand gallons) (UK)');
	INSERT INTO CSR.EST_METER_CONV (METER_TYPE, UOM) VALUES ('Municipally Supplied Reclaimed Water - Indoor', 'KGal (thousand gallons) (US)');
	INSERT INTO CSR.EST_METER_CONV (METER_TYPE, UOM) VALUES ('Municipally Supplied Reclaimed Water - Indoor', 'Kcm (Thousand Cubic meters)');
	INSERT INTO CSR.EST_METER_CONV (METER_TYPE, UOM) VALUES ('Municipally Supplied Reclaimed Water - Indoor', 'Liters');
	INSERT INTO CSR.EST_METER_CONV (METER_TYPE, UOM) VALUES ('Municipally Supplied Reclaimed Water - Indoor', 'MCF(million cubic feet)');
	INSERT INTO CSR.EST_METER_CONV (METER_TYPE, UOM) VALUES ('Municipally Supplied Reclaimed Water - Indoor', 'MGal (million gallons) (UK)');
	INSERT INTO CSR.EST_METER_CONV (METER_TYPE, UOM) VALUES ('Municipally Supplied Reclaimed Water - Indoor', 'MGal (million gallons) (US)');
	INSERT INTO CSR.EST_METER_CONV (METER_TYPE, UOM) VALUES ('Municipally Supplied Reclaimed Water - Indoor', 'cGal (hundred gallons) (UK)');
	INSERT INTO CSR.EST_METER_CONV (METER_TYPE, UOM) VALUES ('Municipally Supplied Reclaimed Water - Indoor', 'cGal (hundred gallons) (US)');
	INSERT INTO CSR.EST_METER_CONV (METER_TYPE, UOM) VALUES ('Municipally Supplied Reclaimed Water - Indoor', 'ccf (hundred cubic feet)');
	INSERT INTO CSR.EST_METER_CONV (METER_TYPE, UOM) VALUES ('Municipally Supplied Reclaimed Water - Indoor', 'cf (cubic feet)');
	INSERT INTO CSR.EST_METER_CONV (METER_TYPE, UOM) VALUES ('Municipally Supplied Reclaimed Water - Indoor', 'cm (Cubic meters)');
	INSERT INTO CSR.EST_METER_CONV (METER_TYPE, UOM) VALUES ('Municipally Supplied Reclaimed Water - Indoor', 'kcf (thousand cubic feet)');
	INSERT INTO CSR.EST_METER_CONV (METER_TYPE, UOM) VALUES ('Municipally Supplied Reclaimed Water - Mixed Indoor/Outdoor', 'Gallons (UK)');
	INSERT INTO CSR.EST_METER_CONV (METER_TYPE, UOM) VALUES ('Municipally Supplied Reclaimed Water - Mixed Indoor/Outdoor', 'Gallons (US)');
	INSERT INTO CSR.EST_METER_CONV (METER_TYPE, UOM) VALUES ('Municipally Supplied Reclaimed Water - Mixed Indoor/Outdoor', 'KGal (thousand gallons) (UK)');
	INSERT INTO CSR.EST_METER_CONV (METER_TYPE, UOM) VALUES ('Municipally Supplied Reclaimed Water - Mixed Indoor/Outdoor', 'KGal (thousand gallons) (US)');
	INSERT INTO CSR.EST_METER_CONV (METER_TYPE, UOM) VALUES ('Municipally Supplied Reclaimed Water - Mixed Indoor/Outdoor', 'Kcm (Thousand Cubic meters)');
	INSERT INTO CSR.EST_METER_CONV (METER_TYPE, UOM) VALUES ('Municipally Supplied Reclaimed Water - Mixed Indoor/Outdoor', 'Liters');
	INSERT INTO CSR.EST_METER_CONV (METER_TYPE, UOM) VALUES ('Municipally Supplied Reclaimed Water - Mixed Indoor/Outdoor', 'MCF(million cubic feet)');
	INSERT INTO CSR.EST_METER_CONV (METER_TYPE, UOM) VALUES ('Municipally Supplied Reclaimed Water - Mixed Indoor/Outdoor', 'MGal (million gallons) (UK)');
	INSERT INTO CSR.EST_METER_CONV (METER_TYPE, UOM) VALUES ('Municipally Supplied Reclaimed Water - Mixed Indoor/Outdoor', 'MGal (million gallons) (US)');
	INSERT INTO CSR.EST_METER_CONV (METER_TYPE, UOM) VALUES ('Municipally Supplied Reclaimed Water - Mixed Indoor/Outdoor', 'cGal (hundred gallons) (UK)');
	INSERT INTO CSR.EST_METER_CONV (METER_TYPE, UOM) VALUES ('Municipally Supplied Reclaimed Water - Mixed Indoor/Outdoor', 'cGal (hundred gallons) (US)');
	INSERT INTO CSR.EST_METER_CONV (METER_TYPE, UOM) VALUES ('Municipally Supplied Reclaimed Water - Mixed Indoor/Outdoor', 'ccf (hundred cubic feet)');
	INSERT INTO CSR.EST_METER_CONV (METER_TYPE, UOM) VALUES ('Municipally Supplied Reclaimed Water - Mixed Indoor/Outdoor', 'cf (cubic feet)');
	INSERT INTO CSR.EST_METER_CONV (METER_TYPE, UOM) VALUES ('Municipally Supplied Reclaimed Water - Mixed Indoor/Outdoor', 'cm (Cubic meters)');
	INSERT INTO CSR.EST_METER_CONV (METER_TYPE, UOM) VALUES ('Municipally Supplied Reclaimed Water - Mixed Indoor/Outdoor', 'kcf (thousand cubic feet)');
	INSERT INTO CSR.EST_METER_CONV (METER_TYPE, UOM) VALUES ('Municipally Supplied Reclaimed Water - Outdoor', 'Gallons (UK)');
	INSERT INTO CSR.EST_METER_CONV (METER_TYPE, UOM) VALUES ('Municipally Supplied Reclaimed Water - Outdoor', 'Gallons (US)');
	INSERT INTO CSR.EST_METER_CONV (METER_TYPE, UOM) VALUES ('Municipally Supplied Reclaimed Water - Outdoor', 'KGal (thousand gallons) (UK)');
	INSERT INTO CSR.EST_METER_CONV (METER_TYPE, UOM) VALUES ('Municipally Supplied Reclaimed Water - Outdoor', 'KGal (thousand gallons) (US)');
	INSERT INTO CSR.EST_METER_CONV (METER_TYPE, UOM) VALUES ('Municipally Supplied Reclaimed Water - Outdoor', 'Kcm (Thousand Cubic meters)');
	INSERT INTO CSR.EST_METER_CONV (METER_TYPE, UOM) VALUES ('Municipally Supplied Reclaimed Water - Outdoor', 'Liters');
	INSERT INTO CSR.EST_METER_CONV (METER_TYPE, UOM) VALUES ('Municipally Supplied Reclaimed Water - Outdoor', 'MCF(million cubic feet)');
	INSERT INTO CSR.EST_METER_CONV (METER_TYPE, UOM) VALUES ('Municipally Supplied Reclaimed Water - Outdoor', 'MGal (million gallons) (UK)');
	INSERT INTO CSR.EST_METER_CONV (METER_TYPE, UOM) VALUES ('Municipally Supplied Reclaimed Water - Outdoor', 'MGal (million gallons) (US)');
	INSERT INTO CSR.EST_METER_CONV (METER_TYPE, UOM) VALUES ('Municipally Supplied Reclaimed Water - Outdoor', 'cGal (hundred gallons) (UK)');
	INSERT INTO CSR.EST_METER_CONV (METER_TYPE, UOM) VALUES ('Municipally Supplied Reclaimed Water - Outdoor', 'cGal (hundred gallons) (US)');
	INSERT INTO CSR.EST_METER_CONV (METER_TYPE, UOM) VALUES ('Municipally Supplied Reclaimed Water - Outdoor', 'ccf (hundred cubic feet)');
	INSERT INTO CSR.EST_METER_CONV (METER_TYPE, UOM) VALUES ('Municipally Supplied Reclaimed Water - Outdoor', 'cf (cubic feet)');
	INSERT INTO CSR.EST_METER_CONV (METER_TYPE, UOM) VALUES ('Municipally Supplied Reclaimed Water - Outdoor', 'cm (Cubic meters)');
	INSERT INTO CSR.EST_METER_CONV (METER_TYPE, UOM) VALUES ('Municipally Supplied Reclaimed Water - Outdoor', 'kcf (thousand cubic feet)');
	INSERT INTO CSR.EST_METER_CONV (METER_TYPE, UOM) VALUES ('Natural Gas', 'GJ');
	INSERT INTO CSR.EST_METER_CONV (METER_TYPE, UOM) VALUES ('Natural Gas', 'MBtu (million Btu)');
	INSERT INTO CSR.EST_METER_CONV (METER_TYPE, UOM) VALUES ('Natural Gas', 'MCF(million cubic feet)');
	INSERT INTO CSR.EST_METER_CONV (METER_TYPE, UOM) VALUES ('Natural Gas', 'ccf (hundred cubic feet)');
	INSERT INTO CSR.EST_METER_CONV (METER_TYPE, UOM) VALUES ('Natural Gas', 'cf (cubic feet)');
	INSERT INTO CSR.EST_METER_CONV (METER_TYPE, UOM) VALUES ('Natural Gas', 'cm (Cubic meters)');
	INSERT INTO CSR.EST_METER_CONV (METER_TYPE, UOM) VALUES ('Natural Gas', 'kBtu (thousand Btu)');
	INSERT INTO CSR.EST_METER_CONV (METER_TYPE, UOM) VALUES ('Natural Gas', 'kcf (thousand cubic feet)');
	INSERT INTO CSR.EST_METER_CONV (METER_TYPE, UOM) VALUES ('Natural Gas', 'therms');
	INSERT INTO CSR.EST_METER_CONV (METER_TYPE, UOM) VALUES ('Other (Energy)', 'GJ');
	INSERT INTO CSR.EST_METER_CONV (METER_TYPE, UOM) VALUES ('Other (Energy)', 'kBtu (thousand Btu)');
	INSERT INTO CSR.EST_METER_CONV (METER_TYPE, UOM) VALUES ('Other - Indoor', 'Gallons (UK)');
	INSERT INTO CSR.EST_METER_CONV (METER_TYPE, UOM) VALUES ('Other - Indoor', 'Gallons (US)');
	INSERT INTO CSR.EST_METER_CONV (METER_TYPE, UOM) VALUES ('Other - Indoor', 'KGal (thousand gallons) (UK)');
	INSERT INTO CSR.EST_METER_CONV (METER_TYPE, UOM) VALUES ('Other - Indoor', 'KGal (thousand gallons) (US)');
	INSERT INTO CSR.EST_METER_CONV (METER_TYPE, UOM) VALUES ('Other - Indoor', 'Kcm (Thousand Cubic meters)');
	INSERT INTO CSR.EST_METER_CONV (METER_TYPE, UOM) VALUES ('Other - Indoor', 'Liters');
	INSERT INTO CSR.EST_METER_CONV (METER_TYPE, UOM) VALUES ('Other - Indoor', 'MCF(million cubic feet)');
	INSERT INTO CSR.EST_METER_CONV (METER_TYPE, UOM) VALUES ('Other - Indoor', 'MGal (million gallons) (UK)');
	INSERT INTO CSR.EST_METER_CONV (METER_TYPE, UOM) VALUES ('Other - Indoor', 'MGal (million gallons) (US)');
	INSERT INTO CSR.EST_METER_CONV (METER_TYPE, UOM) VALUES ('Other - Indoor', 'cGal (hundred gallons) (UK)');
	INSERT INTO CSR.EST_METER_CONV (METER_TYPE, UOM) VALUES ('Other - Indoor', 'cGal (hundred gallons) (US)');
	INSERT INTO CSR.EST_METER_CONV (METER_TYPE, UOM) VALUES ('Other - Indoor', 'ccf (hundred cubic feet)');
	INSERT INTO CSR.EST_METER_CONV (METER_TYPE, UOM) VALUES ('Other - Indoor', 'cf (cubic feet)');
	INSERT INTO CSR.EST_METER_CONV (METER_TYPE, UOM) VALUES ('Other - Indoor', 'cm (Cubic meters)');
	INSERT INTO CSR.EST_METER_CONV (METER_TYPE, UOM) VALUES ('Other - Indoor', 'kcf (thousand cubic feet)');
	INSERT INTO CSR.EST_METER_CONV (METER_TYPE, UOM) VALUES ('Other - Mixed Indoor/Outdoor (Water)', 'Gallons (UK)');
	INSERT INTO CSR.EST_METER_CONV (METER_TYPE, UOM) VALUES ('Other - Mixed Indoor/Outdoor (Water)', 'Gallons (US)');
	INSERT INTO CSR.EST_METER_CONV (METER_TYPE, UOM) VALUES ('Other - Mixed Indoor/Outdoor (Water)', 'KGal (thousand gallons) (UK)');
	INSERT INTO CSR.EST_METER_CONV (METER_TYPE, UOM) VALUES ('Other - Mixed Indoor/Outdoor (Water)', 'KGal (thousand gallons) (US)');
	INSERT INTO CSR.EST_METER_CONV (METER_TYPE, UOM) VALUES ('Other - Mixed Indoor/Outdoor (Water)', 'Kcm (Thousand Cubic meters)');
	INSERT INTO CSR.EST_METER_CONV (METER_TYPE, UOM) VALUES ('Other - Mixed Indoor/Outdoor (Water)', 'Liters');
	INSERT INTO CSR.EST_METER_CONV (METER_TYPE, UOM) VALUES ('Other - Mixed Indoor/Outdoor (Water)', 'MCF(million cubic feet)');
	INSERT INTO CSR.EST_METER_CONV (METER_TYPE, UOM) VALUES ('Other - Mixed Indoor/Outdoor (Water)', 'MGal (million gallons) (UK)');
	INSERT INTO CSR.EST_METER_CONV (METER_TYPE, UOM) VALUES ('Other - Mixed Indoor/Outdoor (Water)', 'MGal (million gallons) (US)');
	INSERT INTO CSR.EST_METER_CONV (METER_TYPE, UOM) VALUES ('Other - Mixed Indoor/Outdoor (Water)', 'cGal (hundred gallons) (UK)');
	INSERT INTO CSR.EST_METER_CONV (METER_TYPE, UOM) VALUES ('Other - Mixed Indoor/Outdoor (Water)', 'cGal (hundred gallons) (US)');
	INSERT INTO CSR.EST_METER_CONV (METER_TYPE, UOM) VALUES ('Other - Mixed Indoor/Outdoor (Water)', 'ccf (hundred cubic feet)');
	INSERT INTO CSR.EST_METER_CONV (METER_TYPE, UOM) VALUES ('Other - Mixed Indoor/Outdoor (Water)', 'cf (cubic feet)');
	INSERT INTO CSR.EST_METER_CONV (METER_TYPE, UOM) VALUES ('Other - Mixed Indoor/Outdoor (Water)', 'cm (Cubic meters)');
	INSERT INTO CSR.EST_METER_CONV (METER_TYPE, UOM) VALUES ('Other - Mixed Indoor/Outdoor (Water)', 'kcf (thousand cubic feet)');
	INSERT INTO CSR.EST_METER_CONV (METER_TYPE, UOM) VALUES ('Other - Outdoor', 'Gallons (UK)');
	INSERT INTO CSR.EST_METER_CONV (METER_TYPE, UOM) VALUES ('Other - Outdoor', 'Gallons (US)');
	INSERT INTO CSR.EST_METER_CONV (METER_TYPE, UOM) VALUES ('Other - Outdoor', 'KGal (thousand gallons) (UK)');
	INSERT INTO CSR.EST_METER_CONV (METER_TYPE, UOM) VALUES ('Other - Outdoor', 'KGal (thousand gallons) (US)');
	INSERT INTO CSR.EST_METER_CONV (METER_TYPE, UOM) VALUES ('Other - Outdoor', 'Kcm (Thousand Cubic meters)');
	INSERT INTO CSR.EST_METER_CONV (METER_TYPE, UOM) VALUES ('Other - Outdoor', 'Liters');
	INSERT INTO CSR.EST_METER_CONV (METER_TYPE, UOM) VALUES ('Other - Outdoor', 'MCF(million cubic feet)');
	INSERT INTO CSR.EST_METER_CONV (METER_TYPE, UOM) VALUES ('Other - Outdoor', 'MGal (million gallons) (UK)');
	INSERT INTO CSR.EST_METER_CONV (METER_TYPE, UOM) VALUES ('Other - Outdoor', 'MGal (million gallons) (US)');
	INSERT INTO CSR.EST_METER_CONV (METER_TYPE, UOM) VALUES ('Other - Outdoor', 'cGal (hundred gallons) (UK)');
	INSERT INTO CSR.EST_METER_CONV (METER_TYPE, UOM) VALUES ('Other - Outdoor', 'cGal (hundred gallons) (US)');
	INSERT INTO CSR.EST_METER_CONV (METER_TYPE, UOM) VALUES ('Other - Outdoor', 'ccf (hundred cubic feet)');
	INSERT INTO CSR.EST_METER_CONV (METER_TYPE, UOM) VALUES ('Other - Outdoor', 'cf (cubic feet)');
	INSERT INTO CSR.EST_METER_CONV (METER_TYPE, UOM) VALUES ('Other - Outdoor', 'cm (Cubic meters)');
	INSERT INTO CSR.EST_METER_CONV (METER_TYPE, UOM) VALUES ('Other - Outdoor', 'kcf (thousand cubic feet)');
	INSERT INTO CSR.EST_METER_CONV (METER_TYPE, UOM) VALUES ('Power Distribution Unit (PDU) Input Energy', 'kWh (thousand Watt-hours)');
	INSERT INTO CSR.EST_METER_CONV (METER_TYPE, UOM) VALUES ('Power Distribution Unit (PDU) Output Energy', 'kWh (thousand Watt-hours)');
	INSERT INTO CSR.EST_METER_CONV (METER_TYPE, UOM) VALUES ('Propane', 'GJ');
	INSERT INTO CSR.EST_METER_CONV (METER_TYPE, UOM) VALUES ('Propane', 'Gallons (UK)');
	INSERT INTO CSR.EST_METER_CONV (METER_TYPE, UOM) VALUES ('Propane', 'Gallons (US)');
	INSERT INTO CSR.EST_METER_CONV (METER_TYPE, UOM) VALUES ('Propane', 'Liters');
	INSERT INTO CSR.EST_METER_CONV (METER_TYPE, UOM) VALUES ('Propane', 'MBtu (million Btu)');
	INSERT INTO CSR.EST_METER_CONV (METER_TYPE, UOM) VALUES ('Propane', 'ccf');
	INSERT INTO CSR.EST_METER_CONV (METER_TYPE, UOM) VALUES ('Propane', 'cf (cubic feet)');
	INSERT INTO CSR.EST_METER_CONV (METER_TYPE, UOM) VALUES ('Propane', 'kBtu (thousand Btu)');
	INSERT INTO CSR.EST_METER_CONV (METER_TYPE, UOM) VALUES ('Propane', 'kcf (thousand cubic feet)');
	INSERT INTO CSR.EST_METER_CONV (METER_TYPE, UOM) VALUES ('Uninterruptible Power Supply (UPS) Output Energy', 'kWh (thousand Watt-hours)');
	INSERT INTO CSR.EST_METER_CONV (METER_TYPE, UOM) VALUES ('Wood', 'GJ');
	INSERT INTO CSR.EST_METER_CONV (METER_TYPE, UOM) VALUES ('Wood', 'MBtu (million Btu)');
	INSERT INTO CSR.EST_METER_CONV (METER_TYPE, UOM) VALUES ('Wood', 'Tonnes (metric)');
	INSERT INTO CSR.EST_METER_CONV (METER_TYPE, UOM) VALUES ('Wood', 'kBtu (thousand Btu)');
	INSERT INTO CSR.EST_METER_CONV (METER_TYPE, UOM) VALUES ('Wood', 'tons');
	INSERT INTO CSR.EST_METER_CONV (METER_TYPE, UOM) VALUES ('Well Water - Indoor', 'Gallons (UK)');
	INSERT INTO CSR.EST_METER_CONV (METER_TYPE, UOM) VALUES ('Well Water - Indoor', 'Gallons (US)');
	INSERT INTO CSR.EST_METER_CONV (METER_TYPE, UOM) VALUES ('Well Water - Indoor', 'KGal (thousand gallons) (UK)');
	INSERT INTO CSR.EST_METER_CONV (METER_TYPE, UOM) VALUES ('Well Water - Indoor', 'KGal (thousand gallons) (US)');
	INSERT INTO CSR.EST_METER_CONV (METER_TYPE, UOM) VALUES ('Well Water - Indoor', 'Kcm (Thousand Cubic meters)');
	INSERT INTO CSR.EST_METER_CONV (METER_TYPE, UOM) VALUES ('Well Water - Indoor', 'Liters');
	INSERT INTO CSR.EST_METER_CONV (METER_TYPE, UOM) VALUES ('Well Water - Indoor', 'MCF(million cubic feet)');
	INSERT INTO CSR.EST_METER_CONV (METER_TYPE, UOM) VALUES ('Well Water - Indoor', 'MGal (million gallons) (UK)');
	INSERT INTO CSR.EST_METER_CONV (METER_TYPE, UOM) VALUES ('Well Water - Indoor', 'MGal (million gallons) (US)');
	INSERT INTO CSR.EST_METER_CONV (METER_TYPE, UOM) VALUES ('Well Water - Indoor', 'cGal (hundred gallons) (UK)');
	INSERT INTO CSR.EST_METER_CONV (METER_TYPE, UOM) VALUES ('Well Water - Indoor', 'cGal (hundred gallons) (US)');
	INSERT INTO CSR.EST_METER_CONV (METER_TYPE, UOM) VALUES ('Well Water - Indoor', 'ccf (hundred cubic feet)');
	INSERT INTO CSR.EST_METER_CONV (METER_TYPE, UOM) VALUES ('Well Water - Indoor', 'cf (cubic feet)');
	INSERT INTO CSR.EST_METER_CONV (METER_TYPE, UOM) VALUES ('Well Water - Indoor', 'cm (Cubic meters)');
	INSERT INTO CSR.EST_METER_CONV (METER_TYPE, UOM) VALUES ('Well Water - Indoor', 'kcf (thousand cubic feet)');
	INSERT INTO CSR.EST_METER_CONV (METER_TYPE, UOM) VALUES ('Well Water - Mixed Indoor/Outdoor', 'Gallons (UK)');
	INSERT INTO CSR.EST_METER_CONV (METER_TYPE, UOM) VALUES ('Well Water - Mixed Indoor/Outdoor', 'Gallons (US)');
	INSERT INTO CSR.EST_METER_CONV (METER_TYPE, UOM) VALUES ('Well Water - Mixed Indoor/Outdoor', 'KGal (thousand gallons) (UK)');
	INSERT INTO CSR.EST_METER_CONV (METER_TYPE, UOM) VALUES ('Well Water - Mixed Indoor/Outdoor', 'KGal (thousand gallons) (US)');
	INSERT INTO CSR.EST_METER_CONV (METER_TYPE, UOM) VALUES ('Well Water - Mixed Indoor/Outdoor', 'Kcm (Thousand Cubic meters)');
	INSERT INTO CSR.EST_METER_CONV (METER_TYPE, UOM) VALUES ('Well Water - Mixed Indoor/Outdoor', 'Liters');
	INSERT INTO CSR.EST_METER_CONV (METER_TYPE, UOM) VALUES ('Well Water - Mixed Indoor/Outdoor', 'MCF(million cubic feet)');
	INSERT INTO CSR.EST_METER_CONV (METER_TYPE, UOM) VALUES ('Well Water - Mixed Indoor/Outdoor', 'MGal (million gallons) (UK)');
	INSERT INTO CSR.EST_METER_CONV (METER_TYPE, UOM) VALUES ('Well Water - Mixed Indoor/Outdoor', 'MGal (million gallons) (US)');
	INSERT INTO CSR.EST_METER_CONV (METER_TYPE, UOM) VALUES ('Well Water - Mixed Indoor/Outdoor', 'cGal (hundred gallons) (UK)');
	INSERT INTO CSR.EST_METER_CONV (METER_TYPE, UOM) VALUES ('Well Water - Mixed Indoor/Outdoor', 'cGal (hundred gallons) (US)');
	INSERT INTO CSR.EST_METER_CONV (METER_TYPE, UOM) VALUES ('Well Water - Mixed Indoor/Outdoor', 'ccf (hundred cubic feet)');
	INSERT INTO CSR.EST_METER_CONV (METER_TYPE, UOM) VALUES ('Well Water - Mixed Indoor/Outdoor', 'cf (cubic feet)');
	INSERT INTO CSR.EST_METER_CONV (METER_TYPE, UOM) VALUES ('Well Water - Mixed Indoor/Outdoor', 'cm (Cubic meters)');
	INSERT INTO CSR.EST_METER_CONV (METER_TYPE, UOM) VALUES ('Well Water - Mixed Indoor/Outdoor', 'kcf (thousand cubic feet)');
	INSERT INTO CSR.EST_METER_CONV (METER_TYPE, UOM) VALUES ('Well Water - Outdoor', 'Gallons (UK)');
	INSERT INTO CSR.EST_METER_CONV (METER_TYPE, UOM) VALUES ('Well Water - Outdoor', 'Gallons (US)');
	INSERT INTO CSR.EST_METER_CONV (METER_TYPE, UOM) VALUES ('Well Water - Outdoor', 'KGal (thousand gallons) (UK)');
	INSERT INTO CSR.EST_METER_CONV (METER_TYPE, UOM) VALUES ('Well Water - Outdoor', 'KGal (thousand gallons) (US)');
	INSERT INTO CSR.EST_METER_CONV (METER_TYPE, UOM) VALUES ('Well Water - Outdoor', 'Kcm (Thousand Cubic meters)');
	INSERT INTO CSR.EST_METER_CONV (METER_TYPE, UOM) VALUES ('Well Water - Outdoor', 'Liters');
	INSERT INTO CSR.EST_METER_CONV (METER_TYPE, UOM) VALUES ('Well Water - Outdoor', 'MCF(million cubic feet)');
	INSERT INTO CSR.EST_METER_CONV (METER_TYPE, UOM) VALUES ('Well Water - Outdoor', 'MGal (million gallons) (UK)');
	INSERT INTO CSR.EST_METER_CONV (METER_TYPE, UOM) VALUES ('Well Water - Outdoor', 'MGal (million gallons) (US)');
	INSERT INTO CSR.EST_METER_CONV (METER_TYPE, UOM) VALUES ('Well Water - Outdoor', 'cGal (hundred gallons) (UK)');
	INSERT INTO CSR.EST_METER_CONV (METER_TYPE, UOM) VALUES ('Well Water - Outdoor', 'cGal (hundred gallons) (US)');
	INSERT INTO CSR.EST_METER_CONV (METER_TYPE, UOM) VALUES ('Well Water - Outdoor', 'ccf (hundred cubic feet)');
	INSERT INTO CSR.EST_METER_CONV (METER_TYPE, UOM) VALUES ('Well Water - Outdoor', 'cf (cubic feet)');
	INSERT INTO CSR.EST_METER_CONV (METER_TYPE, UOM) VALUES ('Well Water - Outdoor', 'cm (Cubic meters)');
	INSERT INTO CSR.EST_METER_CONV (METER_TYPE, UOM) VALUES ('Well Water - Outdoor', 'kcf (thousand cubic feet)');
	INSERT INTO CSR.EST_METER_CONV (METER_TYPE, UOM) VALUES ('Average Influent Flow', 'Gallons (UK)');
	INSERT INTO CSR.EST_METER_CONV (METER_TYPE, UOM) VALUES ('Average Influent Flow', 'Gallons (US)');
	INSERT INTO CSR.EST_METER_CONV (METER_TYPE, UOM) VALUES ('Average Influent Flow', 'KGal (thousand gallons) (US)');
	INSERT INTO CSR.EST_METER_CONV (METER_TYPE, UOM) VALUES ('Average Influent Flow', 'Liters');
	INSERT INTO CSR.EST_METER_CONV (METER_TYPE, UOM) VALUES ('Average Influent Flow', 'ccf (hundred cubic feet)');
	INSERT INTO CSR.EST_METER_CONV (METER_TYPE, UOM) VALUES ('Average Influent Flow', 'cf (cubic feet)');
	INSERT INTO CSR.EST_METER_CONV (METER_TYPE, UOM) VALUES ('Average Influent Flow', 'cm (Cubic meters)');
	INSERT INTO CSR.EST_METER_CONV (METER_TYPE, UOM) VALUES ('Average Influent Flow', 'kcf (thousand cubic feet)');
	INSERT INTO CSR.EST_METER_CONV (METER_TYPE, UOM) VALUES ('Coal Anthracite', 'GJ');
	INSERT INTO CSR.EST_METER_CONV (METER_TYPE, UOM) VALUES ('Coal Anthracite', 'KLbs. (thousand pounds)');
	INSERT INTO CSR.EST_METER_CONV (METER_TYPE, UOM) VALUES ('Coal Anthracite', 'MBtu (million Btu)');
	INSERT INTO CSR.EST_METER_CONV (METER_TYPE, UOM) VALUES ('Coal Anthracite', 'MLbs. (million pounds)');
	INSERT INTO CSR.EST_METER_CONV (METER_TYPE, UOM) VALUES ('Coal Anthracite', 'Tonnes (metric)');
	INSERT INTO CSR.EST_METER_CONV (METER_TYPE, UOM) VALUES ('Coal Anthracite', 'kBtu (thousand Btu)');
	INSERT INTO CSR.EST_METER_CONV (METER_TYPE, UOM) VALUES ('Coal Anthracite', 'pounds');
	INSERT INTO CSR.EST_METER_CONV (METER_TYPE, UOM) VALUES ('Coal Anthracite', 'tons');
	INSERT INTO CSR.EST_METER_CONV (METER_TYPE, UOM) VALUES ('Coal Bituminous', 'GJ');
	INSERT INTO CSR.EST_METER_CONV (METER_TYPE, UOM) VALUES ('Coal Bituminous', 'KLbs. (thousand pounds)');
	INSERT INTO CSR.EST_METER_CONV (METER_TYPE, UOM) VALUES ('Coal Bituminous', 'MBtu (million Btu)');
	INSERT INTO CSR.EST_METER_CONV (METER_TYPE, UOM) VALUES ('Coal Bituminous', 'MLbs. (million pounds)');
	INSERT INTO CSR.EST_METER_CONV (METER_TYPE, UOM) VALUES ('Coal Bituminous', 'Tonnes (metric)');
	INSERT INTO CSR.EST_METER_CONV (METER_TYPE, UOM) VALUES ('Coal Bituminous', 'kBtu (thousand Btu)');
	INSERT INTO CSR.EST_METER_CONV (METER_TYPE, UOM) VALUES ('Coal Bituminous', 'pounds');
	INSERT INTO CSR.EST_METER_CONV (METER_TYPE, UOM) VALUES ('Coal Bituminous', 'tons');
END;
/