declare
	v_app_sid number(10);
begin
	user_pkg.logonadmin('example.credit360.com');
	v_app_sid := sys_context('security', 'app');
	
	-- INSERTING into GAS_TYPE
	Insert into GAS_TYPE (GAS_TYPE_ID,NAME) values (1,'CO2');
	Insert into GAS_TYPE (GAS_TYPE_ID,NAME) values (2,'NOX');
	
	-- INSERTING into STD_MEASURE
	Insert into STD_MEASURE (STD_MEASURE_ID,NAME,DESCRIPTION,SCALE,FORMAT_MASK,REGIONAL_AGGREGATION,CUSTOM_FIELD,PCT_OWNERSHIP_APPLIES,M,KG,S,A,K,MOL,CD) values (1,'g_km','g/km',0,'#,##0','SUM',null,0,-3,0,0,0,0,0,0);
	Insert into STD_MEASURE (STD_MEASURE_ID,NAME,DESCRIPTION,SCALE,FORMAT_MASK,REGIONAL_AGGREGATION,CUSTOM_FIELD,PCT_OWNERSHIP_APPLIES,M,KG,S,A,K,MOL,CD) values (2,'lb_mile','lb/mile',0,'#,##0','SUM',null,0,0,0,0,0,0,0,0);
	
	-- INSERTING into STD_MEASURE_CONVERSION
	Insert into STD_MEASURE_CONVERSION (STD_MEASURE_CONVERSION_ID,STD_MEASURE_ID,DESCRIPTION,A,B,C) values (1,1,'Km',1,0,0);
	Insert into STD_MEASURE_CONVERSION (STD_MEASURE_CONVERSION_ID,STD_MEASURE_ID,DESCRIPTION,A,B,C) values (2,2,'Mil',0,0,0);
	
	-- INSERTING into STD_MEASURE_CONVERSION_SET
	Insert into STD_MEASURE_CONVERSION_SET (STD_MEASURE_CONV_SET_ID,NAME,STD_MEASURE_ID) values (1,'Distance',1);
	
	-- INSERTING into STD_MEASURE_CONV_SET_ENTRY
	Insert into STD_MEASURE_CONV_SET_ENTRY (STD_MEASURE_CONV_SET_ID,STD_MEASURE_CONVERSION_ID) values (1,1);
	Insert into STD_MEASURE_CONV_SET_ENTRY (STD_MEASURE_CONV_SET_ID,STD_MEASURE_CONVERSION_ID) values (1,2);
	
	-- INSERTING into STD_FACTOR_SET
	Insert into STD_FACTOR_SET (STD_FACTOR_SET_ID,NAME) values (1,'NGERS');
	Insert into STD_FACTOR_SET (STD_FACTOR_SET_ID,NAME) values (2,'WBCSD');
	Insert into STD_FACTOR_SET (STD_FACTOR_SET_ID,NAME) values (3,'AAA');
	
	-- INSERTING into FACTOR_TYPE
	Insert into FACTOR_TYPE (FACTOR_TYPE_ID,PARENT_ID,NAME,STD_MEASURE_CONV_SET_ID) values (13,null,'Factor Types',1);
	Insert into FACTOR_TYPE (FACTOR_TYPE_ID,PARENT_ID,NAME,STD_MEASURE_CONV_SET_ID) values (1,13,'Travel',1);
	Insert into FACTOR_TYPE (FACTOR_TYPE_ID,PARENT_ID,NAME,STD_MEASURE_CONV_SET_ID) values (2,13,'Electricity',1);
	Insert into FACTOR_TYPE (FACTOR_TYPE_ID,PARENT_ID,NAME,STD_MEASURE_CONV_SET_ID) values (3,13,'Heat',1);
	Insert into FACTOR_TYPE (FACTOR_TYPE_ID,PARENT_ID,NAME,STD_MEASURE_CONV_SET_ID) values (4,1,'Travel by water',1);
	Insert into FACTOR_TYPE (FACTOR_TYPE_ID,PARENT_ID,NAME,STD_MEASURE_CONV_SET_ID) values (5,1,'Travel by road',1);
	Insert into FACTOR_TYPE (FACTOR_TYPE_ID,PARENT_ID,NAME,STD_MEASURE_CONV_SET_ID) values (6,1,'Travel by rail',1);
	Insert into FACTOR_TYPE (FACTOR_TYPE_ID,PARENT_ID,NAME,STD_MEASURE_CONV_SET_ID) values (7,1,'Air travel',1);
	Insert into FACTOR_TYPE (FACTOR_TYPE_ID,PARENT_ID,NAME,STD_MEASURE_CONV_SET_ID) values (10,7,'Long-haul',1);
	Insert into FACTOR_TYPE (FACTOR_TYPE_ID,PARENT_ID,NAME,STD_MEASURE_CONV_SET_ID) values (9,7,'Medium-haul',1);
	Insert into FACTOR_TYPE (FACTOR_TYPE_ID,PARENT_ID,NAME,STD_MEASURE_CONV_SET_ID) values (8,7,'Short-haul',1);
	Insert into FACTOR_TYPE (FACTOR_TYPE_ID,PARENT_ID,NAME,STD_MEASURE_CONV_SET_ID) values (12,8,'Business class',1);
	Insert into FACTOR_TYPE (FACTOR_TYPE_ID,PARENT_ID,NAME,STD_MEASURE_CONV_SET_ID) values (11,8,'Economy class',1);
	
	-- INSERTING into STD_FACTOR
	Insert into STD_FACTOR (STD_FACTOR_ID,STD_FACTOR_SET_ID,FACTOR_TYPE_ID,GAS_TYPE_ID,START_DTM,END_DTM,GEO_COUNTRY,GEO_REGION,VALUE,STD_MEASURE_CONVERSION_ID) values (1,1,11,1,to_timestamp('2010-03-03 00:00:00','YYYY-MM-DD HH24:MI:SSXFF'),to_timestamp('2010-04-01 00:00:00','YYYY-MM-DD HH24:MI:SSXFF'),'gb',null,10,1);
	Insert into STD_FACTOR (STD_FACTOR_ID,STD_FACTOR_SET_ID,FACTOR_TYPE_ID,GAS_TYPE_ID,START_DTM,END_DTM,GEO_COUNTRY,GEO_REGION,VALUE,STD_MEASURE_CONVERSION_ID) values (2,1,12,1,to_timestamp('2010-02-28 12:28:37','YYYY-MM-DD HH24:MI:SSXFF'),to_timestamp('2010-06-09 12:28:37','YYYY-MM-DD HH24:MI:SSXFF'),'gb',null,0.5,1);
	Insert into STD_FACTOR (STD_FACTOR_ID,STD_FACTOR_SET_ID,FACTOR_TYPE_ID,GAS_TYPE_ID,START_DTM,END_DTM,GEO_COUNTRY,GEO_REGION,VALUE,STD_MEASURE_CONVERSION_ID) values (36,1,11,2,to_timestamp('2010-04-02 00:00:00','YYYY-MM-DD HH24:MI:SSXFF'),to_timestamp('2010-04-04 00:00:00','YYYY-MM-DD HH24:MI:SSXFF'),null,null,0.3,1);
	Insert into STD_FACTOR (STD_FACTOR_ID,STD_FACTOR_SET_ID,FACTOR_TYPE_ID,GAS_TYPE_ID,START_DTM,END_DTM,GEO_COUNTRY,GEO_REGION,VALUE,STD_MEASURE_CONVERSION_ID) values (11,1,11,1,to_timestamp('2006-04-02 00:00:00','YYYY-MM-DD HH24:MI:SSXFF'),to_timestamp('2007-04-01 00:00:00','YYYY-MM-DD HH24:MI:SSXFF'),'gb',null,10,1);
	Insert into STD_FACTOR (STD_FACTOR_ID,STD_FACTOR_SET_ID,FACTOR_TYPE_ID,GAS_TYPE_ID,START_DTM,END_DTM,GEO_COUNTRY,GEO_REGION,VALUE,STD_MEASURE_CONVERSION_ID) values (5,1,11,1,to_timestamp('2009-03-02 00:00:00','YYYY-MM-DD HH24:MI:SSXFF'),to_timestamp('2010-03-02 00:00:00','YYYY-MM-DD HH24:MI:SSXFF'),'gb',null,0.58,2);
	Insert into STD_FACTOR (STD_FACTOR_ID,STD_FACTOR_SET_ID,FACTOR_TYPE_ID,GAS_TYPE_ID,START_DTM,END_DTM,GEO_COUNTRY,GEO_REGION,VALUE,STD_MEASURE_CONVERSION_ID) values (12,1,11,2,to_timestamp('2006-04-02 00:00:00','YYYY-MM-DD HH24:MI:SSXFF'),to_timestamp('2007-04-01 00:00:00','YYYY-MM-DD HH24:MI:SSXFF'),'gb',null,2,2);
	Insert into STD_FACTOR (STD_FACTOR_ID,STD_FACTOR_SET_ID,FACTOR_TYPE_ID,GAS_TYPE_ID,START_DTM,END_DTM,GEO_COUNTRY,GEO_REGION,VALUE,STD_MEASURE_CONVERSION_ID) values (39,1,11,1,to_timestamp('2010-04-04 00:00:00','YYYY-MM-DD HH24:MI:SSXFF'),to_timestamp('2010-04-04 00:00:00','YYYY-MM-DD HH24:MI:SSXFF'),'al',null,4,1);
	Insert into STD_FACTOR (STD_FACTOR_ID,STD_FACTOR_SET_ID,FACTOR_TYPE_ID,GAS_TYPE_ID,START_DTM,END_DTM,GEO_COUNTRY,GEO_REGION,VALUE,STD_MEASURE_CONVERSION_ID) values (34,2,11,1,to_timestamp('2009-04-03 00:00:00','YYYY-MM-DD HH24:MI:SSXFF'),to_timestamp('2010-04-03 00:00:00','YYYY-MM-DD HH24:MI:SSXFF'),'gb',null,10,1);
	Insert into STD_FACTOR (STD_FACTOR_ID,STD_FACTOR_SET_ID,FACTOR_TYPE_ID,GAS_TYPE_ID,START_DTM,END_DTM,GEO_COUNTRY,GEO_REGION,VALUE,STD_MEASURE_CONVERSION_ID) values (35,1,11,1,to_timestamp('2010-04-02 00:00:00','YYYY-MM-DD HH24:MI:SSXFF'),to_timestamp('2010-04-04 00:00:00','YYYY-MM-DD HH24:MI:SSXFF'),null,null,0.2,2);
	Insert into STD_FACTOR (STD_FACTOR_ID,STD_FACTOR_SET_ID,FACTOR_TYPE_ID,GAS_TYPE_ID,START_DTM,END_DTM,GEO_COUNTRY,GEO_REGION,VALUE,STD_MEASURE_CONVERSION_ID) values (37,1,11,1,to_timestamp('2010-04-05 00:00:00','YYYY-MM-DD HH24:MI:SSXFF'),to_timestamp('2010-04-06 00:00:00','YYYY-MM-DD HH24:MI:SSXFF'),'al',null,7,1);
	Insert into STD_FACTOR (STD_FACTOR_ID,STD_FACTOR_SET_ID,FACTOR_TYPE_ID,GAS_TYPE_ID,START_DTM,END_DTM,GEO_COUNTRY,GEO_REGION,VALUE,STD_MEASURE_CONVERSION_ID) values (38,1,11,2,to_timestamp('2010-04-05 00:00:00','YYYY-MM-DD HH24:MI:SSXFF'),to_timestamp('2010-04-06 00:00:00','YYYY-MM-DD HH24:MI:SSXFF'),'al',null,8,2);
	Insert into STD_FACTOR (STD_FACTOR_ID,STD_FACTOR_SET_ID,FACTOR_TYPE_ID,GAS_TYPE_ID,START_DTM,END_DTM,GEO_COUNTRY,GEO_REGION,VALUE,STD_MEASURE_CONVERSION_ID) values (30,1,11,2,to_timestamp('2010-04-03 00:00:00','YYYY-MM-DD HH24:MI:SSXFF'),to_timestamp('2010-04-03 00:00:00','YYYY-MM-DD HH24:MI:SSXFF'),'gb','E6',5,1);
	Insert into STD_FACTOR (STD_FACTOR_ID,STD_FACTOR_SET_ID,FACTOR_TYPE_ID,GAS_TYPE_ID,START_DTM,END_DTM,GEO_COUNTRY,GEO_REGION,VALUE,STD_MEASURE_CONVERSION_ID) values (40,1,11,2,to_timestamp('2010-04-04 00:00:00','YYYY-MM-DD HH24:MI:SSXFF'),to_timestamp('2010-04-04 00:00:00','YYYY-MM-DD HH24:MI:SSXFF'),'al',null,5,2);
	Insert into STD_FACTOR (STD_FACTOR_ID,STD_FACTOR_SET_ID,FACTOR_TYPE_ID,GAS_TYPE_ID,START_DTM,END_DTM,GEO_COUNTRY,GEO_REGION,VALUE,STD_MEASURE_CONVERSION_ID) values (41,1,11,1,to_timestamp('2010-04-04 00:00:00','YYYY-MM-DD HH24:MI:SSXFF'),to_timestamp('2010-04-04 00:00:00','YYYY-MM-DD HH24:MI:SSXFF'),'gb','K2',3,2);
	Insert into STD_FACTOR (STD_FACTOR_ID,STD_FACTOR_SET_ID,FACTOR_TYPE_ID,GAS_TYPE_ID,START_DTM,END_DTM,GEO_COUNTRY,GEO_REGION,VALUE,STD_MEASURE_CONVERSION_ID) values (42,2,11,2,to_timestamp('2010-04-04 00:00:00','YYYY-MM-DD HH24:MI:SSXFF'),to_timestamp('2010-04-04 00:00:00','YYYY-MM-DD HH24:MI:SSXFF'),'gb','K2',3,2);
	
	-- INSERTING into FACTOR_HISTORY
	
	-- INSERTING into FACTOR_SET
	
	-- INSERTING into FACTOR_SET_GAS_TYPE
	
	-- INSERTING into FACTOR
	Insert into FACTOR (APP_SID,FACTOR_TYPE_ID,FACTOR_ID,GAS_TYPE_ID,START_DTM,END_DTM,GEO_COUNTRY,GEO_REGION,REGION_SID,VALUE,STD_FACTOR_ID,STD_MEASURE_CONVERSION_ID,IS_SELECTED) values (v_app_sid,11,59,1,to_timestamp('2009-05-04 00:00:00','YYYY-MM-DD HH24:MI:SSXFF'),to_timestamp('2010-05-04 00:00:00','YYYY-MM-DD HH24:MI:SSXFF'),null,null,null,5,null,1,1);
	Insert into FACTOR (APP_SID,FACTOR_TYPE_ID,FACTOR_ID,GAS_TYPE_ID,START_DTM,END_DTM,GEO_COUNTRY,GEO_REGION,REGION_SID,VALUE,STD_FACTOR_ID,STD_MEASURE_CONVERSION_ID,IS_SELECTED) values (v_app_sid,11,7,1,to_timestamp('2009-04-01 00:00:00','YYYY-MM-DD HH24:MI:SSXFF'),to_timestamp('2010-04-01 00:00:00','YYYY-MM-DD HH24:MI:SSXFF'),'de',null,null,10,null,2,1);
	Insert into FACTOR (APP_SID,FACTOR_TYPE_ID,FACTOR_ID,GAS_TYPE_ID,START_DTM,END_DTM,GEO_COUNTRY,GEO_REGION,REGION_SID,VALUE,STD_FACTOR_ID,STD_MEASURE_CONVERSION_ID,IS_SELECTED) values (v_app_sid,11,69,2,to_timestamp('2010-04-03 00:00:00','YYYY-MM-DD HH24:MI:SSXFF'),to_timestamp('2010-04-03 00:00:00','YYYY-MM-DD HH24:MI:SSXFF'),'gb','E6',null,5,30,1,1);
	Insert into FACTOR (APP_SID,FACTOR_TYPE_ID,FACTOR_ID,GAS_TYPE_ID,START_DTM,END_DTM,GEO_COUNTRY,GEO_REGION,REGION_SID,VALUE,STD_FACTOR_ID,STD_MEASURE_CONVERSION_ID,IS_SELECTED) values (v_app_sid,11,64,1,to_timestamp('2010-04-04 00:00:00','YYYY-MM-DD HH24:MI:SSXFF'),to_timestamp('2010-04-04 00:00:00','YYYY-MM-DD HH24:MI:SSXFF'),'al',null,null,4,39,1,1);
	Insert into FACTOR (APP_SID,FACTOR_TYPE_ID,FACTOR_ID,GAS_TYPE_ID,START_DTM,END_DTM,GEO_COUNTRY,GEO_REGION,REGION_SID,VALUE,STD_FACTOR_ID,STD_MEASURE_CONVERSION_ID,IS_SELECTED) values (v_app_sid,11,75,1,to_timestamp('2010-04-04 00:00:00','YYYY-MM-DD HH24:MI:SSXFF'),to_timestamp('2010-04-04 00:00:00','YYYY-MM-DD HH24:MI:SSXFF'),'gb',null,null,5,null,1,0);
	Insert into FACTOR (APP_SID,FACTOR_TYPE_ID,FACTOR_ID,GAS_TYPE_ID,START_DTM,END_DTM,GEO_COUNTRY,GEO_REGION,REGION_SID,VALUE,STD_FACTOR_ID,STD_MEASURE_CONVERSION_ID,IS_SELECTED) values (v_app_sid,11,63,1,to_timestamp('2010-04-04 00:00:00','YYYY-MM-DD HH24:MI:SSXFF'),to_timestamp('2010-04-04 00:00:00','YYYY-MM-DD HH24:MI:SSXFF'),'al',null,null,4,null,2,0);
	Insert into FACTOR (APP_SID,FACTOR_TYPE_ID,FACTOR_ID,GAS_TYPE_ID,START_DTM,END_DTM,GEO_COUNTRY,GEO_REGION,REGION_SID,VALUE,STD_FACTOR_ID,STD_MEASURE_CONVERSION_ID,IS_SELECTED) values (v_app_sid,11,65,1,to_timestamp('2010-04-05 00:00:00','YYYY-MM-DD HH24:MI:SSXFF'),to_timestamp('2010-04-06 00:00:00','YYYY-MM-DD HH24:MI:SSXFF'),'al',null,null,7,37,1,1);
	Insert into FACTOR (APP_SID,FACTOR_TYPE_ID,FACTOR_ID,GAS_TYPE_ID,START_DTM,END_DTM,GEO_COUNTRY,GEO_REGION,REGION_SID,VALUE,STD_FACTOR_ID,STD_MEASURE_CONVERSION_ID,IS_SELECTED) values (v_app_sid,11,76,2,to_timestamp('2010-04-04 00:00:00','YYYY-MM-DD HH24:MI:SSXFF'),to_timestamp('2010-04-04 00:00:00','YYYY-MM-DD HH24:MI:SSXFF'),'gb',null,null,5,null,1,0);
	Insert into FACTOR (APP_SID,FACTOR_TYPE_ID,FACTOR_ID,GAS_TYPE_ID,START_DTM,END_DTM,GEO_COUNTRY,GEO_REGION,REGION_SID,VALUE,STD_FACTOR_ID,STD_MEASURE_CONVERSION_ID,IS_SELECTED) values (v_app_sid,11,66,2,to_timestamp('2010-04-05 00:00:00','YYYY-MM-DD HH24:MI:SSXFF'),to_timestamp('2010-04-06 00:00:00','YYYY-MM-DD HH24:MI:SSXFF'),'al',null,null,8,38,2,1);
	Insert into FACTOR (APP_SID,FACTOR_TYPE_ID,FACTOR_ID,GAS_TYPE_ID,START_DTM,END_DTM,GEO_COUNTRY,GEO_REGION,REGION_SID,VALUE,STD_FACTOR_ID,STD_MEASURE_CONVERSION_ID,IS_SELECTED) values (v_app_sid,11,67,2,to_timestamp('2010-04-04 00:00:00','YYYY-MM-DD HH24:MI:SSXFF'),to_timestamp('2010-04-04 00:00:00','YYYY-MM-DD HH24:MI:SSXFF'),'al',null,null,5,40,2,1);
	Insert into FACTOR (APP_SID,FACTOR_TYPE_ID,FACTOR_ID,GAS_TYPE_ID,START_DTM,END_DTM,GEO_COUNTRY,GEO_REGION,REGION_SID,VALUE,STD_FACTOR_ID,STD_MEASURE_CONVERSION_ID,IS_SELECTED) values (v_app_sid,11,68,1,to_timestamp('2009-04-03 00:00:00','YYYY-MM-DD HH24:MI:SSXFF'),to_timestamp('2010-04-03 00:00:00','YYYY-MM-DD HH24:MI:SSXFF'),'gb',null,null,10,34,1,1);
	Insert into FACTOR (APP_SID,FACTOR_TYPE_ID,FACTOR_ID,GAS_TYPE_ID,START_DTM,END_DTM,GEO_COUNTRY,GEO_REGION,REGION_SID,VALUE,STD_FACTOR_ID,STD_MEASURE_CONVERSION_ID,IS_SELECTED) values (v_app_sid,11,77,1,to_timestamp('2010-03-03 00:00:00','YYYY-MM-DD HH24:MI:SSXFF'),to_timestamp('2010-04-01 00:00:00','YYYY-MM-DD HH24:MI:SSXFF'),'gb',null,null,10,1,1,1);
	Insert into FACTOR (APP_SID,FACTOR_TYPE_ID,FACTOR_ID,GAS_TYPE_ID,START_DTM,END_DTM,GEO_COUNTRY,GEO_REGION,REGION_SID,VALUE,STD_FACTOR_ID,STD_MEASURE_CONVERSION_ID,IS_SELECTED) values (v_app_sid,11,78,1,to_timestamp('2006-04-02 00:00:00','YYYY-MM-DD HH24:MI:SSXFF'),to_timestamp('2007-04-01 00:00:00','YYYY-MM-DD HH24:MI:SSXFF'),'gb',null,null,10,11,1,1);
	Insert into FACTOR (APP_SID,FACTOR_TYPE_ID,FACTOR_ID,GAS_TYPE_ID,START_DTM,END_DTM,GEO_COUNTRY,GEO_REGION,REGION_SID,VALUE,STD_FACTOR_ID,STD_MEASURE_CONVERSION_ID,IS_SELECTED) values (v_app_sid,11,79,1,to_timestamp('2009-03-02 00:00:00','YYYY-MM-DD HH24:MI:SSXFF'),to_timestamp('2010-03-02 00:00:00','YYYY-MM-DD HH24:MI:SSXFF'),'gb',null,null,0.58,5,2,1);
	Insert into FACTOR (APP_SID,FACTOR_TYPE_ID,FACTOR_ID,GAS_TYPE_ID,START_DTM,END_DTM,GEO_COUNTRY,GEO_REGION,REGION_SID,VALUE,STD_FACTOR_ID,STD_MEASURE_CONVERSION_ID,IS_SELECTED) values (v_app_sid,11,80,2,to_timestamp('2006-04-02 00:00:00','YYYY-MM-DD HH24:MI:SSXFF'),to_timestamp('2007-04-01 00:00:00','YYYY-MM-DD HH24:MI:SSXFF'),'gb',null,null,2,12,2,1);
	Insert into FACTOR (APP_SID,FACTOR_TYPE_ID,FACTOR_ID,GAS_TYPE_ID,START_DTM,END_DTM,GEO_COUNTRY,GEO_REGION,REGION_SID,VALUE,STD_FACTOR_ID,STD_MEASURE_CONVERSION_ID,IS_SELECTED) values (v_app_sid,11,81,1,to_timestamp('2009-04-03 00:00:00','YYYY-MM-DD HH24:MI:SSXFF'),to_timestamp('2010-04-03 00:00:00','YYYY-MM-DD HH24:MI:SSXFF'),'gb',null,null,10,34,1,1);
	Insert into FACTOR (APP_SID,FACTOR_TYPE_ID,FACTOR_ID,GAS_TYPE_ID,START_DTM,END_DTM,GEO_COUNTRY,GEO_REGION,REGION_SID,VALUE,STD_FACTOR_ID,STD_MEASURE_CONVERSION_ID,IS_SELECTED) values (v_app_sid,11,93,2,to_timestamp('2010-04-04 00:00:00','YYYY-MM-DD HH24:MI:SSXFF'),to_timestamp('2010-04-04 00:00:00','YYYY-MM-DD HH24:MI:SSXFF'),'gb','K2',null,3,42,2,1);
	Insert into FACTOR (APP_SID,FACTOR_TYPE_ID,FACTOR_ID,GAS_TYPE_ID,START_DTM,END_DTM,GEO_COUNTRY,GEO_REGION,REGION_SID,VALUE,STD_FACTOR_ID,STD_MEASURE_CONVERSION_ID,IS_SELECTED) values (v_app_sid,11,89,1,to_timestamp('2010-04-04 00:00:00','YYYY-MM-DD HH24:MI:SSXFF'),to_timestamp('2010-04-04 00:00:00','YYYY-MM-DD HH24:MI:SSXFF'),'gb','K2',null,3,null,1,0);
	Insert into FACTOR (APP_SID,FACTOR_TYPE_ID,FACTOR_ID,GAS_TYPE_ID,START_DTM,END_DTM,GEO_COUNTRY,GEO_REGION,REGION_SID,VALUE,STD_FACTOR_ID,STD_MEASURE_CONVERSION_ID,IS_SELECTED) values (v_app_sid,11,90,2,to_timestamp('2010-04-04 00:00:00','YYYY-MM-DD HH24:MI:SSXFF'),to_timestamp('2010-04-04 00:00:00','YYYY-MM-DD HH24:MI:SSXFF'),'gb','K2',null,3,42,2,1);
	Insert into FACTOR (APP_SID,FACTOR_TYPE_ID,FACTOR_ID,GAS_TYPE_ID,START_DTM,END_DTM,GEO_COUNTRY,GEO_REGION,REGION_SID,VALUE,STD_FACTOR_ID,STD_MEASURE_CONVERSION_ID,IS_SELECTED) values (v_app_sid,11,88,1,to_timestamp('2010-04-04 00:00:00','YYYY-MM-DD HH24:MI:SSXFF'),to_timestamp('2010-04-04 00:00:00','YYYY-MM-DD HH24:MI:SSXFF'),'gb','K2',null,3,null,2,0);
	Insert into FACTOR (APP_SID,FACTOR_TYPE_ID,FACTOR_ID,GAS_TYPE_ID,START_DTM,END_DTM,GEO_COUNTRY,GEO_REGION,REGION_SID,VALUE,STD_FACTOR_ID,STD_MEASURE_CONVERSION_ID,IS_SELECTED) values (v_app_sid,11,94,2,to_timestamp('2010-04-04 00:00:00','YYYY-MM-DD HH24:MI:SSXFF'),to_timestamp('2010-04-04 00:00:00','YYYY-MM-DD HH24:MI:SSXFF'),'gb','K2',null,3,42,2,1);
end;
/
