PROMPT >> Setting Questionnaire Status
BEGIN
	INSERT INTO chain.share_status (share_status_id, description) VALUES (chain.chain_pkg.NOT_SHARED, 'Not shared');
	INSERT INTO chain.share_status (share_status_id, description) VALUES (chain.chain_pkg.SHARING_DATA, 'Sharing data');
	INSERT INTO chain.share_status (share_status_id, description) VALUES (chain.chain_pkg.SHARED_DATA_RETURNED, 'Shared data returned');
	INSERT INTO chain.share_status (share_status_id, description) VALUES (chain.chain_pkg.SHARED_DATA_ACCEPTED, 'Shared data accepted');
	INSERT INTO chain.share_status (share_status_id, description) VALUES (chain.chain_pkg.SHARED_DATA_REJECTED, 'Shared data rejected');
	INSERT INTO chain.share_status (share_status_id, description) VALUES (chain.chain_pkg.SHARED_DATA_RESENT, 'Shared data resent');


	INSERT INTO chain.questionnaire_status (questionnaire_status_id, description) VALUES (chain.chain_pkg.ENTERING_DATA, 'Entering data');
	INSERT INTO chain.questionnaire_status (questionnaire_status_id, description) VALUES (chain.chain_pkg.REVIEWING_DATA, 'Reviewing data');
	INSERT INTO chain.questionnaire_status (questionnaire_status_id, description) VALUES (chain.chain_pkg.READY_TO_SHARE, 'Ready to share');

	INSERT INTO CHAIN.QUESTIONNAIRE_ACTION (QUESTIONNAIRE_ACTION_ID, DESCRIPTION) VALUES (1, 'View');
	INSERT INTO CHAIN.QUESTIONNAIRE_ACTION (QUESTIONNAIRE_ACTION_ID, DESCRIPTION) VALUES (2, 'Edit');
	INSERT INTO CHAIN.QUESTIONNAIRE_ACTION (QUESTIONNAIRE_ACTION_ID, DESCRIPTION) VALUES (3, 'Submit');
	INSERT INTO CHAIN.QUESTIONNAIRE_ACTION (QUESTIONNAIRE_ACTION_ID, DESCRIPTION) VALUES (4, 'Approve');
	INSERT INTO CHAIN.QUESTIONNAIRE_ACTION (QUESTIONNAIRE_ACTION_ID, DESCRIPTION) VALUES (5, 'Grant permissions');
	INSERT INTO CHAIN.QUESTIONNAIRE_ACTION (QUESTIONNAIRE_ACTION_ID, DESCRIPTION) VALUES (6, 'Cancel questionnaire');
	
	-- the core questionnaire_action_ids MUST be powers of two
	INSERT INTO CHAIN.ACTION_SECURITY_TYPE (ACTION_SECURITY_TYPE_ID, DESCRIPTION) VALUES (1, 'Capabilities');
	INSERT INTO CHAIN.ACTION_SECURITY_TYPE (ACTION_SECURITY_TYPE_ID, DESCRIPTION) VALUES (2, 'Users');
	-- INSERT INTO CHAIN.ACTION_SECURITY_TYPE (ACTION_SECURITY_TYPE_ID, DESCRIPTION) VALUES (4, 'OTHER');
	
	-- the interpolated questionnaire_action_ids MUST be combined values
	INSERT INTO CHAIN.ACTION_SECURITY_TYPE (ACTION_SECURITY_TYPE_ID, DESCRIPTION) VALUES (3, 'Capabilities or Users');
	-- INSERT INTO CHAIN.ACTION_SECURITY_TYPE (ACTION_SECURITY_TYPE_ID, DESCRIPTION) VALUES (5, 'Capabilities or OTHER');
	-- INSERT INTO CHAIN.ACTION_SECURITY_TYPE (ACTION_SECURITY_TYPE_ID, DESCRIPTION) VALUES (6, 'Users or OTHER');
	-- INSERT INTO CHAIN.ACTION_SECURITY_TYPE (ACTION_SECURITY_TYPE_ID, DESCRIPTION) VALUES (7, 'Capabilities or Users or OTHER');
	
	INSERT INTO CHAIN.COMPANY_FUNC_QNR_ACTION (COMPANY_FUNCTION_ID, QUESTIONNAIRE_ACTION_ID) VALUES (1, 1); -- PROCURER, VIEW
	INSERT INTO CHAIN.COMPANY_FUNC_QNR_ACTION (COMPANY_FUNCTION_ID, QUESTIONNAIRE_ACTION_ID) VALUES (1, 2); -- PROCURER, EDIT
	INSERT INTO CHAIN.COMPANY_FUNC_QNR_ACTION (COMPANY_FUNCTION_ID, QUESTIONNAIRE_ACTION_ID) VALUES (1, 3); -- PROCURER, SUBMIT
	INSERT INTO CHAIN.COMPANY_FUNC_QNR_ACTION (COMPANY_FUNCTION_ID, QUESTIONNAIRE_ACTION_ID) VALUES (1, 4); -- PROCURER, APPROVE
	INSERT INTO CHAIN.COMPANY_FUNC_QNR_ACTION (COMPANY_FUNCTION_ID, QUESTIONNAIRE_ACTION_ID) VALUES (1, 5); -- PROCURER, GRANT
	INSERT INTO CHAIN.COMPANY_FUNC_QNR_ACTION (COMPANY_FUNCTION_ID, QUESTIONNAIRE_ACTION_ID) VALUES (1, 6);	-- PROCURER, CANCEL
	INSERT INTO CHAIN.COMPANY_FUNC_QNR_ACTION (COMPANY_FUNCTION_ID, QUESTIONNAIRE_ACTION_ID) VALUES (2, 1); -- SUPPLIER, VIEW
	INSERT INTO CHAIN.COMPANY_FUNC_QNR_ACTION (COMPANY_FUNCTION_ID, QUESTIONNAIRE_ACTION_ID) VALUES (2, 2); -- SUPPLIER, EDIT
	INSERT INTO CHAIN.COMPANY_FUNC_QNR_ACTION (COMPANY_FUNCTION_ID, QUESTIONNAIRE_ACTION_ID) VALUES (2, 3); -- SUPPLIER, SUBMIT
		
	INSERT INTO CHAIN.QUESTIONNAIRE_SECURITY_SCHEME (SECURITY_SCHEME_ID, DESCRIPTION) VALUES (1, 'PROCURER: USER APPROVE; SUPPLIER: USER EDIT, USER SUBMIT');
	INSERT INTO CHAIN.QNR_SECURITY_SCHEME_CONFIG (SECURITY_SCHEME_ID, ACTION_SECURITY_TYPE_ID, COMPANY_FUNCTION_ID, QUESTIONNAIRE_ACTION_ID) VALUES (1, 2, 1, 4); -- PROCURER: USER APPROVE
	INSERT INTO CHAIN.QNR_SECURITY_SCHEME_CONFIG (SECURITY_SCHEME_ID, ACTION_SECURITY_TYPE_ID, COMPANY_FUNCTION_ID, QUESTIONNAIRE_ACTION_ID) VALUES (1, 2, 2, 2); -- SUPPLIER: USER EDIT
	INSERT INTO CHAIN.QNR_SECURITY_SCHEME_CONFIG (SECURITY_SCHEME_ID, ACTION_SECURITY_TYPE_ID, COMPANY_FUNCTION_ID, QUESTIONNAIRE_ACTION_ID) VALUES (1, 2, 2, 3); -- SUPPLIER: USER SUBMIT
	
	INSERT INTO CHAIN.QUESTIONNAIRE_SECURITY_SCHEME (SECURITY_SCHEME_ID, DESCRIPTION) VALUES (2, 'PROCURER: USER VIEW, USER EDIT, USER SUBMIT, USER APPROVE; SUPPLIER: USER VIEW, USER EDIT, USER SUBMIT');
	INSERT INTO CHAIN.QNR_SECURITY_SCHEME_CONFIG (SECURITY_SCHEME_ID, ACTION_SECURITY_TYPE_ID, COMPANY_FUNCTION_ID, QUESTIONNAIRE_ACTION_ID) VALUES (2, 2, 1, 1); /* PROCURER: USER VIEW   */
	INSERT INTO CHAIN.QNR_SECURITY_SCHEME_CONFIG (SECURITY_SCHEME_ID, ACTION_SECURITY_TYPE_ID, COMPANY_FUNCTION_ID, QUESTIONNAIRE_ACTION_ID) VALUES (2, 2, 1, 2); /* PROCURER: USER EDIT   */
	INSERT INTO CHAIN.QNR_SECURITY_SCHEME_CONFIG (SECURITY_SCHEME_ID, ACTION_SECURITY_TYPE_ID, COMPANY_FUNCTION_ID, QUESTIONNAIRE_ACTION_ID) VALUES (2, 2, 1, 3); /* PROCURER: USER SUBMIT */
	INSERT INTO CHAIN.QNR_SECURITY_SCHEME_CONFIG (SECURITY_SCHEME_ID, ACTION_SECURITY_TYPE_ID, COMPANY_FUNCTION_ID, QUESTIONNAIRE_ACTION_ID) VALUES (2, 2, 1, 4); /* PROCURER: USER APPROVE*/
	INSERT INTO CHAIN.QNR_SECURITY_SCHEME_CONFIG (SECURITY_SCHEME_ID, ACTION_SECURITY_TYPE_ID, COMPANY_FUNCTION_ID, QUESTIONNAIRE_ACTION_ID) VALUES (2, 2, 2, 1); /* SUPPLIER: USER VIEW   */
	INSERT INTO CHAIN.QNR_SECURITY_SCHEME_CONFIG (SECURITY_SCHEME_ID, ACTION_SECURITY_TYPE_ID, COMPANY_FUNCTION_ID, QUESTIONNAIRE_ACTION_ID) VALUES (2, 2, 2, 2); /* SUPPLIER: USER EDIT   */
	INSERT INTO CHAIN.QNR_SECURITY_SCHEME_CONFIG (SECURITY_SCHEME_ID, ACTION_SECURITY_TYPE_ID, COMPANY_FUNCTION_ID, QUESTIONNAIRE_ACTION_ID) VALUES (2, 2, 2, 3); /* SUPPLIER: USER SUBMIT */
	
	INSERT INTO CHAIN.QUESTIONNAIRE_SECURITY_SCHEME (SECURITY_SCHEME_ID, DESCRIPTION) VALUES (3, 'PROCURER: USER VIEW, USER EDIT, USER SUBMIT, USER APPROVE, USER GRANT; SUPPLIER: USER VIEW, USER EDIT, USER SUBMIT');
	INSERT INTO CHAIN.QNR_SECURITY_SCHEME_CONFIG (SECURITY_SCHEME_ID, ACTION_SECURITY_TYPE_ID, COMPANY_FUNCTION_ID, QUESTIONNAIRE_ACTION_ID) VALUES (3, 2, 1, 1); /* PROCURER: USER VIEW   */
	INSERT INTO CHAIN.QNR_SECURITY_SCHEME_CONFIG (SECURITY_SCHEME_ID, ACTION_SECURITY_TYPE_ID, COMPANY_FUNCTION_ID, QUESTIONNAIRE_ACTION_ID) VALUES (3, 2, 1, 2); /* PROCURER: USER EDIT   */
	INSERT INTO CHAIN.QNR_SECURITY_SCHEME_CONFIG (SECURITY_SCHEME_ID, ACTION_SECURITY_TYPE_ID, COMPANY_FUNCTION_ID, QUESTIONNAIRE_ACTION_ID) VALUES (3, 2, 1, 3); /* PROCURER: USER SUBMIT */
	INSERT INTO CHAIN.QNR_SECURITY_SCHEME_CONFIG (SECURITY_SCHEME_ID, ACTION_SECURITY_TYPE_ID, COMPANY_FUNCTION_ID, QUESTIONNAIRE_ACTION_ID) VALUES (3, 2, 1, 4); /* PROCURER: USER APPROVE*/
	INSERT INTO CHAIN.QNR_SECURITY_SCHEME_CONFIG (SECURITY_SCHEME_ID, ACTION_SECURITY_TYPE_ID, COMPANY_FUNCTION_ID, QUESTIONNAIRE_ACTION_ID) VALUES (3, 2, 1, 5); /* PROCURER: USER GRANT*/

	INSERT INTO CHAIN.QNR_SECURITY_SCHEME_CONFIG (SECURITY_SCHEME_ID, ACTION_SECURITY_TYPE_ID, COMPANY_FUNCTION_ID, QUESTIONNAIRE_ACTION_ID) VALUES (3, 2, 2, 1); /* SUPPLIER: USER VIEW   */
	INSERT INTO CHAIN.QNR_SECURITY_SCHEME_CONFIG (SECURITY_SCHEME_ID, ACTION_SECURITY_TYPE_ID, COMPANY_FUNCTION_ID, QUESTIONNAIRE_ACTION_ID) VALUES (3, 2, 2, 2); /* SUPPLIER: USER EDIT   */
	INSERT INTO CHAIN.QNR_SECURITY_SCHEME_CONFIG (SECURITY_SCHEME_ID, ACTION_SECURITY_TYPE_ID, COMPANY_FUNCTION_ID, QUESTIONNAIRE_ACTION_ID) VALUES (3, 2, 2, 3); /* SUPPLIER: USER SUBMIT */
		
	--add a new scheme
	INSERT INTO CHAIN.QUESTIONNAIRE_SECURITY_SCHEME (SECURITY_SCHEME_ID, DESCRIPTION) VALUES (4, 'PROCURER: USER VIEW, USER EDIT, USER SUBMIT, USER APPROVE, USER GRANT, USER REJECT; SUPPLIER: USER VIEW, USER EDIT, USER SUBMIT');
	
	INSERT INTO CHAIN.QNR_SECURITY_SCHEME_CONFIG (SECURITY_SCHEME_ID, ACTION_SECURITY_TYPE_ID, COMPANY_FUNCTION_ID, QUESTIONNAIRE_ACTION_ID) VALUES (4, 2, 1, 1); /* PROCURER: USER VIEW   */
	INSERT INTO CHAIN.QNR_SECURITY_SCHEME_CONFIG (SECURITY_SCHEME_ID, ACTION_SECURITY_TYPE_ID, COMPANY_FUNCTION_ID, QUESTIONNAIRE_ACTION_ID) VALUES (4, 2, 1, 2); /* PROCURER: USER EDIT   */
	INSERT INTO CHAIN.QNR_SECURITY_SCHEME_CONFIG (SECURITY_SCHEME_ID, ACTION_SECURITY_TYPE_ID, COMPANY_FUNCTION_ID, QUESTIONNAIRE_ACTION_ID) VALUES (4, 2, 1, 3); /* PROCURER: USER SUBMIT */
	INSERT INTO CHAIN.QNR_SECURITY_SCHEME_CONFIG (SECURITY_SCHEME_ID, ACTION_SECURITY_TYPE_ID, COMPANY_FUNCTION_ID, QUESTIONNAIRE_ACTION_ID) VALUES (4, 2, 1, 4); /* PROCURER: USER APPROVE*/
	INSERT INTO CHAIN.QNR_SECURITY_SCHEME_CONFIG (SECURITY_SCHEME_ID, ACTION_SECURITY_TYPE_ID, COMPANY_FUNCTION_ID, QUESTIONNAIRE_ACTION_ID) VALUES (4, 2, 1, 5); /* PROCURER: USER GRANT*/
	INSERT INTO CHAIN.QNR_SECURITY_SCHEME_CONFIG (SECURITY_SCHEME_ID, ACTION_SECURITY_TYPE_ID, COMPANY_FUNCTION_ID, QUESTIONNAIRE_ACTION_ID) VALUES (4, 2, 1, 6); /* PROCURER: USER REJECT*/

	INSERT INTO CHAIN.QNR_SECURITY_SCHEME_CONFIG (SECURITY_SCHEME_ID, ACTION_SECURITY_TYPE_ID, COMPANY_FUNCTION_ID, QUESTIONNAIRE_ACTION_ID) VALUES (4, 2, 2, 1); /* SUPPLIER: USER VIEW   */
	INSERT INTO CHAIN.QNR_SECURITY_SCHEME_CONFIG (SECURITY_SCHEME_ID, ACTION_SECURITY_TYPE_ID, COMPANY_FUNCTION_ID, QUESTIONNAIRE_ACTION_ID) VALUES (4, 2, 2, 2); /* SUPPLIER: USER EDIT   */
	INSERT INTO CHAIN.QNR_SECURITY_SCHEME_CONFIG (SECURITY_SCHEME_ID, ACTION_SECURITY_TYPE_ID, COMPANY_FUNCTION_ID, QUESTIONNAIRE_ACTION_ID) VALUES (4, 2, 2, 3); /* SUPPLIER: USER SUBMIT */
END;
/
