-- Please update version.sql too -- this keeps clean builds in sync
define version=3395
define minor_version=0
@update_header

-- *** DDL ***
-- Create tables

-- Alter tables

-- *** Grants ***

-- ** Cross schema constraints ***

-- *** Views ***
-- Please paste the content of the view.

-- *** Data changes ***
-- RLS

-- Data
-- Probably going to become an adhoc script.
BEGIN
	dbms_output.put_line('Deleting old data');
	-- Delete all certificate client data.
	DELETE FROM csr.region_certificate;
	DELETE FROM csr.region_energy_rating;
	-- Delete all certificate base data.
	DELETE FROM csr.certification_level;
	DELETE FROM csr.certification;
	DELETE FROM csr.energy_rating;
END;
/

BEGIN
	dbms_output.put_line('Import certifications');
	INSERT INTO csr.certification (certification_id, certification_type_id, external_id, name) VALUES (1139, 1, 1139, '2000-Watt/Site - Design '||chr(38)||' Construction');
	INSERT INTO csr.certification (certification_id, certification_type_id, external_id, name) VALUES (1140, 1, 1140, '2000-Watt/Site - Operational');
	INSERT INTO csr.certification (certification_id, certification_type_id, external_id, name) VALUES (585, 1, 585, 'ABINC Certification/Urban Development and Shopping Centre');
	INSERT INTO csr.certification (certification_id, certification_type_id, external_id, name) VALUES (1148, 1, 1148, 'AirRated/AirScore');
	INSERT INTO csr.certification (certification_id, certification_type_id, external_id, name) VALUES (1149, 1, 1149, 'AirRated/AirScore D'||chr(38)||'O');
	INSERT INTO csr.certification (certification_id, certification_type_id, external_id, name) VALUES (1142, 1, 1142, 'ARCA/Nuove Costruzioni');
	INSERT INTO csr.certification (certification_id, certification_type_id, external_id, name) VALUES (1092, 1, 1092, 'Arc/Performance Certificates - 3');
	INSERT INTO csr.certification (certification_id, certification_type_id, external_id, name) VALUES (895, 1, 895, 'Austin Energy/Austin Energy Green Building - Design '||chr(38)||' Construction');
	INSERT INTO csr.certification (certification_id, certification_type_id, external_id, name) VALUES (1172, 1, 1172, 'BASIX/BASIX');
	INSERT INTO csr.certification (certification_id, certification_type_id, external_id, name) VALUES (1147, 1, 1147, 'BBCA/BBCA');
	INSERT INTO csr.certification (certification_id, certification_type_id, external_id, name) VALUES (1164, 1, 1164, 'BBCA/BBCA - Design '||chr(38)||' Construction');
	INSERT INTO csr.certification (certification_id, certification_type_id, external_id, name) VALUES (598, 1, 598, 'BCA Green Mark/Existing Buildings');
	INSERT INTO csr.certification (certification_id, certification_type_id, external_id, name) VALUES (567, 1, 567, 'BCA Green Mark/New Buildings');
	INSERT INTO csr.certification (certification_id, certification_type_id, external_id, name) VALUES (901, 1, 901, 'BEAM Plus/Existing Building');
	INSERT INTO csr.certification (certification_id, certification_type_id, external_id, name) VALUES (1105, 1, 1105, 'BEAM Plus/Existing Building - Selective Scheme');
	INSERT INTO csr.certification (certification_id, certification_type_id, external_id, name) VALUES (3, 1, 3, 'BEAM Plus/Interior');
	INSERT INTO csr.certification (certification_id, certification_type_id, external_id, name) VALUES (898, 1, 898, 'BEAM Plus/New Building');
	INSERT INTO csr.certification (certification_id, certification_type_id, external_id, name) VALUES (6, 1, 6, 'BERDE/New Construction');
	INSERT INTO csr.certification (certification_id, certification_type_id, external_id, name) VALUES (183, 1, 183, 'BERDE/Operations');
	INSERT INTO csr.certification (certification_id, certification_type_id, external_id, name) VALUES (7, 1, 7, 'BERDE/Retrofits and Renovations');
	INSERT INTO csr.certification (certification_id, certification_type_id, external_id, name) VALUES (1184, 1, 1184, 'BIT Building/BIT Building');
	INSERT INTO csr.certification (certification_id, certification_type_id, external_id, name) VALUES (186, 1, 186, 'BOMA/360');
	INSERT INTO csr.certification (certification_id, certification_type_id, external_id, name) VALUES (541, 1, 541, 'BOMA/BEST');
	INSERT INTO csr.certification (certification_id, certification_type_id, external_id, name) VALUES (1112, 1, 1112, 'BOMA/China - Certificate of Excellence');
	INSERT INTO csr.certification (certification_id, certification_type_id, external_id, name) VALUES (354, 1, 354, 'BRaVe/Building RAting ValuE');
	INSERT INTO csr.certification (certification_id, certification_type_id, external_id, name) VALUES (251, 1, 251, 'BREEAM/Code for Sustainable Homes');
	INSERT INTO csr.certification (certification_id, certification_type_id, external_id, name) VALUES (586, 1, 586, 'BREEAM/Domestic Refurbishment');
	INSERT INTO csr.certification (certification_id, certification_type_id, external_id, name) VALUES (997, 1, 997, 'BREEAM/Home Quality Mark');
	INSERT INTO csr.certification (certification_id, certification_type_id, external_id, name) VALUES (691, 1, 691, 'BREEAM/In Use');
	INSERT INTO csr.certification (certification_id, certification_type_id, external_id, name) VALUES (966, 1, 966, 'BREEAM/New Construction');
	INSERT INTO csr.certification (certification_id, certification_type_id, external_id, name) VALUES (692, 1, 692, 'BREEAM/Refurbishment and Fit-out');
	INSERT INTO csr.certification (certification_id, certification_type_id, external_id, name) VALUES (583, 1, 583, 'Build it Green/GreenPoint Rated, Existing Home');
	INSERT INTO csr.certification (certification_id, certification_type_id, external_id, name) VALUES (765, 1, 765, 'Build it Green/GreenPoint Rated, New Home');
	INSERT INTO csr.certification (certification_id, certification_type_id, external_id, name) VALUES (695, 1, 695, 'Built Green/Built Green');
	INSERT INTO csr.certification (certification_id, certification_type_id, external_id, name) VALUES (998, 1, 998, 'CALGreen/CALGreen');
	INSERT INTO csr.certification (certification_id, certification_type_id, external_id, name) VALUES (1188, 1, 1188, 'CarbonCare Label/CarbonCare Label');
	INSERT INTO csr.certification (certification_id, certification_type_id, external_id, name) VALUES (1146, 1, 1146, 'CasaClima/Nature');
	INSERT INTO csr.certification (certification_id, certification_type_id, external_id, name) VALUES (188, 1, 188, 'CASBEE/Existing Buildings');
	INSERT INTO csr.certification (certification_id, certification_type_id, external_id, name) VALUES (699, 1, 699, 'CASBEE/for Market Promotion');
	INSERT INTO csr.certification (certification_id, certification_type_id, external_id, name) VALUES (941, 1, 941, 'CASBEE/for Real Estate');
	INSERT INTO csr.certification (certification_id, certification_type_id, external_id, name) VALUES (988, 1, 988, 'CASBEE/New Construction');
	INSERT INTO csr.certification (certification_id, certification_type_id, external_id, name) VALUES (16, 1, 16, 'CASBEE/Renovation');
	INSERT INTO csr.certification (certification_id, certification_type_id, external_id, name) VALUES (1116, 1, 1116, 'CASBEE/Wellness Office - Existing Building');
	INSERT INTO csr.certification (certification_id, certification_type_id, external_id, name) VALUES (1115, 1, 1115, 'CASBEE/Wellness Office - New Construction');
	INSERT INTO csr.certification (certification_id, certification_type_id, external_id, name) VALUES (832, 1, 832, 'CEEDA/Design-Operate');
	INSERT INTO csr.certification (certification_id, certification_type_id, external_id, name) VALUES (702, 1, 702, 'Certified Rental Building Program/Certified Rental Building');
	INSERT INTO csr.certification (certification_id, certification_type_id, external_id, name) VALUES (982, 1, 982, 'China Green Building Label/GB/T 50378-2014 - Design '||chr(38)||' Construction');
	INSERT INTO csr.certification (certification_id, certification_type_id, external_id, name) VALUES (1096, 1, 1096, 'China Green Building Label/GB/T 50378-2014 - Operational');
	INSERT INTO csr.certification (certification_id, certification_type_id, external_id, name) VALUES (1150, 1, 1150, 'China Green Warehouses/China Green Warehouses');
	INSERT INTO csr.certification (certification_id, certification_type_id, external_id, name) VALUES (1117, 1, 1117, 'Cleaning Accountability Framework/CAF Building Certification');
	INSERT INTO csr.certification (certification_id, certification_type_id, external_id, name) VALUES (1106, 1, 1106, 'CyclingScore/CyclingScore');
	INSERT INTO csr.certification (certification_id, certification_type_id, external_id, name) VALUES (340, 1, 340, 'DBJ Green Building Certification/DBJ Green Building Certification');
	INSERT INTO csr.certification (certification_id, certification_type_id, external_id, name) VALUES (925, 1, 925, 'DBJ Green Building Certification/DBJ Green Building Certification - Plan Certification');
	INSERT INTO csr.certification (certification_id, certification_type_id, external_id, name) VALUES (975, 1, 975, 'DGBC Woonmerk/Woon Kwaliteit Richtlijn');
	INSERT INTO csr.certification (certification_id, certification_type_id, external_id, name) VALUES (1129, 1, 1129, 'DGNB/Buildings In Use');
	INSERT INTO csr.certification (certification_id, certification_type_id, external_id, name) VALUES (78, 1, 78, 'DGNB/Existing Buildings');
	INSERT INTO csr.certification (certification_id, certification_type_id, external_id, name) VALUES (571, 1, 571, 'DGNB/New Construction');
	INSERT INTO csr.certification (certification_id, certification_type_id, external_id, name) VALUES (1130, 1, 1130, 'DGNB/Renovation');
	INSERT INTO csr.certification (certification_id, certification_type_id, external_id, name) VALUES (303, 1, 303, 'EarthCheck/Sustainable Design');
	INSERT INTO csr.certification (certification_id, certification_type_id, external_id, name) VALUES (703, 1, 703, 'EarthCraft/EarthCraft');
	INSERT INTO csr.certification (certification_id, certification_type_id, external_id, name) VALUES (984, 1, 984, 'EDGE/EDGE - Design '||chr(38)||' Construction');
	INSERT INTO csr.certification (certification_id, certification_type_id, external_id, name) VALUES (1180, 1, 1180, 'EDGE/EDGE - Operational');
	INSERT INTO csr.certification (certification_id, certification_type_id, external_id, name) VALUES (1145, 1, 1145, 'Energy Star/Residential New Construction');
	INSERT INTO csr.certification (certification_id, certification_type_id, external_id, name) VALUES (625, 1, 625, 'Enterprise Green Communities/Enterprise Green Communities');
	INSERT INTO csr.certification (certification_id, certification_type_id, external_id, name) VALUES (1094, 1, 1094, 'Fitwel/Fitwel - Built');
	INSERT INTO csr.certification (certification_id, certification_type_id, external_id, name) VALUES (1002, 1, 1002, 'Fitwel/Fitwel - Design '||chr(38)||' Construction');
	INSERT INTO csr.certification (certification_id, certification_type_id, external_id, name) VALUES (1128, 1, 1128, 'Fitwel/Viral Response');
	INSERT INTO csr.certification (certification_id, certification_type_id, external_id, name) VALUES (711, 1, 711, 'Florida Green Building Certification/Design '||chr(38)||' Construction');
	INSERT INTO csr.certification (certification_id, certification_type_id, external_id, name) VALUES (1097, 1, 1097, 'Florida Green Building Certification/Operational');
	INSERT INTO csr.certification (certification_id, certification_type_id, external_id, name) VALUES (906, 1, 906, 'GPR Gebouw/GPR Gebouw - Design '||chr(38)||' Construction');
	INSERT INTO csr.certification (certification_id, certification_type_id, external_id, name) VALUES (1103, 1, 1103, 'GPR Gebouw/GPR Gebouw - Operational');
	INSERT INTO csr.certification (certification_id, certification_type_id, external_id, name) VALUES (889, 1, 889, 'Green Building Index (GBI)/Existing Building');
	INSERT INTO csr.certification (certification_id, certification_type_id, external_id, name) VALUES (859, 1, 859, 'Green Building Index (GBI)/New Construction');
	INSERT INTO csr.certification (certification_id, certification_type_id, external_id, name) VALUES (190, 1, 190, 'Green Globes/Existing Buildings');
	INSERT INTO csr.certification (certification_id, certification_type_id, external_id, name) VALUES (93, 1, 93, 'Green Globes/New Construction');
	INSERT INTO csr.certification (certification_id, certification_type_id, external_id, name) VALUES (1008, 1, 1008, 'Green Globes/Sustainable Interiors');
	INSERT INTO csr.certification (certification_id, certification_type_id, external_id, name) VALUES (192, 1, 192, 'Green Key/Eco-Rating Program');
	INSERT INTO csr.certification (certification_id, certification_type_id, external_id, name) VALUES (1118, 1, 1118, 'Green Key International/Ecolabel');
	INSERT INTO csr.certification (certification_id, certification_type_id, external_id, name) VALUES (973, 1, 973, 'Green Rating/Green Rating Remote Assessment');
	INSERT INTO csr.certification (certification_id, certification_type_id, external_id, name) VALUES (1177, 1, 1177, 'GreenRE/GreenRE - Design '||chr(38)||' Construction');
	INSERT INTO csr.certification (certification_id, certification_type_id, external_id, name) VALUES (1178, 1, 1178, 'GreenRE/GreenRE - Operational');
	INSERT INTO csr.certification (certification_id, certification_type_id, external_id, name) VALUES (194, 1, 194, 'Green Seal/Hotels and Lodging');
	INSERT INTO csr.certification (certification_id, certification_type_id, external_id, name) VALUES (1187, 1, 1187, 'Green Shield Certified/Green Shield Certified');
	INSERT INTO csr.certification (certification_id, certification_type_id, external_id, name) VALUES (196, 1, 196, 'GreenShip/Existing Building');
	INSERT INTO csr.certification (certification_id, certification_type_id, external_id, name) VALUES (95, 1, 95, 'GreenShip/New Building');
	INSERT INTO csr.certification (certification_id, certification_type_id, external_id, name) VALUES (1186, 1, 1186, 'Green Star/Buildings');
	INSERT INTO csr.certification (certification_id, certification_type_id, external_id, name) VALUES (660, 1, 660, 'Green Star/Communities');
	INSERT INTO csr.certification (certification_id, certification_type_id, external_id, name) VALUES (1001, 1, 1001, 'Green Star/Design '||chr(38)||' As Built');
	INSERT INTO csr.certification (certification_id, certification_type_id, external_id, name) VALUES (1185, 1, 1185, 'Green Star/Homes');
	INSERT INTO csr.certification (certification_id, certification_type_id, external_id, name) VALUES (577, 1, 577, 'Green Star/Interiors');
	INSERT INTO csr.certification (certification_id, certification_type_id, external_id, name) VALUES (828, 1, 828, 'Green Star NZ/Design '||chr(38)||' As Built');
	INSERT INTO csr.certification (certification_id, certification_type_id, external_id, name) VALUES (1004, 1, 1004, 'Green Star NZ/Interiors');
	INSERT INTO csr.certification (certification_id, certification_type_id, external_id, name) VALUES (1093, 1, 1093, 'Green Star NZ/Performance');
	INSERT INTO csr.certification (certification_id, certification_type_id, external_id, name) VALUES (722, 1, 722, 'Green Star/Performance');
	INSERT INTO csr.certification (certification_id, certification_type_id, external_id, name) VALUES (575, 1, 575, 'Green Star SA/Design '||chr(38)||' As Built');
	INSERT INTO csr.certification (certification_id, certification_type_id, external_id, name) VALUES (587, 1, 587, 'Green Star SA/Performance');
	INSERT INTO csr.certification (certification_id, certification_type_id, external_id, name) VALUES (990, 1, 990, 'GRIHA/Green Rating for Integrated Habitat Assessment - Design '||chr(38)||' Construction');
	INSERT INTO csr.certification (certification_id, certification_type_id, external_id, name) VALUES (1098, 1, 1098, 'GRIHA/Green Rating for Integrated Habitat Assessment - Operational');
	INSERT INTO csr.certification (certification_id, certification_type_id, external_id, name) VALUES (841, 1, 841, 'G-SEED/G-SEED');
	INSERT INTO csr.certification (certification_id, certification_type_id, external_id, name) VALUES (1119, 1, 1119, 'Hong Kong Environmental Protection Department/IAQ Certification');
	INSERT INTO csr.certification (certification_id, certification_type_id, external_id, name) VALUES (675, 1, 675, 'Housing Performance Indication System/Housing Performance Evaluation - Design '||chr(38)||' Construction');
	INSERT INTO csr.certification (certification_id, certification_type_id, external_id, name) VALUES (1099, 1, 1099, 'Housing Performance Indication System/Housing Performance Evaluation - Operational');
	INSERT INTO csr.certification (certification_id, certification_type_id, external_id, name) VALUES (198, 1, 198, 'IGBC Green/Existing Buildings');
	INSERT INTO csr.certification (certification_id, certification_type_id, external_id, name) VALUES (1171, 1, 1171, 'IGBC Green/Factory Buildings');
	INSERT INTO csr.certification (certification_id, certification_type_id, external_id, name) VALUES (766, 1, 766, 'IGBC Green/Homes');
	INSERT INTO csr.certification (certification_id, certification_type_id, external_id, name) VALUES (1170, 1, 1170, 'IGBC Green/Logistics Parks and Warehouses');
	INSERT INTO csr.certification (certification_id, certification_type_id, external_id, name) VALUES (724, 1, 724, 'IGBC Green/New Building');
	INSERT INTO csr.certification (certification_id, certification_type_id, external_id, name) VALUES (516, 1, 516, 'IGBC Green/SEZs');
	INSERT INTO csr.certification (certification_id, certification_type_id, external_id, name) VALUES (1111, 1, 1111, 'International Living Future Institute/Core Green Building Certification');
	INSERT INTO csr.certification (certification_id, certification_type_id, external_id, name) VALUES (681, 1, 681, 'International Living Future Institute/Living Building Challenge');
	INSERT INTO csr.certification (certification_id, certification_type_id, external_id, name) VALUES (591, 1, 591, 'IREM Certified Sustainable Properties/IREM Certified Sustainable Properties');
	INSERT INTO csr.certification (certification_id, certification_type_id, external_id, name) VALUES (1141, 1, 1141, 'Irish GBC/Home Performance Index');
	INSERT INTO csr.certification (certification_id, certification_type_id, external_id, name) VALUES (1143, 1, 1143, 'LEA-Label/LEA-Label');
	INSERT INTO csr.certification (certification_id, certification_type_id, external_id, name) VALUES (959, 1, 959, 'LEED/Building Design and Construction (BD+C)');
	INSERT INTO csr.certification (certification_id, certification_type_id, external_id, name) VALUES (946, 1, 946, 'LEED/Building Operations and Maintenance (O+M)');
	INSERT INTO csr.certification (certification_id, certification_type_id, external_id, name) VALUES (954, 1, 954, 'LEED/for Homes');
	INSERT INTO csr.certification (certification_id, certification_type_id, external_id, name) VALUES (965, 1, 965, 'LEED/Interior Design and Construction (ID+C)');
	INSERT INTO csr.certification (certification_id, certification_type_id, external_id, name) VALUES (947, 1, 947, 'LEED/Neighborhood Development (ND)');
	INSERT INTO csr.certification (certification_id, certification_type_id, external_id, name) VALUES (992, 1, 992, 'LOTUS/Buildings in Operation');
	INSERT INTO csr.certification (certification_id, certification_type_id, external_id, name) VALUES (1131, 1, 1131, 'LOTUS/Homes');
	INSERT INTO csr.certification (certification_id, certification_type_id, external_id, name) VALUES (1109, 1, 1109, 'LOTUS/Interiors');
	INSERT INTO csr.certification (certification_id, certification_type_id, external_id, name) VALUES (1108, 1, 1108, 'LOTUS/New Construction');
	INSERT INTO csr.certification (certification_id, certification_type_id, external_id, name) VALUES (1137, 1, 1137, 'Milieuplatform Zorg/Milieuthermometer Zorg');
	INSERT INTO csr.certification (certification_id, certification_type_id, external_id, name) VALUES (200, 1, 200, 'Milj'||UNISTR('\00F6')||'byggnad/Existing Buildings');
	INSERT INTO csr.certification (certification_id, certification_type_id, external_id, name) VALUES (743, 1, 743, 'Milj'||UNISTR('\00F6')||'byggnad/New Buildings');
	INSERT INTO csr.certification (certification_id, certification_type_id, external_id, name) VALUES (605, 1, 605, 'MINERGIE/A');
	INSERT INTO csr.certification (certification_id, certification_type_id, external_id, name) VALUES (557, 1, 557, 'MINERGIE/ECO');
	INSERT INTO csr.certification (certification_id, certification_type_id, external_id, name) VALUES (905, 1, 905, 'MINERGIE/MINERGIE');
	INSERT INTO csr.certification (certification_id, certification_type_id, external_id, name) VALUES (666, 1, 666, 'MINERGIE/P');
	INSERT INTO csr.certification (certification_id, certification_type_id, external_id, name) VALUES (581, 1, 581, 'NABERS/Multi-rating');
	INSERT INTO csr.certification (certification_id, certification_type_id, external_id, name) VALUES (1121, 1, 1121, 'NF Habitat/HQE Construction');
	INSERT INTO csr.certification (certification_id, certification_type_id, external_id, name) VALUES (1123, 1, 1123, 'NF Habitat/HQE Exploitation');
	INSERT INTO csr.certification (certification_id, certification_type_id, external_id, name) VALUES (1122, 1, 1122, 'NF Habitat/HQE R'||UNISTR('\00E9')||'novation');
	INSERT INTO csr.certification (certification_id, certification_type_id, external_id, name) VALUES (588, 1, 588, 'NF HQE/B'||UNISTR('\00E2')||'timents Tertiaires en Exploitation');
	INSERT INTO csr.certification (certification_id, certification_type_id, external_id, name) VALUES (247, 1, 247, 'NF HQE/B'||UNISTR('\00E2')||'timents Tertiaires - Neuf ou R'||UNISTR('\00E9')||'novation');
	INSERT INTO csr.certification (certification_id, certification_type_id, external_id, name) VALUES (723, 1, 723, 'NGBS/National Green Building Standard - Design '||chr(38)||' Construction');
	INSERT INTO csr.certification (certification_id, certification_type_id, external_id, name) VALUES (1100, 1, 1100, 'NGBS/National Green Building Standard - Operational');
	INSERT INTO csr.certification (certification_id, certification_type_id, external_id, name) VALUES (1090, 1, 1090, 'Parksmart/Parksmart');
	INSERT INTO csr.certification (certification_id, certification_type_id, external_id, name) VALUES (799, 1, 799, 'Passiefwoning/Passiefwoning');
	INSERT INTO csr.certification (certification_id, certification_type_id, external_id, name) VALUES (1136, 1, 1136, 'Passive House Institute/EnerPHit');
	INSERT INTO csr.certification (certification_id, certification_type_id, external_id, name) VALUES (1135, 1, 1135, 'Passive House Institute/Passive House');
	INSERT INTO csr.certification (certification_id, certification_type_id, external_id, name) VALUES (977, 1, 977, 'RESET Air/Commercial Interiors');
	INSERT INTO csr.certification (certification_id, certification_type_id, external_id, name) VALUES (976, 1, 976, 'RESET Air/Core and Shell');
	INSERT INTO csr.certification (certification_id, certification_type_id, external_id, name) VALUES (1174, 1, 1174, 'Rick Hansen Foundation/Accessibility Certification');
	INSERT INTO csr.certification (certification_id, certification_type_id, external_id, name) VALUES (1173, 1, 1173, 'Rick Hansen Foundation/Accessibility Certification - Pre-Construction Rating');
	INSERT INTO csr.certification (certification_id, certification_type_id, external_id, name) VALUES (1181, 1, 1181, 'SEED/SEED Next generation Living - Design '||chr(38)||' Construction');
	INSERT INTO csr.certification (certification_id, certification_type_id, external_id, name) VALUES (1182, 1, 1182, 'SEED/SEED Next Generation Living - Operational');
	INSERT INTO csr.certification (certification_id, certification_type_id, external_id, name) VALUES (745, 1, 745, 'SGBC Green Building EU/SGBC GreenBuilding EU - Design '||chr(38)||' Construction');
	INSERT INTO csr.certification (certification_id, certification_type_id, external_id, name) VALUES (1104, 1, 1104, 'SGBC Green Building EU/SGBC GreenBuilding EU - Operational');
	INSERT INTO csr.certification (certification_id, certification_type_id, external_id, name) VALUES (1183, 1, 1183, 'SGBC/Green Build NollCO2');
	INSERT INTO csr.certification (certification_id, certification_type_id, external_id, name) VALUES (752, 1, 752, 'SKA Rating/SKA Rating - Design '||chr(38)||' Construction');
	INSERT INTO csr.certification (certification_id, certification_type_id, external_id, name) VALUES (1101, 1, 1101, 'SKA Rating/SKA Rating - Operational');
	INSERT INTO csr.certification (certification_id, certification_type_id, external_id, name) VALUES (920, 1, 920, 'SMBC Sustainable Building Assessment/Existing Buildings');
	INSERT INTO csr.certification (certification_id, certification_type_id, external_id, name) VALUES (921, 1, 921, 'SMBC Sustainable Building Assessment/New Buildings');
	INSERT INTO csr.certification (certification_id, certification_type_id, external_id, name) VALUES (781, 1, 781, 'Standard Nachhaltiges Bauen Schweiz (SNBS)/Standard Nachhaltiges Bauen Schweiz (SNBS)');
	INSERT INTO csr.certification (certification_id, certification_type_id, external_id, name) VALUES (450, 1, 450, 'Svanen/Milj'||UNISTR('\00F6')||'m'||UNISTR('\00E4')||'rkta - Design '||chr(38)||' Construction');
	INSERT INTO csr.certification (certification_id, certification_type_id, external_id, name) VALUES (1102, 1, 1102, 'Svanen/Milj'||UNISTR('\00F6')||'m'||UNISTR('\00E4')||'rkta - Operational');
	INSERT INTO csr.certification (certification_id, certification_type_id, external_id, name) VALUES (1175, 1, 1175, 'TABC/EEWH - Design '||chr(38)||' Construction');
	INSERT INTO csr.certification (certification_id, certification_type_id, external_id, name) VALUES (1176, 1, 1176, 'TABC/EEWH - Operational');
	INSERT INTO csr.certification (certification_id, certification_type_id, external_id, name) VALUES (646, 1, 646, 'Toronto Green Standard/Toronto Green Standard');
	INSERT INTO csr.certification (certification_id, certification_type_id, external_id, name) VALUES (994, 1, 994, 'TREES/Design '||chr(38)||' Construction');
	INSERT INTO csr.certification (certification_id, certification_type_id, external_id, name) VALUES (1107, 1, 1107, 'TREES/Existing Building');
	INSERT INTO csr.certification (certification_id, certification_type_id, external_id, name) VALUES (609, 1, 609, 'TripAdvisor/GreenLeaders');
	INSERT INTO csr.certification (certification_id, certification_type_id, external_id, name) VALUES (1088, 1, 1088, 'TRUE (Total Resource Use and Efficiency)/Zero Waste Certification');
	INSERT INTO csr.certification (certification_id, certification_type_id, external_id, name) VALUES (1138, 1, 1138, 'UL/Verified Healthy Building');
	INSERT INTO csr.certification (certification_id, certification_type_id, external_id, name) VALUES (1124, 1, 1124, 'WELL Building Standard/Community');
	INSERT INTO csr.certification (certification_id, certification_type_id, external_id, name) VALUES (903, 1, 903, 'WELL Building Standard/Core and Shell');
	INSERT INTO csr.certification (certification_id, certification_type_id, external_id, name) VALUES (1113, 1, 1113, 'WELL Building Standard/Existing Building');
	INSERT INTO csr.certification (certification_id, certification_type_id, external_id, name) VALUES (1114, 1, 1114, 'WELL Building Standard/Existing Interiors');
	INSERT INTO csr.certification (certification_id, certification_type_id, external_id, name) VALUES (885, 1, 885, 'WELL Building Standard/New Buildings');
	INSERT INTO csr.certification (certification_id, certification_type_id, external_id, name) VALUES (1081, 1, 1081, 'WELL Building Standard/New Interiors');
	INSERT INTO csr.certification (certification_id, certification_type_id, external_id, name) VALUES (1127, 1, 1127, 'WELL/Health-Safety Rating');
END;
/

BEGIN
	dbms_output.put_line('Import certification levels');
	INSERT INTO csr.certification_level (certification_level_id, certification_id, position, name) VALUES (1, 1148, 0, 'Platinum');
	INSERT INTO csr.certification_level (certification_level_id, certification_id, position, name) VALUES (2, 1148, 1, 'Gold');
	INSERT INTO csr.certification_level (certification_level_id, certification_id, position, name) VALUES (3, 1148, 2, 'Silver');
	INSERT INTO csr.certification_level (certification_level_id, certification_id, position, name) VALUES (4, 1148, 3, 'Certified');
	INSERT INTO csr.certification_level (certification_level_id, certification_id, position, name) VALUES (5, 1149, 0, 'Platinum');
	INSERT INTO csr.certification_level (certification_level_id, certification_id, position, name) VALUES (6, 1149, 1, 'Gold');
	INSERT INTO csr.certification_level (certification_level_id, certification_id, position, name) VALUES (7, 1149, 2, 'Silver');
	INSERT INTO csr.certification_level (certification_level_id, certification_id, position, name) VALUES (8, 1149, 3, 'Certified');
	INSERT INTO csr.certification_level (certification_level_id, certification_id, position, name) VALUES (9, 1142, 0, 'Platinum');
	INSERT INTO csr.certification_level (certification_level_id, certification_id, position, name) VALUES (10, 1142, 1, 'Gold');
	INSERT INTO csr.certification_level (certification_level_id, certification_id, position, name) VALUES (11, 1142, 2, 'Silver');
	INSERT INTO csr.certification_level (certification_level_id, certification_id, position, name) VALUES (12, 1142, 3, 'Green');
	INSERT INTO csr.certification_level (certification_level_id, certification_id, position, name) VALUES (13, 895, 0, '5 Stars');
	INSERT INTO csr.certification_level (certification_level_id, certification_id, position, name) VALUES (14, 895, 1, '4 Stars');
	INSERT INTO csr.certification_level (certification_level_id, certification_id, position, name) VALUES (15, 895, 2, '3 Stars');
	INSERT INTO csr.certification_level (certification_level_id, certification_id, position, name) VALUES (16, 895, 3, '2 Stars');
	INSERT INTO csr.certification_level (certification_level_id, certification_id, position, name) VALUES (17, 895, 4, '1 Star');
	INSERT INTO csr.certification_level (certification_level_id, certification_id, position, name) VALUES (18, 1147, 0, 'Excellence Label');
	INSERT INTO csr.certification_level (certification_level_id, certification_id, position, name) VALUES (19, 1147, 1, 'Performance Label');
	INSERT INTO csr.certification_level (certification_level_id, certification_id, position, name) VALUES (20, 1147, 2, 'Label');
	INSERT INTO csr.certification_level (certification_level_id, certification_id, position, name) VALUES (21, 1164, 0, 'Excellence Label');
	INSERT INTO csr.certification_level (certification_level_id, certification_id, position, name) VALUES (22, 1164, 1, 'Performance Label');
	INSERT INTO csr.certification_level (certification_level_id, certification_id, position, name) VALUES (23, 1164, 2, 'Label');
	INSERT INTO csr.certification_level (certification_level_id, certification_id, position, name) VALUES (24, 598, 0, 'Platinum');
	INSERT INTO csr.certification_level (certification_level_id, certification_id, position, name) VALUES (25, 598, 1, 'GoldPlus');
	INSERT INTO csr.certification_level (certification_level_id, certification_id, position, name) VALUES (26, 598, 2, 'Gold');
	INSERT INTO csr.certification_level (certification_level_id, certification_id, position, name) VALUES (27, 598, 3, 'Certified');
	INSERT INTO csr.certification_level (certification_level_id, certification_id, position, name) VALUES (28, 567, 0, 'Platinum');
	INSERT INTO csr.certification_level (certification_level_id, certification_id, position, name) VALUES (29, 567, 1, 'GoldPlus');
	INSERT INTO csr.certification_level (certification_level_id, certification_id, position, name) VALUES (30, 567, 2, 'Gold');
	INSERT INTO csr.certification_level (certification_level_id, certification_id, position, name) VALUES (31, 567, 3, 'Certified');
	INSERT INTO csr.certification_level (certification_level_id, certification_id, position, name) VALUES (32, 901, 0, 'Platinum');
	INSERT INTO csr.certification_level (certification_level_id, certification_id, position, name) VALUES (33, 901, 1, 'Gold');
	INSERT INTO csr.certification_level (certification_level_id, certification_id, position, name) VALUES (34, 901, 2, 'Silver');
	INSERT INTO csr.certification_level (certification_level_id, certification_id, position, name) VALUES (35, 901, 3, 'Bronze');
	INSERT INTO csr.certification_level (certification_level_id, certification_id, position, name) VALUES (36, 1105, 0, 'Excellent');
	INSERT INTO csr.certification_level (certification_level_id, certification_id, position, name) VALUES (37, 1105, 1, 'Very Good');
	INSERT INTO csr.certification_level (certification_level_id, certification_id, position, name) VALUES (38, 1105, 2, 'Good');
	INSERT INTO csr.certification_level (certification_level_id, certification_id, position, name) VALUES (39, 1105, 3, 'Satisfactory');
	INSERT INTO csr.certification_level (certification_level_id, certification_id, position, name) VALUES (40, 3, 0, 'Platinum');
	INSERT INTO csr.certification_level (certification_level_id, certification_id, position, name) VALUES (41, 3, 1, 'Gold');
	INSERT INTO csr.certification_level (certification_level_id, certification_id, position, name) VALUES (42, 3, 2, 'Silver');
	INSERT INTO csr.certification_level (certification_level_id, certification_id, position, name) VALUES (43, 3, 3, 'Bronze');
	INSERT INTO csr.certification_level (certification_level_id, certification_id, position, name) VALUES (44, 898, 0, 'Platinum');
	INSERT INTO csr.certification_level (certification_level_id, certification_id, position, name) VALUES (45, 898, 1, 'Gold');
	INSERT INTO csr.certification_level (certification_level_id, certification_id, position, name) VALUES (46, 898, 2, 'Silver');
	INSERT INTO csr.certification_level (certification_level_id, certification_id, position, name) VALUES (47, 898, 3, 'Bronze');
	INSERT INTO csr.certification_level (certification_level_id, certification_id, position, name) VALUES (48, 6, 0, '5 Stars');
	INSERT INTO csr.certification_level (certification_level_id, certification_id, position, name) VALUES (49, 6, 1, '4 Stars');
	INSERT INTO csr.certification_level (certification_level_id, certification_id, position, name) VALUES (50, 6, 2, '3 Stars');
	INSERT INTO csr.certification_level (certification_level_id, certification_id, position, name) VALUES (51, 6, 3, '2 Stars');
	INSERT INTO csr.certification_level (certification_level_id, certification_id, position, name) VALUES (52, 6, 4, '1 Star');
	INSERT INTO csr.certification_level (certification_level_id, certification_id, position, name) VALUES (53, 183, 0, '5 Stars');
	INSERT INTO csr.certification_level (certification_level_id, certification_id, position, name) VALUES (54, 183, 1, '4 Stars');
	INSERT INTO csr.certification_level (certification_level_id, certification_id, position, name) VALUES (55, 183, 2, '3 Stars');
	INSERT INTO csr.certification_level (certification_level_id, certification_id, position, name) VALUES (56, 183, 3, '2 Stars');
	INSERT INTO csr.certification_level (certification_level_id, certification_id, position, name) VALUES (57, 183, 4, '1 Star');
	INSERT INTO csr.certification_level (certification_level_id, certification_id, position, name) VALUES (58, 7, 0, '5 Stars');
	INSERT INTO csr.certification_level (certification_level_id, certification_id, position, name) VALUES (59, 7, 1, '4 Stars');
	INSERT INTO csr.certification_level (certification_level_id, certification_id, position, name) VALUES (60, 7, 2, '3 Stars');
	INSERT INTO csr.certification_level (certification_level_id, certification_id, position, name) VALUES (61, 7, 3, '2 Stars');
	INSERT INTO csr.certification_level (certification_level_id, certification_id, position, name) VALUES (62, 7, 4, '1 Star');
	INSERT INTO csr.certification_level (certification_level_id, certification_id, position, name) VALUES (63, 1184, 0, '30% improvement');
	INSERT INTO csr.certification_level (certification_level_id, certification_id, position, name) VALUES (64, 1184, 1, '20% improvement');
	INSERT INTO csr.certification_level (certification_level_id, certification_id, position, name) VALUES (65, 1184, 2, '10% improvement');
	INSERT INTO csr.certification_level (certification_level_id, certification_id, position, name) VALUES (66, 1184, 3, 'Certified');
	INSERT INTO csr.certification_level (certification_level_id, certification_id, position, name) VALUES (67, 541, 0, 'Platinum');
	INSERT INTO csr.certification_level (certification_level_id, certification_id, position, name) VALUES (68, 541, 1, 'Gold');
	INSERT INTO csr.certification_level (certification_level_id, certification_id, position, name) VALUES (69, 541, 2, 'Silver');
	INSERT INTO csr.certification_level (certification_level_id, certification_id, position, name) VALUES (70, 541, 3, 'Bronze');
	INSERT INTO csr.certification_level (certification_level_id, certification_id, position, name) VALUES (71, 541, 4, 'Certified');
	INSERT INTO csr.certification_level (certification_level_id, certification_id, position, name) VALUES (72, 251, 0, 'Code Level 6');
	INSERT INTO csr.certification_level (certification_level_id, certification_id, position, name) VALUES (73, 251, 1, 'Code Level 5');
	INSERT INTO csr.certification_level (certification_level_id, certification_id, position, name) VALUES (74, 251, 2, 'Code Level 4');
	INSERT INTO csr.certification_level (certification_level_id, certification_id, position, name) VALUES (75, 251, 3, 'Code Level 3');
	INSERT INTO csr.certification_level (certification_level_id, certification_id, position, name) VALUES (76, 251, 4, 'Code Level 2');
	INSERT INTO csr.certification_level (certification_level_id, certification_id, position, name) VALUES (77, 251, 5, 'Code Level 1');
	INSERT INTO csr.certification_level (certification_level_id, certification_id, position, name) VALUES (78, 586, 0, 'Outstanding');
	INSERT INTO csr.certification_level (certification_level_id, certification_id, position, name) VALUES (79, 586, 1, 'Excellent');
	INSERT INTO csr.certification_level (certification_level_id, certification_id, position, name) VALUES (80, 586, 2, 'Very Good');
	INSERT INTO csr.certification_level (certification_level_id, certification_id, position, name) VALUES (81, 586, 3, 'Good');
	INSERT INTO csr.certification_level (certification_level_id, certification_id, position, name) VALUES (82, 586, 4, 'Pass');
	INSERT INTO csr.certification_level (certification_level_id, certification_id, position, name) VALUES (83, 691, 0, 'Outstanding');
	INSERT INTO csr.certification_level (certification_level_id, certification_id, position, name) VALUES (84, 691, 1, 'Excellent');
	INSERT INTO csr.certification_level (certification_level_id, certification_id, position, name) VALUES (85, 691, 2, 'Very Good');
	INSERT INTO csr.certification_level (certification_level_id, certification_id, position, name) VALUES (86, 691, 3, 'Good');
	INSERT INTO csr.certification_level (certification_level_id, certification_id, position, name) VALUES (87, 691, 4, 'Pass');
	INSERT INTO csr.certification_level (certification_level_id, certification_id, position, name) VALUES (88, 691, 5, 'Acceptable');
	INSERT INTO csr.certification_level (certification_level_id, certification_id, position, name) VALUES (89, 966, 0, 'Outstanding');
	INSERT INTO csr.certification_level (certification_level_id, certification_id, position, name) VALUES (90, 966, 1, 'Excellent');
	INSERT INTO csr.certification_level (certification_level_id, certification_id, position, name) VALUES (91, 966, 2, 'Very Good');
	INSERT INTO csr.certification_level (certification_level_id, certification_id, position, name) VALUES (92, 966, 3, 'Good');
	INSERT INTO csr.certification_level (certification_level_id, certification_id, position, name) VALUES (93, 966, 4, 'Pass');
	INSERT INTO csr.certification_level (certification_level_id, certification_id, position, name) VALUES (94, 692, 0, 'Outstanding');
	INSERT INTO csr.certification_level (certification_level_id, certification_id, position, name) VALUES (95, 692, 1, 'Excellent');
	INSERT INTO csr.certification_level (certification_level_id, certification_id, position, name) VALUES (96, 692, 2, 'Very Good');
	INSERT INTO csr.certification_level (certification_level_id, certification_id, position, name) VALUES (97, 692, 3, 'Good');
	INSERT INTO csr.certification_level (certification_level_id, certification_id, position, name) VALUES (98, 692, 4, 'Pass');
	INSERT INTO csr.certification_level (certification_level_id, certification_id, position, name) VALUES (99, 695, 0, '5 Stars');
	INSERT INTO csr.certification_level (certification_level_id, certification_id, position, name) VALUES (100, 695, 1, '4 Stars');
	INSERT INTO csr.certification_level (certification_level_id, certification_id, position, name) VALUES (101, 695, 2, '3 Stars');
	INSERT INTO csr.certification_level (certification_level_id, certification_id, position, name) VALUES (102, 1188, 0, 'Carbon Neutral');
	INSERT INTO csr.certification_level (certification_level_id, certification_id, position, name) VALUES (103, 1188, 1, '80% reduction');
	INSERT INTO csr.certification_level (certification_level_id, certification_id, position, name) VALUES (104, 1188, 2, '60% reduction');
	INSERT INTO csr.certification_level (certification_level_id, certification_id, position, name) VALUES (105, 1188, 3, '40% reduction');
	INSERT INTO csr.certification_level (certification_level_id, certification_id, position, name) VALUES (106, 1188, 4, '20% reduction');
	INSERT INTO csr.certification_level (certification_level_id, certification_id, position, name) VALUES (107, 1188, 5, '5% reduction');
	INSERT INTO csr.certification_level (certification_level_id, certification_id, position, name) VALUES (108, 188, 0, 'Superior (S)');
	INSERT INTO csr.certification_level (certification_level_id, certification_id, position, name) VALUES (109, 188, 1, 'Very Good (A)');
	INSERT INTO csr.certification_level (certification_level_id, certification_id, position, name) VALUES (110, 188, 2, 'Good (B+)');
	INSERT INTO csr.certification_level (certification_level_id, certification_id, position, name) VALUES (111, 188, 3, 'Slightly Poor (B-)');
	INSERT INTO csr.certification_level (certification_level_id, certification_id, position, name) VALUES (112, 188, 4, 'Poor (C)');
	INSERT INTO csr.certification_level (certification_level_id, certification_id, position, name) VALUES (113, 699, 0, 'Superior (S)');
	INSERT INTO csr.certification_level (certification_level_id, certification_id, position, name) VALUES (114, 699, 1, 'Very Good (A)');
	INSERT INTO csr.certification_level (certification_level_id, certification_id, position, name) VALUES (115, 699, 2, 'Good (B+)');
	INSERT INTO csr.certification_level (certification_level_id, certification_id, position, name) VALUES (116, 699, 3, 'Slightly Poor (B-)');
	INSERT INTO csr.certification_level (certification_level_id, certification_id, position, name) VALUES (117, 699, 4, 'Poor (C)');
	INSERT INTO csr.certification_level (certification_level_id, certification_id, position, name) VALUES (118, 941, 0, 'Superior (S)');
	INSERT INTO csr.certification_level (certification_level_id, certification_id, position, name) VALUES (119, 941, 1, 'Very Good (A)');
	INSERT INTO csr.certification_level (certification_level_id, certification_id, position, name) VALUES (120, 941, 2, 'Good (B+)');
	INSERT INTO csr.certification_level (certification_level_id, certification_id, position, name) VALUES (121, 941, 3, 'Slightly Poor (B-)');
	INSERT INTO csr.certification_level (certification_level_id, certification_id, position, name) VALUES (122, 941, 4, 'Poor (C)');
	INSERT INTO csr.certification_level (certification_level_id, certification_id, position, name) VALUES (123, 988, 0, 'Superior (S)');
	INSERT INTO csr.certification_level (certification_level_id, certification_id, position, name) VALUES (124, 988, 1, 'Very Good (A)');
	INSERT INTO csr.certification_level (certification_level_id, certification_id, position, name) VALUES (125, 988, 2, 'Good (B+)');
	INSERT INTO csr.certification_level (certification_level_id, certification_id, position, name) VALUES (126, 988, 3, 'Slightly Poor (B-)');
	INSERT INTO csr.certification_level (certification_level_id, certification_id, position, name) VALUES (127, 988, 4, 'Poor (C)');
	INSERT INTO csr.certification_level (certification_level_id, certification_id, position, name) VALUES (128, 16, 0, 'Superior (S)');
	INSERT INTO csr.certification_level (certification_level_id, certification_id, position, name) VALUES (129, 16, 1, 'Very Good (A)');
	INSERT INTO csr.certification_level (certification_level_id, certification_id, position, name) VALUES (130, 16, 2, 'Good (B+)');
	INSERT INTO csr.certification_level (certification_level_id, certification_id, position, name) VALUES (131, 16, 3, 'Slightly Poor (B-)');
	INSERT INTO csr.certification_level (certification_level_id, certification_id, position, name) VALUES (132, 16, 4, 'Poor (C)');
	INSERT INTO csr.certification_level (certification_level_id, certification_id, position, name) VALUES (133, 1116, 0, 'Superior (S)');
	INSERT INTO csr.certification_level (certification_level_id, certification_id, position, name) VALUES (134, 1116, 1, 'Very Good (A)');
	INSERT INTO csr.certification_level (certification_level_id, certification_id, position, name) VALUES (135, 1116, 2, 'Good (B+)');
	INSERT INTO csr.certification_level (certification_level_id, certification_id, position, name) VALUES (136, 1116, 3, 'Slightly Poor (B-)');
	INSERT INTO csr.certification_level (certification_level_id, certification_id, position, name) VALUES (137, 1116, 4, 'Poor (C)');
	INSERT INTO csr.certification_level (certification_level_id, certification_id, position, name) VALUES (138, 1115, 0, 'Superior (S)');
	INSERT INTO csr.certification_level (certification_level_id, certification_id, position, name) VALUES (139, 1115, 1, 'Very Good (A)');
	INSERT INTO csr.certification_level (certification_level_id, certification_id, position, name) VALUES (140, 1115, 2, 'Good (B+)');
	INSERT INTO csr.certification_level (certification_level_id, certification_id, position, name) VALUES (141, 1115, 3, 'Slightly Poor (B-)');
	INSERT INTO csr.certification_level (certification_level_id, certification_id, position, name) VALUES (142, 1115, 4, 'Poor (C)');
	INSERT INTO csr.certification_level (certification_level_id, certification_id, position, name) VALUES (143, 832, 0, 'Gold');
	INSERT INTO csr.certification_level (certification_level_id, certification_id, position, name) VALUES (144, 832, 1, 'Silver');
	INSERT INTO csr.certification_level (certification_level_id, certification_id, position, name) VALUES (145, 832, 2, 'Bronze');
	INSERT INTO csr.certification_level (certification_level_id, certification_id, position, name) VALUES (146, 982, 0, 'Three Stars');
	INSERT INTO csr.certification_level (certification_level_id, certification_id, position, name) VALUES (147, 982, 1, 'Two Stars');
	INSERT INTO csr.certification_level (certification_level_id, certification_id, position, name) VALUES (148, 982, 2, 'One Star');
	INSERT INTO csr.certification_level (certification_level_id, certification_id, position, name) VALUES (149, 1096, 0, 'Three Stars');
	INSERT INTO csr.certification_level (certification_level_id, certification_id, position, name) VALUES (150, 1096, 1, 'Two Stars');
	INSERT INTO csr.certification_level (certification_level_id, certification_id, position, name) VALUES (151, 1096, 2, 'One Star');
	INSERT INTO csr.certification_level (certification_level_id, certification_id, position, name) VALUES (152, 1150, 0, 'Grade 1');
	INSERT INTO csr.certification_level (certification_level_id, certification_id, position, name) VALUES (153, 1150, 1, 'Grade 2');
	INSERT INTO csr.certification_level (certification_level_id, certification_id, position, name) VALUES (154, 1150, 2, 'Grade 3');
	INSERT INTO csr.certification_level (certification_level_id, certification_id, position, name) VALUES (155, 1117, 0, '3 Star');
	INSERT INTO csr.certification_level (certification_level_id, certification_id, position, name) VALUES (156, 1106, 0, 'Platinum');
	INSERT INTO csr.certification_level (certification_level_id, certification_id, position, name) VALUES (157, 1106, 1, 'Gold');
	INSERT INTO csr.certification_level (certification_level_id, certification_id, position, name) VALUES (158, 1106, 2, 'Silver');
	INSERT INTO csr.certification_level (certification_level_id, certification_id, position, name) VALUES (159, 1106, 3, 'Certified');
	INSERT INTO csr.certification_level (certification_level_id, certification_id, position, name) VALUES (160, 340, 0, '5 Stars');
	INSERT INTO csr.certification_level (certification_level_id, certification_id, position, name) VALUES (161, 340, 1, '4 Stars');
	INSERT INTO csr.certification_level (certification_level_id, certification_id, position, name) VALUES (162, 340, 2, '3 Stars');
	INSERT INTO csr.certification_level (certification_level_id, certification_id, position, name) VALUES (163, 340, 3, '2 Stars');
	INSERT INTO csr.certification_level (certification_level_id, certification_id, position, name) VALUES (164, 340, 4, '1 Star');
	INSERT INTO csr.certification_level (certification_level_id, certification_id, position, name) VALUES (165, 925, 0, '5 Stars');
	INSERT INTO csr.certification_level (certification_level_id, certification_id, position, name) VALUES (166, 925, 1, '4 Stars');
	INSERT INTO csr.certification_level (certification_level_id, certification_id, position, name) VALUES (167, 925, 2, '3 Stars');
	INSERT INTO csr.certification_level (certification_level_id, certification_id, position, name) VALUES (168, 925, 3, '2 Stars');
	INSERT INTO csr.certification_level (certification_level_id, certification_id, position, name) VALUES (169, 925, 4, '1 Star');
	INSERT INTO csr.certification_level (certification_level_id, certification_id, position, name) VALUES (170, 1129, 0, 'Platinum');
	INSERT INTO csr.certification_level (certification_level_id, certification_id, position, name) VALUES (171, 1129, 1, 'Gold');
	INSERT INTO csr.certification_level (certification_level_id, certification_id, position, name) VALUES (172, 1129, 2, 'Silver');
	INSERT INTO csr.certification_level (certification_level_id, certification_id, position, name) VALUES (173, 1129, 3, 'Bronze');
	INSERT INTO csr.certification_level (certification_level_id, certification_id, position, name) VALUES (174, 78, 0, 'Platinum');
	INSERT INTO csr.certification_level (certification_level_id, certification_id, position, name) VALUES (175, 78, 1, 'Gold');
	INSERT INTO csr.certification_level (certification_level_id, certification_id, position, name) VALUES (176, 78, 2, 'Silver');
	INSERT INTO csr.certification_level (certification_level_id, certification_id, position, name) VALUES (177, 78, 3, 'Bronze');
	INSERT INTO csr.certification_level (certification_level_id, certification_id, position, name) VALUES (178, 571, 0, 'Platinum');
	INSERT INTO csr.certification_level (certification_level_id, certification_id, position, name) VALUES (179, 571, 1, 'Gold');
	INSERT INTO csr.certification_level (certification_level_id, certification_id, position, name) VALUES (180, 571, 2, 'Silver');
	INSERT INTO csr.certification_level (certification_level_id, certification_id, position, name) VALUES (181, 571, 3, 'Bronze');
	INSERT INTO csr.certification_level (certification_level_id, certification_id, position, name) VALUES (182, 984, 0, 'Advanced');
	INSERT INTO csr.certification_level (certification_level_id, certification_id, position, name) VALUES (183, 984, 1, 'Certified');
	INSERT INTO csr.certification_level (certification_level_id, certification_id, position, name) VALUES (184, 1180, 0, 'Zero Carbon');
	INSERT INTO csr.certification_level (certification_level_id, certification_id, position, name) VALUES (185, 1094, 0, '3 Stars');
	INSERT INTO csr.certification_level (certification_level_id, certification_id, position, name) VALUES (186, 1094, 1, '2 Stars');
	INSERT INTO csr.certification_level (certification_level_id, certification_id, position, name) VALUES (187, 1094, 2, '1 Star');
	INSERT INTO csr.certification_level (certification_level_id, certification_id, position, name) VALUES (188, 1002, 0, '3 Stars');
	INSERT INTO csr.certification_level (certification_level_id, certification_id, position, name) VALUES (189, 1002, 1, '2 Stars');
	INSERT INTO csr.certification_level (certification_level_id, certification_id, position, name) VALUES (190, 1002, 2, '1 Star');
	INSERT INTO csr.certification_level (certification_level_id, certification_id, position, name) VALUES (191, 1128, 0, 'Approved with Distinction');
	INSERT INTO csr.certification_level (certification_level_id, certification_id, position, name) VALUES (192, 1128, 1, 'Approved');
	INSERT INTO csr.certification_level (certification_level_id, certification_id, position, name) VALUES (193, 190, 0, '4 Green Globes');
	INSERT INTO csr.certification_level (certification_level_id, certification_id, position, name) VALUES (194, 190, 1, '3 Green Globes');
	INSERT INTO csr.certification_level (certification_level_id, certification_id, position, name) VALUES (195, 190, 2, '2 Green Globes');
	INSERT INTO csr.certification_level (certification_level_id, certification_id, position, name) VALUES (196, 190, 3, '1 Green Globe');
	INSERT INTO csr.certification_level (certification_level_id, certification_id, position, name) VALUES (197, 93, 0, '4 Green Globes');
	INSERT INTO csr.certification_level (certification_level_id, certification_id, position, name) VALUES (198, 93, 1, '3 Green Globes');
	INSERT INTO csr.certification_level (certification_level_id, certification_id, position, name) VALUES (199, 93, 2, '2 Green Globes');
	INSERT INTO csr.certification_level (certification_level_id, certification_id, position, name) VALUES (200, 93, 3, '1 Green Globe');
	INSERT INTO csr.certification_level (certification_level_id, certification_id, position, name) VALUES (201, 1008, 0, '4 Green Globes');
	INSERT INTO csr.certification_level (certification_level_id, certification_id, position, name) VALUES (202, 1008, 1, '3 Green Globes');
	INSERT INTO csr.certification_level (certification_level_id, certification_id, position, name) VALUES (203, 1008, 2, '2 Green Globes');
	INSERT INTO csr.certification_level (certification_level_id, certification_id, position, name) VALUES (204, 1008, 3, '1 Green Globe');
	INSERT INTO csr.certification_level (certification_level_id, certification_id, position, name) VALUES (205, 1177, 0, 'Platinum');
	INSERT INTO csr.certification_level (certification_level_id, certification_id, position, name) VALUES (206, 1177, 1, 'Gold');
	INSERT INTO csr.certification_level (certification_level_id, certification_id, position, name) VALUES (207, 1177, 2, 'Silver');
	INSERT INTO csr.certification_level (certification_level_id, certification_id, position, name) VALUES (208, 1177, 3, 'Bronze');
	INSERT INTO csr.certification_level (certification_level_id, certification_id, position, name) VALUES (209, 1178, 0, 'Platinum');
	INSERT INTO csr.certification_level (certification_level_id, certification_id, position, name) VALUES (210, 1178, 1, 'Gold');
	INSERT INTO csr.certification_level (certification_level_id, certification_id, position, name) VALUES (211, 1178, 2, 'Silver');
	INSERT INTO csr.certification_level (certification_level_id, certification_id, position, name) VALUES (212, 1178, 3, 'Bronze');
	INSERT INTO csr.certification_level (certification_level_id, certification_id, position, name) VALUES (213, 1186, 0, '6 Stars');
	INSERT INTO csr.certification_level (certification_level_id, certification_id, position, name) VALUES (214, 1186, 1, '5 Stars');
	INSERT INTO csr.certification_level (certification_level_id, certification_id, position, name) VALUES (215, 1186, 2, '4 Stars');
	INSERT INTO csr.certification_level (certification_level_id, certification_id, position, name) VALUES (216, 660, 0, '6 Stars');
	INSERT INTO csr.certification_level (certification_level_id, certification_id, position, name) VALUES (217, 660, 1, '5 Stars');
	INSERT INTO csr.certification_level (certification_level_id, certification_id, position, name) VALUES (218, 660, 2, '4 Stars');
	INSERT INTO csr.certification_level (certification_level_id, certification_id, position, name) VALUES (219, 1001, 0, '6 Stars');
	INSERT INTO csr.certification_level (certification_level_id, certification_id, position, name) VALUES (220, 1001, 1, '5 Stars');
	INSERT INTO csr.certification_level (certification_level_id, certification_id, position, name) VALUES (221, 1001, 2, '4 Stars');
	INSERT INTO csr.certification_level (certification_level_id, certification_id, position, name) VALUES (222, 577, 0, '6 Stars');
	INSERT INTO csr.certification_level (certification_level_id, certification_id, position, name) VALUES (223, 577, 1, '5 Stars');
	INSERT INTO csr.certification_level (certification_level_id, certification_id, position, name) VALUES (224, 577, 2, '4 Stars');
	INSERT INTO csr.certification_level (certification_level_id, certification_id, position, name) VALUES (225, 828, 0, '6 Stars');
	INSERT INTO csr.certification_level (certification_level_id, certification_id, position, name) VALUES (226, 828, 1, '5 Stars');
	INSERT INTO csr.certification_level (certification_level_id, certification_id, position, name) VALUES (227, 828, 2, '4 Stars');
	INSERT INTO csr.certification_level (certification_level_id, certification_id, position, name) VALUES (228, 1004, 0, '6 Stars');
	INSERT INTO csr.certification_level (certification_level_id, certification_id, position, name) VALUES (229, 1004, 1, '5 Stars');
	INSERT INTO csr.certification_level (certification_level_id, certification_id, position, name) VALUES (230, 1004, 2, '4 Stars');
	INSERT INTO csr.certification_level (certification_level_id, certification_id, position, name) VALUES (231, 1093, 0, '6 Stars');
	INSERT INTO csr.certification_level (certification_level_id, certification_id, position, name) VALUES (232, 1093, 1, '5 Stars');
	INSERT INTO csr.certification_level (certification_level_id, certification_id, position, name) VALUES (233, 1093, 2, '4 Stars');
	INSERT INTO csr.certification_level (certification_level_id, certification_id, position, name) VALUES (234, 1093, 3, '3 Stars');
	INSERT INTO csr.certification_level (certification_level_id, certification_id, position, name) VALUES (235, 1093, 4, '2 Stars');
	INSERT INTO csr.certification_level (certification_level_id, certification_id, position, name) VALUES (236, 1093, 5, '1 Star');
	INSERT INTO csr.certification_level (certification_level_id, certification_id, position, name) VALUES (237, 722, 0, '6 Stars');
	INSERT INTO csr.certification_level (certification_level_id, certification_id, position, name) VALUES (238, 722, 1, '5 Stars');
	INSERT INTO csr.certification_level (certification_level_id, certification_id, position, name) VALUES (239, 722, 2, '4 Stars');
	INSERT INTO csr.certification_level (certification_level_id, certification_id, position, name) VALUES (240, 722, 3, '3 Stars');
	INSERT INTO csr.certification_level (certification_level_id, certification_id, position, name) VALUES (241, 722, 4, '2 Stars');
	INSERT INTO csr.certification_level (certification_level_id, certification_id, position, name) VALUES (242, 722, 5, '1 Star');
	INSERT INTO csr.certification_level (certification_level_id, certification_id, position, name) VALUES (243, 575, 0, '6 Stars');
	INSERT INTO csr.certification_level (certification_level_id, certification_id, position, name) VALUES (244, 575, 1, '5 Stars');
	INSERT INTO csr.certification_level (certification_level_id, certification_id, position, name) VALUES (245, 575, 2, '4 Stars');
	INSERT INTO csr.certification_level (certification_level_id, certification_id, position, name) VALUES (246, 587, 0, '6 Stars');
	INSERT INTO csr.certification_level (certification_level_id, certification_id, position, name) VALUES (247, 587, 1, '5 Stars');
	INSERT INTO csr.certification_level (certification_level_id, certification_id, position, name) VALUES (248, 587, 2, '4 Stars');
	INSERT INTO csr.certification_level (certification_level_id, certification_id, position, name) VALUES (249, 587, 3, '3 Stars');
	INSERT INTO csr.certification_level (certification_level_id, certification_id, position, name) VALUES (250, 587, 4, '2 Stars');
	INSERT INTO csr.certification_level (certification_level_id, certification_id, position, name) VALUES (251, 587, 5, '1 Star');
	INSERT INTO csr.certification_level (certification_level_id, certification_id, position, name) VALUES (252, 1119, 0, 'Excellent Class');
	INSERT INTO csr.certification_level (certification_level_id, certification_id, position, name) VALUES (253, 1119, 1, 'Good Class');
	INSERT INTO csr.certification_level (certification_level_id, certification_id, position, name) VALUES (254, 1171, 0, 'Platinum');
	INSERT INTO csr.certification_level (certification_level_id, certification_id, position, name) VALUES (255, 1171, 1, 'Gold');
	INSERT INTO csr.certification_level (certification_level_id, certification_id, position, name) VALUES (256, 1171, 2, 'Silver');
	INSERT INTO csr.certification_level (certification_level_id, certification_id, position, name) VALUES (257, 1171, 3, 'Certified');
	INSERT INTO csr.certification_level (certification_level_id, certification_id, position, name) VALUES (258, 1170, 0, 'Platinum');
	INSERT INTO csr.certification_level (certification_level_id, certification_id, position, name) VALUES (259, 1170, 1, 'Gold');
	INSERT INTO csr.certification_level (certification_level_id, certification_id, position, name) VALUES (260, 1170, 2, 'Silver');
	INSERT INTO csr.certification_level (certification_level_id, certification_id, position, name) VALUES (261, 1170, 3, 'Certified');
	INSERT INTO csr.certification_level (certification_level_id, certification_id, position, name) VALUES (262, 681, 0, 'Living');
	INSERT INTO csr.certification_level (certification_level_id, certification_id, position, name) VALUES (263, 681, 1, 'Petal');
	INSERT INTO csr.certification_level (certification_level_id, certification_id, position, name) VALUES (264, 1141, 0, 'Gold');
	INSERT INTO csr.certification_level (certification_level_id, certification_id, position, name) VALUES (265, 1141, 1, 'Certified');
	INSERT INTO csr.certification_level (certification_level_id, certification_id, position, name) VALUES (266, 1143, 0, 'Platinum');
	INSERT INTO csr.certification_level (certification_level_id, certification_id, position, name) VALUES (267, 1143, 1, 'Gold');
	INSERT INTO csr.certification_level (certification_level_id, certification_id, position, name) VALUES (268, 1143, 2, 'Silver');
	INSERT INTO csr.certification_level (certification_level_id, certification_id, position, name) VALUES (269, 1143, 3, 'Bronze');
	INSERT INTO csr.certification_level (certification_level_id, certification_id, position, name) VALUES (270, 959, 0, 'Platinum');
	INSERT INTO csr.certification_level (certification_level_id, certification_id, position, name) VALUES (271, 959, 1, 'Gold');
	INSERT INTO csr.certification_level (certification_level_id, certification_id, position, name) VALUES (272, 959, 2, 'Silver');
	INSERT INTO csr.certification_level (certification_level_id, certification_id, position, name) VALUES (273, 959, 3, 'Certified');
	INSERT INTO csr.certification_level (certification_level_id, certification_id, position, name) VALUES (274, 946, 0, 'Platinum');
	INSERT INTO csr.certification_level (certification_level_id, certification_id, position, name) VALUES (275, 946, 1, 'Gold');
	INSERT INTO csr.certification_level (certification_level_id, certification_id, position, name) VALUES (276, 946, 2, 'Silver');
	INSERT INTO csr.certification_level (certification_level_id, certification_id, position, name) VALUES (277, 946, 3, 'Certified');
	INSERT INTO csr.certification_level (certification_level_id, certification_id, position, name) VALUES (278, 954, 0, 'Platinum');
	INSERT INTO csr.certification_level (certification_level_id, certification_id, position, name) VALUES (279, 954, 1, 'Gold');
	INSERT INTO csr.certification_level (certification_level_id, certification_id, position, name) VALUES (280, 954, 2, 'Silver');
	INSERT INTO csr.certification_level (certification_level_id, certification_id, position, name) VALUES (281, 954, 3, 'Certified');
	INSERT INTO csr.certification_level (certification_level_id, certification_id, position, name) VALUES (282, 965, 0, 'Platinum');
	INSERT INTO csr.certification_level (certification_level_id, certification_id, position, name) VALUES (283, 965, 1, 'Gold');
	INSERT INTO csr.certification_level (certification_level_id, certification_id, position, name) VALUES (284, 965, 2, 'Silver');
	INSERT INTO csr.certification_level (certification_level_id, certification_id, position, name) VALUES (285, 965, 3, 'Certified');
	INSERT INTO csr.certification_level (certification_level_id, certification_id, position, name) VALUES (286, 947, 0, 'Platinum');
	INSERT INTO csr.certification_level (certification_level_id, certification_id, position, name) VALUES (287, 947, 1, 'Gold');
	INSERT INTO csr.certification_level (certification_level_id, certification_id, position, name) VALUES (288, 947, 2, 'Silver');
	INSERT INTO csr.certification_level (certification_level_id, certification_id, position, name) VALUES (289, 947, 3, 'Certified');
	INSERT INTO csr.certification_level (certification_level_id, certification_id, position, name) VALUES (290, 992, 0, 'Platinum');
	INSERT INTO csr.certification_level (certification_level_id, certification_id, position, name) VALUES (291, 992, 1, 'Gold');
	INSERT INTO csr.certification_level (certification_level_id, certification_id, position, name) VALUES (292, 992, 2, 'Silver');
	INSERT INTO csr.certification_level (certification_level_id, certification_id, position, name) VALUES (293, 992, 3, 'Certified');
	INSERT INTO csr.certification_level (certification_level_id, certification_id, position, name) VALUES (294, 1131, 0, 'Platinum');
	INSERT INTO csr.certification_level (certification_level_id, certification_id, position, name) VALUES (295, 1131, 1, 'Gold');
	INSERT INTO csr.certification_level (certification_level_id, certification_id, position, name) VALUES (296, 1131, 2, 'Silver');
	INSERT INTO csr.certification_level (certification_level_id, certification_id, position, name) VALUES (297, 1131, 3, 'Certified');
	INSERT INTO csr.certification_level (certification_level_id, certification_id, position, name) VALUES (298, 1109, 0, 'Platinum');
	INSERT INTO csr.certification_level (certification_level_id, certification_id, position, name) VALUES (299, 1109, 1, 'Gold');
	INSERT INTO csr.certification_level (certification_level_id, certification_id, position, name) VALUES (300, 1109, 2, 'Silver');
	INSERT INTO csr.certification_level (certification_level_id, certification_id, position, name) VALUES (301, 1109, 3, 'Certified');
	INSERT INTO csr.certification_level (certification_level_id, certification_id, position, name) VALUES (302, 1108, 0, 'Platinum');
	INSERT INTO csr.certification_level (certification_level_id, certification_id, position, name) VALUES (303, 1108, 1, 'Gold');
	INSERT INTO csr.certification_level (certification_level_id, certification_id, position, name) VALUES (304, 1108, 2, 'Silver');
	INSERT INTO csr.certification_level (certification_level_id, certification_id, position, name) VALUES (305, 1108, 3, 'Certified');
	INSERT INTO csr.certification_level (certification_level_id, certification_id, position, name) VALUES (306, 1137, 0, 'Gold');
	INSERT INTO csr.certification_level (certification_level_id, certification_id, position, name) VALUES (307, 1137, 1, 'Silver');
	INSERT INTO csr.certification_level (certification_level_id, certification_id, position, name) VALUES (308, 1137, 2, 'Bronze');
	INSERT INTO csr.certification_level (certification_level_id, certification_id, position, name) VALUES (309, 200, 0, 'Gold');
	INSERT INTO csr.certification_level (certification_level_id, certification_id, position, name) VALUES (310, 200, 1, 'Silver');
	INSERT INTO csr.certification_level (certification_level_id, certification_id, position, name) VALUES (311, 200, 2, 'Bronze');
	INSERT INTO csr.certification_level (certification_level_id, certification_id, position, name) VALUES (312, 743, 0, 'Gold');
	INSERT INTO csr.certification_level (certification_level_id, certification_id, position, name) VALUES (313, 743, 1, 'Silver');
	INSERT INTO csr.certification_level (certification_level_id, certification_id, position, name) VALUES (314, 743, 2, 'Bronze');
	INSERT INTO csr.certification_level (certification_level_id, certification_id, position, name) VALUES (315, 588, 0, 'EXCEPTIONNEL');
	INSERT INTO csr.certification_level (certification_level_id, certification_id, position, name) VALUES (316, 588, 1, 'EXCELLENT');
	INSERT INTO csr.certification_level (certification_level_id, certification_id, position, name) VALUES (317, 588, 2, 'TRES BON');
	INSERT INTO csr.certification_level (certification_level_id, certification_id, position, name) VALUES (318, 588, 3, 'BON');
	INSERT INTO csr.certification_level (certification_level_id, certification_id, position, name) VALUES (319, 588, 4, 'PASS');
	INSERT INTO csr.certification_level (certification_level_id, certification_id, position, name) VALUES (320, 247, 0, 'EXCEPTIONNEL');
	INSERT INTO csr.certification_level (certification_level_id, certification_id, position, name) VALUES (321, 247, 1, 'EXCELLENT');
	INSERT INTO csr.certification_level (certification_level_id, certification_id, position, name) VALUES (322, 247, 2, 'TRES BON');
	INSERT INTO csr.certification_level (certification_level_id, certification_id, position, name) VALUES (323, 247, 3, 'BON');
	INSERT INTO csr.certification_level (certification_level_id, certification_id, position, name) VALUES (324, 247, 4, 'PASS');
	INSERT INTO csr.certification_level (certification_level_id, certification_id, position, name) VALUES (325, 723, 0, 'Emerald');
	INSERT INTO csr.certification_level (certification_level_id, certification_id, position, name) VALUES (326, 723, 1, 'Gold');
	INSERT INTO csr.certification_level (certification_level_id, certification_id, position, name) VALUES (327, 723, 2, 'Silver');
	INSERT INTO csr.certification_level (certification_level_id, certification_id, position, name) VALUES (328, 723, 3, 'Bronze');
	INSERT INTO csr.certification_level (certification_level_id, certification_id, position, name) VALUES (329, 1100, 0, 'Emerald');
	INSERT INTO csr.certification_level (certification_level_id, certification_id, position, name) VALUES (330, 1100, 1, 'Gold');
	INSERT INTO csr.certification_level (certification_level_id, certification_id, position, name) VALUES (331, 1100, 2, 'Silver');
	INSERT INTO csr.certification_level (certification_level_id, certification_id, position, name) VALUES (332, 1100, 3, 'Bronze');
	INSERT INTO csr.certification_level (certification_level_id, certification_id, position, name) VALUES (333, 1090, 0, 'Gold');
	INSERT INTO csr.certification_level (certification_level_id, certification_id, position, name) VALUES (334, 1090, 1, 'Silver');
	INSERT INTO csr.certification_level (certification_level_id, certification_id, position, name) VALUES (335, 1090, 2, 'Bronze');
	INSERT INTO csr.certification_level (certification_level_id, certification_id, position, name) VALUES (336, 1090, 3, 'Pioneer');
	INSERT INTO csr.certification_level (certification_level_id, certification_id, position, name) VALUES (337, 1136, 0, 'Premium');
	INSERT INTO csr.certification_level (certification_level_id, certification_id, position, name) VALUES (338, 1136, 1, 'Plus');
	INSERT INTO csr.certification_level (certification_level_id, certification_id, position, name) VALUES (339, 1136, 2, 'Classic');
	INSERT INTO csr.certification_level (certification_level_id, certification_id, position, name) VALUES (340, 1135, 0, 'Premium');
	INSERT INTO csr.certification_level (certification_level_id, certification_id, position, name) VALUES (341, 1135, 1, 'Plus');
	INSERT INTO csr.certification_level (certification_level_id, certification_id, position, name) VALUES (342, 1135, 2, 'Classic');
	INSERT INTO csr.certification_level (certification_level_id, certification_id, position, name) VALUES (343, 1174, 0, 'Gold');
	INSERT INTO csr.certification_level (certification_level_id, certification_id, position, name) VALUES (344, 1174, 1, 'Certified');
	INSERT INTO csr.certification_level (certification_level_id, certification_id, position, name) VALUES (345, 1175, 0, 'Diamond');
	INSERT INTO csr.certification_level (certification_level_id, certification_id, position, name) VALUES (346, 1175, 1, 'Gold');
	INSERT INTO csr.certification_level (certification_level_id, certification_id, position, name) VALUES (347, 1175, 2, 'Silver');
	INSERT INTO csr.certification_level (certification_level_id, certification_id, position, name) VALUES (348, 1175, 3, 'Bronze');
	INSERT INTO csr.certification_level (certification_level_id, certification_id, position, name) VALUES (349, 1175, 4, 'Certified');
	INSERT INTO csr.certification_level (certification_level_id, certification_id, position, name) VALUES (350, 1176, 0, 'Diamond');
	INSERT INTO csr.certification_level (certification_level_id, certification_id, position, name) VALUES (351, 1176, 1, 'Gold');
	INSERT INTO csr.certification_level (certification_level_id, certification_id, position, name) VALUES (352, 1176, 2, 'Silver');
	INSERT INTO csr.certification_level (certification_level_id, certification_id, position, name) VALUES (353, 1176, 3, 'Bronze');
	INSERT INTO csr.certification_level (certification_level_id, certification_id, position, name) VALUES (354, 1176, 4, 'Certified');
	INSERT INTO csr.certification_level (certification_level_id, certification_id, position, name) VALUES (355, 646, 0, 'Tier 4');
	INSERT INTO csr.certification_level (certification_level_id, certification_id, position, name) VALUES (356, 646, 1, 'Tier 3');
	INSERT INTO csr.certification_level (certification_level_id, certification_id, position, name) VALUES (357, 646, 2, 'Tier 2');
	INSERT INTO csr.certification_level (certification_level_id, certification_id, position, name) VALUES (358, 994, 0, 'Platinum');
	INSERT INTO csr.certification_level (certification_level_id, certification_id, position, name) VALUES (359, 994, 1, 'Gold');
	INSERT INTO csr.certification_level (certification_level_id, certification_id, position, name) VALUES (360, 994, 2, 'Silver');
	INSERT INTO csr.certification_level (certification_level_id, certification_id, position, name) VALUES (361, 994, 3, 'Certified');
	INSERT INTO csr.certification_level (certification_level_id, certification_id, position, name) VALUES (362, 1107, 0, 'Platinum');
	INSERT INTO csr.certification_level (certification_level_id, certification_id, position, name) VALUES (363, 1107, 1, 'Gold');
	INSERT INTO csr.certification_level (certification_level_id, certification_id, position, name) VALUES (364, 1107, 2, 'Silver');
	INSERT INTO csr.certification_level (certification_level_id, certification_id, position, name) VALUES (365, 1107, 3, 'Certified');
	INSERT INTO csr.certification_level (certification_level_id, certification_id, position, name) VALUES (366, 609, 0, 'Platinum');
	INSERT INTO csr.certification_level (certification_level_id, certification_id, position, name) VALUES (367, 609, 1, 'Gold');
	INSERT INTO csr.certification_level (certification_level_id, certification_id, position, name) VALUES (368, 609, 2, 'Silver');
	INSERT INTO csr.certification_level (certification_level_id, certification_id, position, name) VALUES (369, 609, 3, 'Bronze');
	INSERT INTO csr.certification_level (certification_level_id, certification_id, position, name) VALUES (370, 609, 4, 'GreenPartner');
	INSERT INTO csr.certification_level (certification_level_id, certification_id, position, name) VALUES (371, 1088, 0, 'Platinum');
	INSERT INTO csr.certification_level (certification_level_id, certification_id, position, name) VALUES (372, 1088, 1, 'Gold');
	INSERT INTO csr.certification_level (certification_level_id, certification_id, position, name) VALUES (373, 1088, 2, 'Silver');
	INSERT INTO csr.certification_level (certification_level_id, certification_id, position, name) VALUES (374, 1088, 3, 'Certified');
	INSERT INTO csr.certification_level (certification_level_id, certification_id, position, name) VALUES (375, 1138, 0, 'for Indoor Environmental Quality');
	INSERT INTO csr.certification_level (certification_level_id, certification_id, position, name) VALUES (376, 1138, 1, 'for Indoor Air and Water');
	INSERT INTO csr.certification_level (certification_level_id, certification_id, position, name) VALUES (377, 1138, 2, 'for Indoor Air');
	INSERT INTO csr.certification_level (certification_level_id, certification_id, position, name) VALUES (378, 1124, 0, 'Platinum');
	INSERT INTO csr.certification_level (certification_level_id, certification_id, position, name) VALUES (379, 1124, 1, 'Gold');
	INSERT INTO csr.certification_level (certification_level_id, certification_id, position, name) VALUES (380, 1124, 2, 'Silver');
	INSERT INTO csr.certification_level (certification_level_id, certification_id, position, name) VALUES (381, 903, 0, 'Platinum');
	INSERT INTO csr.certification_level (certification_level_id, certification_id, position, name) VALUES (382, 903, 1, 'Gold');
	INSERT INTO csr.certification_level (certification_level_id, certification_id, position, name) VALUES (383, 903, 2, 'Silver');
	INSERT INTO csr.certification_level (certification_level_id, certification_id, position, name) VALUES (384, 1113, 0, 'Platinum');
	INSERT INTO csr.certification_level (certification_level_id, certification_id, position, name) VALUES (385, 1113, 1, 'Gold');
	INSERT INTO csr.certification_level (certification_level_id, certification_id, position, name) VALUES (386, 1113, 2, 'Silver');
	INSERT INTO csr.certification_level (certification_level_id, certification_id, position, name) VALUES (387, 1114, 0, 'Platinum');
	INSERT INTO csr.certification_level (certification_level_id, certification_id, position, name) VALUES (388, 1114, 1, 'Gold');
	INSERT INTO csr.certification_level (certification_level_id, certification_id, position, name) VALUES (389, 1114, 2, 'Silver');
	INSERT INTO csr.certification_level (certification_level_id, certification_id, position, name) VALUES (390, 885, 0, 'Platinum');
	INSERT INTO csr.certification_level (certification_level_id, certification_id, position, name) VALUES (391, 885, 1, 'Gold');
	INSERT INTO csr.certification_level (certification_level_id, certification_id, position, name) VALUES (392, 885, 2, 'Silver');
	INSERT INTO csr.certification_level (certification_level_id, certification_id, position, name) VALUES (393, 1081, 0, 'Platinum');
	INSERT INTO csr.certification_level (certification_level_id, certification_id, position, name) VALUES (394, 1081, 1, 'Gold');
	INSERT INTO csr.certification_level (certification_level_id, certification_id, position, name) VALUES (395, 1081, 2, 'Silver');	
END;
/

BEGIN
	dbms_output.put_line('Import energy ratings');
	INSERT INTO csr.energy_rating (energy_rating_id, certification_type_id, external_id, name) VALUES (64, 1, 64, 'Arc Energy Performance Certificate');
	INSERT INTO csr.energy_rating (energy_rating_id, certification_type_id, external_id, name) VALUES (65, 1, 65, 'Arc Energy Performance Score');
	INSERT INTO csr.energy_rating (energy_rating_id, certification_type_id, external_id, name) VALUES (66, 1, 66, 'BBC Effinergie');
	INSERT INTO csr.energy_rating (energy_rating_id, certification_type_id, external_id, name) VALUES (67, 1, 67, 'BBC Effinergie R'||UNISTR('\00E9')||'novation');
	INSERT INTO csr.energy_rating (energy_rating_id, certification_type_id, external_id, name) VALUES (48, 1, 48, 'BCA BESS (Building Energy Submission System) Benchmarking');
	INSERT INTO csr.energy_rating (energy_rating_id, certification_type_id, external_id, name) VALUES (49, 1, 49, 'BELS');
	INSERT INTO csr.energy_rating (energy_rating_id, certification_type_id, external_id, name) VALUES (68, 1, 68, 'BEPOS Effinergie');
	INSERT INTO csr.energy_rating (energy_rating_id, certification_type_id, external_id, name) VALUES (69, 1, 69, 'BEPOS+ Effinergie');
	INSERT INTO csr.energy_rating (energy_rating_id, certification_type_id, external_id, name) VALUES (50, 1, 50, 'Building Energy Rating (BER) Certificate');
	INSERT INTO csr.energy_rating (energy_rating_id, certification_type_id, external_id, name) VALUES (51, 1, 51, 'DPE (Diagnostic de performance '||UNISTR('\00E9')||'nerg'||UNISTR('\00E9')||'tique)');
	INSERT INTO csr.energy_rating (energy_rating_id, certification_type_id, external_id, name) VALUES (52, 1, 52, 'Energiattest - Norway');
	INSERT INTO csr.energy_rating (energy_rating_id, certification_type_id, external_id, name) VALUES (53, 1, 53, 'Energideklaration - Sweden');
	INSERT INTO csr.energy_rating (energy_rating_id, certification_type_id, external_id, name) VALUES (70, 1, 70, 'Energy Index - NL');
	INSERT INTO csr.energy_rating (energy_rating_id, certification_type_id, external_id, name) VALUES (47, 1, 47, 'Energy Star Certified - 75-79 Points');
	INSERT INTO csr.energy_rating (energy_rating_id, certification_type_id, external_id, name) VALUES (46, 1, 46, 'Energy Star Certified - 80-84 Points');
	INSERT INTO csr.energy_rating (energy_rating_id, certification_type_id, external_id, name) VALUES (45, 1, 45, 'Energy Star Certified - 85-89 Points');
	INSERT INTO csr.energy_rating (energy_rating_id, certification_type_id, external_id, name) VALUES (44, 1, 44, 'Energy Star Certified - 90-95 Points');
	INSERT INTO csr.energy_rating (energy_rating_id, certification_type_id, external_id, name) VALUES (43, 1, 43, 'Energy Star Certified - 96-100 Points');
	INSERT INTO csr.energy_rating (energy_rating_id, certification_type_id, external_id, name) VALUES (54, 1, 54, 'Energy Star Portfolio Manager');
	INSERT INTO csr.energy_rating (energy_rating_id, certification_type_id, external_id, name) VALUES (55, 1, 55, 'EnEV Energieausweise');
	INSERT INTO csr.energy_rating (energy_rating_id, certification_type_id, external_id, name) VALUES (3, 1, 3, 'EU EPC - A');
	INSERT INTO csr.energy_rating (energy_rating_id, certification_type_id, external_id, name) VALUES (2, 1, 2, 'EU EPC - A+');
	INSERT INTO csr.energy_rating (energy_rating_id, certification_type_id, external_id, name) VALUES (1, 1, 1, 'EU EPC - A++');
	INSERT INTO csr.energy_rating (energy_rating_id, certification_type_id, external_id, name) VALUES (83, 1, 83, 'EU EPC - A+++');
	INSERT INTO csr.energy_rating (energy_rating_id, certification_type_id, external_id, name) VALUES (84, 1, 84, 'EU EPC - A++++');
	INSERT INTO csr.energy_rating (energy_rating_id, certification_type_id, external_id, name) VALUES (13, 1, 13, 'EU EPC - A1');
	INSERT INTO csr.energy_rating (energy_rating_id, certification_type_id, external_id, name) VALUES (14, 1, 14, 'EU EPC - A2');
	INSERT INTO csr.energy_rating (energy_rating_id, certification_type_id, external_id, name) VALUES (15, 1, 15, 'EU EPC - A3');
	INSERT INTO csr.energy_rating (energy_rating_id, certification_type_id, external_id, name) VALUES (85, 1, 85, 'EU EPC - A4');
	INSERT INTO csr.energy_rating (energy_rating_id, certification_type_id, external_id, name) VALUES (4, 1, 4, 'EU EPC - B');
	INSERT INTO csr.energy_rating (energy_rating_id, certification_type_id, external_id, name) VALUES (5, 1, 5, 'EU EPC - B-');
	INSERT INTO csr.energy_rating (energy_rating_id, certification_type_id, external_id, name) VALUES (16, 1, 16, 'EU EPC - B1');
	INSERT INTO csr.energy_rating (energy_rating_id, certification_type_id, external_id, name) VALUES (17, 1, 17, 'EU EPC - B2');
	INSERT INTO csr.energy_rating (energy_rating_id, certification_type_id, external_id, name) VALUES (18, 1, 18, 'EU EPC - B3');
	INSERT INTO csr.energy_rating (energy_rating_id, certification_type_id, external_id, name) VALUES (26, 1, 26, 'EU EPC - Belgium');
	INSERT INTO csr.energy_rating (energy_rating_id, certification_type_id, external_id, name) VALUES (6, 1, 6, 'EU EPC - C');
	INSERT INTO csr.energy_rating (energy_rating_id, certification_type_id, external_id, name) VALUES (19, 1, 19, 'EU EPC - C1');
	INSERT INTO csr.energy_rating (energy_rating_id, certification_type_id, external_id, name) VALUES (20, 1, 20, 'EU EPC - C2');
	INSERT INTO csr.energy_rating (energy_rating_id, certification_type_id, external_id, name) VALUES (21, 1, 21, 'EU EPC - C3');
	INSERT INTO csr.energy_rating (energy_rating_id, certification_type_id, external_id, name) VALUES (7, 1, 7, 'EU EPC - D');
	INSERT INTO csr.energy_rating (energy_rating_id, certification_type_id, external_id, name) VALUES (22, 1, 22, 'EU EPC - D1');
	INSERT INTO csr.energy_rating (energy_rating_id, certification_type_id, external_id, name) VALUES (23, 1, 23, 'EU EPC - D2');
	INSERT INTO csr.energy_rating (energy_rating_id, certification_type_id, external_id, name) VALUES (8, 1, 8, 'EU EPC - E');
	INSERT INTO csr.energy_rating (energy_rating_id, certification_type_id, external_id, name) VALUES (24, 1, 24, 'EU EPC - E1');
	INSERT INTO csr.energy_rating (energy_rating_id, certification_type_id, external_id, name) VALUES (25, 1, 25, 'EU EPC - E2');
	INSERT INTO csr.energy_rating (energy_rating_id, certification_type_id, external_id, name) VALUES (9, 1, 9, 'EU EPC - F');
	INSERT INTO csr.energy_rating (energy_rating_id, certification_type_id, external_id, name) VALUES (10, 1, 10, 'EU EPC - G');
	INSERT INTO csr.energy_rating (energy_rating_id, certification_type_id, external_id, name) VALUES (11, 1, 11, 'EU EPC - H');
	INSERT INTO csr.energy_rating (energy_rating_id, certification_type_id, external_id, name) VALUES (12, 1, 12, 'EU EPC - I');
	INSERT INTO csr.energy_rating (energy_rating_id, certification_type_id, external_id, name) VALUES (27, 1, 27, 'EU EPC - Latvia');
	INSERT INTO csr.energy_rating (energy_rating_id, certification_type_id, external_id, name) VALUES (28, 1, 28, 'EU EPC - Poland');
	INSERT INTO csr.energy_rating (energy_rating_id, certification_type_id, external_id, name) VALUES (29, 1, 29, 'EU EPC - Slovenia');
	INSERT INTO csr.energy_rating (energy_rating_id, certification_type_id, external_id, name) VALUES (71, 1, 71, 'Fannie Mae Energy Performance Metric');
	INSERT INTO csr.energy_rating (energy_rating_id, certification_type_id, external_id, name) VALUES (56, 1, 56, 'GEAK');
	INSERT INTO csr.energy_rating (energy_rating_id, certification_type_id, external_id, name) VALUES (57, 1, 57, 'Green Star Performance Energy Certificate');
	INSERT INTO csr.energy_rating (energy_rating_id, certification_type_id, external_id, name) VALUES (58, 1, 58, 'HKGOC - Energywi$e Certificate');
	INSERT INTO csr.energy_rating (energy_rating_id, certification_type_id, external_id, name) VALUES (81, 1, 81, 'Hong Kong EMSD Energy Benchmarking');
	INSERT INTO csr.energy_rating (energy_rating_id, certification_type_id, external_id, name) VALUES (82, 1, 82, 'Hong Kong GBC BEST Tool');
	INSERT INTO csr.energy_rating (energy_rating_id, certification_type_id, external_id, name) VALUES (72, 1, 72, 'HPE (Haute Performance Energ'||UNISTR('\00E9')||'tique)');
	INSERT INTO csr.energy_rating (energy_rating_id, certification_type_id, external_id, name) VALUES (78, 1, 78, 'Japan e-mark');
	INSERT INTO csr.energy_rating (energy_rating_id, certification_type_id, external_id, name) VALUES (77, 1, 77, 'KEA Korea Building Energy Efficiency Certification');
	INSERT INTO csr.energy_rating (energy_rating_id, certification_type_id, external_id, name) VALUES (73, 1, 73, 'NABERS Co-Assess');
	INSERT INTO csr.energy_rating (energy_rating_id, certification_type_id, external_id, name) VALUES (41, 1, 41, 'NABERS Energy - 0.5 Stars');
	INSERT INTO csr.energy_rating (energy_rating_id, certification_type_id, external_id, name) VALUES (42, 1, 42, 'NABERS Energy - 0 Stars');
	INSERT INTO csr.energy_rating (energy_rating_id, certification_type_id, external_id, name) VALUES (39, 1, 39, 'NABERS Energy - 1.5 Stars');
	INSERT INTO csr.energy_rating (energy_rating_id, certification_type_id, external_id, name) VALUES (40, 1, 40, 'NABERS Energy - 1 Star');
	INSERT INTO csr.energy_rating (energy_rating_id, certification_type_id, external_id, name) VALUES (37, 1, 37, 'NABERS Energy - 2.5 Stars');
	INSERT INTO csr.energy_rating (energy_rating_id, certification_type_id, external_id, name) VALUES (38, 1, 38, 'NABERS Energy - 2 Stars');
	INSERT INTO csr.energy_rating (energy_rating_id, certification_type_id, external_id, name) VALUES (35, 1, 35, 'NABERS Energy - 3.5 Stars');
	INSERT INTO csr.energy_rating (energy_rating_id, certification_type_id, external_id, name) VALUES (36, 1, 36, 'NABERS Energy - 3 Stars');
	INSERT INTO csr.energy_rating (energy_rating_id, certification_type_id, external_id, name) VALUES (33, 1, 33, 'NABERS Energy - 4.5 Stars');
	INSERT INTO csr.energy_rating (energy_rating_id, certification_type_id, external_id, name) VALUES (34, 1, 34, 'NABERS Energy - 4 Stars');
	INSERT INTO csr.energy_rating (energy_rating_id, certification_type_id, external_id, name) VALUES (31, 1, 31, 'NABERS Energy - 5.5 Stars');
	INSERT INTO csr.energy_rating (energy_rating_id, certification_type_id, external_id, name) VALUES (32, 1, 32, 'NABERS Energy - 5 Stars');
	INSERT INTO csr.energy_rating (energy_rating_id, certification_type_id, external_id, name) VALUES (30, 1, 30, 'NABERS Energy - 6 Stars');
	INSERT INTO csr.energy_rating (energy_rating_id, certification_type_id, external_id, name) VALUES (59, 1, 59, 'NatHERS');
	INSERT INTO csr.energy_rating (energy_rating_id, certification_type_id, external_id, name) VALUES (60, 1, 60, 'OID Taloen Benchmarking');
	INSERT INTO csr.energy_rating (energy_rating_id, certification_type_id, external_id, name) VALUES (74, 1, 74, 'Ontario EWRB');
	INSERT INTO csr.energy_rating (energy_rating_id, certification_type_id, external_id, name) VALUES (61, 1, 61, 'SIA 2031 Energy Certificate');
	INSERT INTO csr.energy_rating (energy_rating_id, certification_type_id, external_id, name) VALUES (75, 1, 75, 'Superior Energy Performance 50001');
	INSERT INTO csr.energy_rating (energy_rating_id, certification_type_id, external_id, name) VALUES (76, 1, 76, 'THPE (Tr'||UNISTR('\00E8')||'s Haute Performance Energ'||UNISTR('\00E9')||'tique)');
	INSERT INTO csr.energy_rating (energy_rating_id, certification_type_id, external_id, name) VALUES (79, 1, 79, 'TMG Tokyo Energy Performance Certificate');
	INSERT INTO csr.energy_rating (energy_rating_id, certification_type_id, external_id, name) VALUES (80, 1, 80, 'TMG Tokyo Green Labelling for Condominiums');
	INSERT INTO csr.energy_rating (energy_rating_id, certification_type_id, external_id, name) VALUES (62, 1, 62, 'TMG Tokyo Small and Medium Scale Facilities');
	INSERT INTO csr.energy_rating (energy_rating_id, certification_type_id, external_id, name) VALUES (63, 1, 63, 'TMG Tokyo Top-level Facility');
END;
/

DECLARE
	v_app_exists NUMBER := 0;
BEGIN
	dbms_output.put_line('Import region certs and ratings');

	SELECT COUNT(*)
	  INTO v_app_exists
	  FROM csr.customer
	 WHERE app_sid = 72862504;
	IF (v_app_exists <> 0) THEN
		Insert into CSR.REGION_CERTIFICATE (APP_SID,REGION_CERTIFICATE_ID,REGION_SID,CERTIFICATION_ID,CERTIFICATION_LEVEL_ID,CERTIFICATE_NUMBER,FLOOR_AREA,ISSUED_DTM,EXPIRY_DTM,EXTERNAL_CERTIFICATE_ID,DELETED) values (72862504,83,72938867,895,15,2,231931,to_date('2021-09-01','YYYY-MM-DD'),null,null,0);
		Insert into CSR.REGION_CERTIFICATE (APP_SID,REGION_CERTIFICATE_ID,REGION_SID,CERTIFICATION_ID,CERTIFICATION_LEVEL_ID,CERTIFICATE_NUMBER,FLOOR_AREA,ISSUED_DTM,EXPIRY_DTM,EXTERNAL_CERTIFICATE_ID,DELETED) values (72862504,47,72939111,186,NULL,1,1111787,to_date('2019-12-01','YYYY-MM-DD'),to_date('2022-12-01','YYYY-MM-DD'),null,0);
		Insert into CSR.REGION_CERTIFICATE (APP_SID,REGION_CERTIFICATE_ID,REGION_SID,CERTIFICATION_ID,CERTIFICATION_LEVEL_ID,CERTIFICATE_NUMBER,FLOOR_AREA,ISSUED_DTM,EXPIRY_DTM,EXTERNAL_CERTIFICATE_ID,DELETED) values (72862504,51,72939117,186,NULL,1,1218580,to_date('2019-12-01','YYYY-MM-DD'),to_date('2022-12-01','YYYY-MM-DD'),null,0);
		Insert into CSR.REGION_CERTIFICATE (APP_SID,REGION_CERTIFICATE_ID,REGION_SID,CERTIFICATION_ID,CERTIFICATION_LEVEL_ID,CERTIFICATE_NUMBER,FLOOR_AREA,ISSUED_DTM,EXPIRY_DTM,EXTERNAL_CERTIFICATE_ID,DELETED) values (72862504,49,72939113,186,NULL,1,808040,to_date('2019-12-01','YYYY-MM-DD'),to_date('2022-12-01','YYYY-MM-DD'),null,0);
		Insert into CSR.REGION_CERTIFICATE (APP_SID,REGION_CERTIFICATE_ID,REGION_SID,CERTIFICATION_ID,CERTIFICATION_LEVEL_ID,CERTIFICATE_NUMBER,FLOOR_AREA,ISSUED_DTM,EXPIRY_DTM,EXTERNAL_CERTIFICATE_ID,DELETED) values (72862504,54,72939109,186,NULL,1,788107,to_date('2020-12-31','YYYY-MM-DD'),to_date('2023-12-31','YYYY-MM-DD'),null,0);
		Insert into CSR.REGION_CERTIFICATE (APP_SID,REGION_CERTIFICATE_ID,REGION_SID,CERTIFICATION_ID,CERTIFICATION_LEVEL_ID,CERTIFICATE_NUMBER,FLOOR_AREA,ISSUED_DTM,EXPIRY_DTM,EXTERNAL_CERTIFICATE_ID,DELETED) values (72862504,79,72939127,186,NULL,1,548371,to_date('2021-06-01','YYYY-MM-DD'),to_date('2024-06-01','YYYY-MM-DD'),null,0);
		Insert into CSR.REGION_CERTIFICATE (APP_SID,REGION_CERTIFICATE_ID,REGION_SID,CERTIFICATION_ID,CERTIFICATION_LEVEL_ID,CERTIFICATE_NUMBER,FLOOR_AREA,ISSUED_DTM,EXPIRY_DTM,EXTERNAL_CERTIFICATE_ID,DELETED) values (72862504,60,72939115,186,NULL,2,1041889,to_date('2019-03-01','YYYY-MM-DD'),to_date('2022-03-01','YYYY-MM-DD'),null,0);
		Insert into CSR.REGION_CERTIFICATE (APP_SID,REGION_CERTIFICATE_ID,REGION_SID,CERTIFICATION_ID,CERTIFICATION_LEVEL_ID,CERTIFICATE_NUMBER,FLOOR_AREA,ISSUED_DTM,EXPIRY_DTM,EXTERNAL_CERTIFICATE_ID,DELETED) values (72862504,73,72939119,186,NULL,3,207000,to_date('2021-06-01','YYYY-MM-DD'),to_date('2024-06-01','YYYY-MM-DD'),null,0);
		Insert into CSR.REGION_CERTIFICATE (APP_SID,REGION_CERTIFICATE_ID,REGION_SID,CERTIFICATION_ID,CERTIFICATION_LEVEL_ID,CERTIFICATE_NUMBER,FLOOR_AREA,ISSUED_DTM,EXPIRY_DTM,EXTERNAL_CERTIFICATE_ID,DELETED) values (72862504,52,72939117,1094,185,2,1218580,to_date('2018-11-09','YYYY-MM-DD'),to_date('2021-11-09','YYYY-MM-DD'),null,0);
		Insert into CSR.REGION_CERTIFICATE (APP_SID,REGION_CERTIFICATE_ID,REGION_SID,CERTIFICATION_ID,CERTIFICATION_LEVEL_ID,CERTIFICATE_NUMBER,FLOOR_AREA,ISSUED_DTM,EXPIRY_DTM,EXTERNAL_CERTIFICATE_ID,DELETED) values (72862504,48,72939111,1094,186,2,1111787,to_date('2018-11-01','YYYY-MM-DD'),to_date('2021-11-01','YYYY-MM-DD'),null,0);
		Insert into CSR.REGION_CERTIFICATE (APP_SID,REGION_CERTIFICATE_ID,REGION_SID,CERTIFICATION_ID,CERTIFICATION_LEVEL_ID,CERTIFICATE_NUMBER,FLOOR_AREA,ISSUED_DTM,EXPIRY_DTM,EXTERNAL_CERTIFICATE_ID,DELETED) values (72862504,69,72939121,1094,186,2,488465,to_date('2018-11-01','YYYY-MM-DD'),to_date('2021-11-01','YYYY-MM-DD'),null,0);
		Insert into CSR.REGION_CERTIFICATE (APP_SID,REGION_CERTIFICATE_ID,REGION_SID,CERTIFICATION_ID,CERTIFICATION_LEVEL_ID,CERTIFICATE_NUMBER,FLOOR_AREA,ISSUED_DTM,EXPIRY_DTM,EXTERNAL_CERTIFICATE_ID,DELETED) values (72862504,50,72939113,1094,186,2,808040,to_date('2018-11-07','YYYY-MM-DD'),to_date('2021-11-07','YYYY-MM-DD'),null,0);
		Insert into CSR.REGION_CERTIFICATE (APP_SID,REGION_CERTIFICATE_ID,REGION_SID,CERTIFICATION_ID,CERTIFICATION_LEVEL_ID,CERTIFICATE_NUMBER,FLOOR_AREA,ISSUED_DTM,EXPIRY_DTM,EXTERNAL_CERTIFICATE_ID,DELETED) values (72862504,45,72939123,1094,186,2,993223,to_date('2018-12-14','YYYY-MM-DD'),to_date('2021-12-14','YYYY-MM-DD'),null,0);
		Insert into CSR.REGION_CERTIFICATE (APP_SID,REGION_CERTIFICATE_ID,REGION_SID,CERTIFICATION_ID,CERTIFICATION_LEVEL_ID,CERTIFICATE_NUMBER,FLOOR_AREA,ISSUED_DTM,EXPIRY_DTM,EXTERNAL_CERTIFICATE_ID,DELETED) values (72862504,42,72939125,1094,186,2,1002727,to_date('2018-12-14','YYYY-MM-DD'),to_date('2021-12-14','YYYY-MM-DD'),null,0);
		Insert into CSR.REGION_CERTIFICATE (APP_SID,REGION_CERTIFICATE_ID,REGION_SID,CERTIFICATION_ID,CERTIFICATION_LEVEL_ID,CERTIFICATE_NUMBER,FLOOR_AREA,ISSUED_DTM,EXPIRY_DTM,EXTERNAL_CERTIFICATE_ID,DELETED) values (72862504,81,72939127,1094,186,3,548371,to_date('2021-11-09','YYYY-MM-DD'),to_date('2024-11-09','YYYY-MM-DD'),null,0);
		Insert into CSR.REGION_CERTIFICATE (APP_SID,REGION_CERTIFICATE_ID,REGION_SID,CERTIFICATION_ID,CERTIFICATION_LEVEL_ID,CERTIFICATE_NUMBER,FLOOR_AREA,ISSUED_DTM,EXPIRY_DTM,EXTERNAL_CERTIFICATE_ID,DELETED) values (72862504,58,72939109,1094,186,4,788107,to_date('2019-02-07','YYYY-MM-DD'),to_date('2022-02-07','YYYY-MM-DD'),null,0);
		Insert into CSR.REGION_CERTIFICATE (APP_SID,REGION_CERTIFICATE_ID,REGION_SID,CERTIFICATION_ID,CERTIFICATION_LEVEL_ID,CERTIFICATE_NUMBER,FLOOR_AREA,ISSUED_DTM,EXPIRY_DTM,EXTERNAL_CERTIFICATE_ID,DELETED) values (72862504,76,72938895,959,271,1,192396,to_date('2009-06-02','YYYY-MM-DD'),null,null,0);
		Insert into CSR.REGION_CERTIFICATE (APP_SID,REGION_CERTIFICATE_ID,REGION_SID,CERTIFICATION_ID,CERTIFICATION_LEVEL_ID,CERTIFICATE_NUMBER,FLOOR_AREA,ISSUED_DTM,EXPIRY_DTM,EXTERNAL_CERTIFICATE_ID,DELETED) values (72862504,65,72938885,959,271,1,164818,to_date('2009-06-02','YYYY-MM-DD'),null,null,0);
		Insert into CSR.REGION_CERTIFICATE (APP_SID,REGION_CERTIFICATE_ID,REGION_SID,CERTIFICATION_ID,CERTIFICATION_LEVEL_ID,CERTIFICATE_NUMBER,FLOOR_AREA,ISSUED_DTM,EXPIRY_DTM,EXTERNAL_CERTIFICATE_ID,DELETED) values (72862504,59,72939115,959,271,1,1041889,to_date('2017-08-29','YYYY-MM-DD'),null,null,0);
		Insert into CSR.REGION_CERTIFICATE (APP_SID,REGION_CERTIFICATE_ID,REGION_SID,CERTIFICATION_ID,CERTIFICATION_LEVEL_ID,CERTIFICATE_NUMBER,FLOOR_AREA,ISSUED_DTM,EXPIRY_DTM,EXTERNAL_CERTIFICATE_ID,DELETED) values (72862504,77,72939065,959,271,1,111053,to_date('2017-09-28','YYYY-MM-DD'),null,null,0);
		Insert into CSR.REGION_CERTIFICATE (APP_SID,REGION_CERTIFICATE_ID,REGION_SID,CERTIFICATION_ID,CERTIFICATION_LEVEL_ID,CERTIFICATE_NUMBER,FLOOR_AREA,ISSUED_DTM,EXPIRY_DTM,EXTERNAL_CERTIFICATE_ID,DELETED) values (72862504,71,72939119,959,272,1,207000,to_date('2011-03-02','YYYY-MM-DD'),to_date('2022-12-10','YYYY-MM-DD'),null,0);
		Insert into CSR.REGION_CERTIFICATE (APP_SID,REGION_CERTIFICATE_ID,REGION_SID,CERTIFICATION_ID,CERTIFICATION_LEVEL_ID,CERTIFICATE_NUMBER,FLOOR_AREA,ISSUED_DTM,EXPIRY_DTM,EXTERNAL_CERTIFICATE_ID,DELETED) values (72862504,82,72938867,959,272,1,231931,to_date('2021-10-15','YYYY-MM-DD'),null,null,0);
		Insert into CSR.REGION_CERTIFICATE (APP_SID,REGION_CERTIFICATE_ID,REGION_SID,CERTIFICATION_ID,CERTIFICATION_LEVEL_ID,CERTIFICATE_NUMBER,FLOOR_AREA,ISSUED_DTM,EXPIRY_DTM,EXTERNAL_CERTIFICATE_ID,DELETED) values (72862504,41,72939125,946,275,1,1002727,to_date('2021-09-23','YYYY-MM-DD'),to_date('2024-09-23','YYYY-MM-DD'),null,0);
		Insert into CSR.REGION_CERTIFICATE (APP_SID,REGION_CERTIFICATE_ID,REGION_SID,CERTIFICATION_ID,CERTIFICATION_LEVEL_ID,CERTIFICATE_NUMBER,FLOOR_AREA,ISSUED_DTM,EXPIRY_DTM,EXTERNAL_CERTIFICATE_ID,DELETED) values (72862504,44,72939123,946,275,1,993223,to_date('2021-10-08','YYYY-MM-DD'),to_date('2024-10-08','YYYY-MM-DD'),null,0);
		Insert into CSR.REGION_CERTIFICATE (APP_SID,REGION_CERTIFICATE_ID,REGION_SID,CERTIFICATION_ID,CERTIFICATION_LEVEL_ID,CERTIFICATE_NUMBER,FLOOR_AREA,ISSUED_DTM,EXPIRY_DTM,EXTERNAL_CERTIFICATE_ID,DELETED) values (72862504,68,72939121,946,276,1,488465,to_date('2016-01-22','YYYY-MM-DD'),to_date('2021-01-22','YYYY-MM-DD'),null,0);
		Insert into CSR.REGION_CERTIFICATE (APP_SID,REGION_CERTIFICATE_ID,REGION_SID,CERTIFICATION_ID,CERTIFICATION_LEVEL_ID,CERTIFICATE_NUMBER,FLOOR_AREA,ISSUED_DTM,EXPIRY_DTM,EXTERNAL_CERTIFICATE_ID,DELETED) values (72862504,67,72938891,946,276,1,173304,to_date('2017-01-09','YYYY-MM-DD'),to_date('2022-01-09','YYYY-MM-DD'),null,0);
		Insert into CSR.REGION_CERTIFICATE (APP_SID,REGION_CERTIFICATE_ID,REGION_SID,CERTIFICATION_ID,CERTIFICATION_LEVEL_ID,CERTIFICATE_NUMBER,FLOOR_AREA,ISSUED_DTM,EXPIRY_DTM,EXTERNAL_CERTIFICATE_ID,DELETED) values (72862504,62,72939115,965,282,4,77607,to_date('2017-06-21','YYYY-MM-DD'),null,null,0);
		Insert into CSR.REGION_CERTIFICATE (APP_SID,REGION_CERTIFICATE_ID,REGION_SID,CERTIFICATION_ID,CERTIFICATION_LEVEL_ID,CERTIFICATE_NUMBER,FLOOR_AREA,ISSUED_DTM,EXPIRY_DTM,EXTERNAL_CERTIFICATE_ID,DELETED) values (72862504,55,72939109,965,283,2,75000,to_date('2006-04-21','YYYY-MM-DD'),null,null,0);
		Insert into CSR.REGION_CERTIFICATE (APP_SID,REGION_CERTIFICATE_ID,REGION_SID,CERTIFICATION_ID,CERTIFICATION_LEVEL_ID,CERTIFICATE_NUMBER,FLOOR_AREA,ISSUED_DTM,EXPIRY_DTM,EXTERNAL_CERTIFICATE_ID,DELETED) values (72862504,61,72939115,965,283,3,274845,to_date('2016-11-11','YYYY-MM-DD'),null,null,0);
		Insert into CSR.REGION_CERTIFICATE (APP_SID,REGION_CERTIFICATE_ID,REGION_SID,CERTIFICATION_ID,CERTIFICATION_LEVEL_ID,CERTIFICATE_NUMBER,FLOOR_AREA,ISSUED_DTM,EXPIRY_DTM,EXTERNAL_CERTIFICATE_ID,DELETED) values (72862504,66,72938889,965,284,1,8400,to_date('2017-05-30','YYYY-MM-DD'),null,null,0);
		Insert into CSR.REGION_CERTIFICATE (APP_SID,REGION_CERTIFICATE_ID,REGION_SID,CERTIFICATION_ID,CERTIFICATION_LEVEL_ID,CERTIFICATE_NUMBER,FLOOR_AREA,ISSUED_DTM,EXPIRY_DTM,EXTERNAL_CERTIFICATE_ID,DELETED) values (72862504,57,72939109,965,284,3,11200,to_date('2007-04-26','YYYY-MM-DD'),null,null,0);
		Insert into CSR.REGION_CERTIFICATE (APP_SID,REGION_CERTIFICATE_ID,REGION_SID,CERTIFICATION_ID,CERTIFICATION_LEVEL_ID,CERTIFICATE_NUMBER,FLOOR_AREA,ISSUED_DTM,EXPIRY_DTM,EXTERNAL_CERTIFICATE_ID,DELETED) values (72862504,75,72938949,965,285,1,9018,to_date('2013-11-13','YYYY-MM-DD'),null,null,0);
		Insert into CSR.REGION_CERTIFICATE (APP_SID,REGION_CERTIFICATE_ID,REGION_SID,CERTIFICATION_ID,CERTIFICATION_LEVEL_ID,CERTIFICATE_NUMBER,FLOOR_AREA,ISSUED_DTM,EXPIRY_DTM,EXTERNAL_CERTIFICATE_ID,DELETED) values (72862504,72,72939119,965,285,2,27277,to_date('2015-11-03','YYYY-MM-DD'),null,null,0);
		Insert into CSR.REGION_CERTIFICATE (APP_SID,REGION_CERTIFICATE_ID,REGION_SID,CERTIFICATION_ID,CERTIFICATION_LEVEL_ID,CERTIFICATE_NUMBER,FLOOR_AREA,ISSUED_DTM,EXPIRY_DTM,EXTERNAL_CERTIFICATE_ID,DELETED) values (72862504,78,72938913,1138,375,1,207592,to_date('2021-04-26','YYYY-MM-DD'),to_date('2022-04-25','YYYY-MM-DD'),null,0);
		Insert into CSR.REGION_CERTIFICATE (APP_SID,REGION_CERTIFICATE_ID,REGION_SID,CERTIFICATION_ID,CERTIFICATION_LEVEL_ID,CERTIFICATE_NUMBER,FLOOR_AREA,ISSUED_DTM,EXPIRY_DTM,EXTERNAL_CERTIFICATE_ID,DELETED) values (72862504,53,72938915,1138,375,1,388558,to_date('2021-10-05','YYYY-MM-DD'),to_date('2022-10-04','YYYY-MM-DD'),null,0);
		Insert into CSR.REGION_CERTIFICATE (APP_SID,REGION_CERTIFICATE_ID,REGION_SID,CERTIFICATION_ID,CERTIFICATION_LEVEL_ID,CERTIFICATE_NUMBER,FLOOR_AREA,ISSUED_DTM,EXPIRY_DTM,EXTERNAL_CERTIFICATE_ID,DELETED) values (72862504,80,72939127,1138,375,2,548371,to_date('2021-10-27','YYYY-MM-DD'),to_date('2022-10-26','YYYY-MM-DD'),null,0);
		Insert into CSR.REGION_CERTIFICATE (APP_SID,REGION_CERTIFICATE_ID,REGION_SID,CERTIFICATION_ID,CERTIFICATION_LEVEL_ID,CERTIFICATE_NUMBER,FLOOR_AREA,ISSUED_DTM,EXPIRY_DTM,EXTERNAL_CERTIFICATE_ID,DELETED) values (72862504,43,72939125,1138,375,3,1002727,to_date('2021-11-04','YYYY-MM-DD'),to_date('2022-11-03','YYYY-MM-DD'),null,0);
		Insert into CSR.REGION_CERTIFICATE (APP_SID,REGION_CERTIFICATE_ID,REGION_SID,CERTIFICATION_ID,CERTIFICATION_LEVEL_ID,CERTIFICATE_NUMBER,FLOOR_AREA,ISSUED_DTM,EXPIRY_DTM,EXTERNAL_CERTIFICATE_ID,DELETED) values (72862504,46,72939123,1138,375,3,993223,to_date('2021-11-04','YYYY-MM-DD'),to_date('2022-11-03','YYYY-MM-DD'),null,0);
		Insert into CSR.REGION_CERTIFICATE (APP_SID,REGION_CERTIFICATE_ID,REGION_SID,CERTIFICATION_ID,CERTIFICATION_LEVEL_ID,CERTIFICATE_NUMBER,FLOOR_AREA,ISSUED_DTM,EXPIRY_DTM,EXTERNAL_CERTIFICATE_ID,DELETED) values (72862504,70,72939121,1138,375,3,488465,to_date('2021-11-04','YYYY-MM-DD'),to_date('2022-11-03','YYYY-MM-DD'),null,0);
		Insert into CSR.REGION_CERTIFICATE (APP_SID,REGION_CERTIFICATE_ID,REGION_SID,CERTIFICATION_ID,CERTIFICATION_LEVEL_ID,CERTIFICATE_NUMBER,FLOOR_AREA,ISSUED_DTM,EXPIRY_DTM,EXTERNAL_CERTIFICATE_ID,DELETED) values (72862504,74,72939119,1138,375,4,207000,to_date('2021-10-27','YYYY-MM-DD'),to_date('2022-10-26','YYYY-MM-DD'),null,0);
		Insert into CSR.REGION_CERTIFICATE (APP_SID,REGION_CERTIFICATE_ID,REGION_SID,CERTIFICATION_ID,CERTIFICATION_LEVEL_ID,CERTIFICATE_NUMBER,FLOOR_AREA,ISSUED_DTM,EXPIRY_DTM,EXTERNAL_CERTIFICATE_ID,DELETED) values (72862504,64,72939115,1138,375,6,1041889,to_date('2021-10-27','YYYY-MM-DD'),to_date('2022-10-26','YYYY-MM-DD'),null,0);
		Insert into CSR.REGION_CERTIFICATE (APP_SID,REGION_CERTIFICATE_ID,REGION_SID,CERTIFICATION_ID,CERTIFICATION_LEVEL_ID,CERTIFICATE_NUMBER,FLOOR_AREA,ISSUED_DTM,EXPIRY_DTM,EXTERNAL_CERTIFICATE_ID,DELETED) values (72862504,63,72939115,903,381,5,1041889,to_date('2019-07-01','YYYY-MM-DD'),to_date('2022-07-22','YYYY-MM-DD'),null,0);
		--
		Insert into CSR.REGION_ENERGY_RATING (APP_SID,REGION_SID,ENERGY_RATING_ID,FLOOR_AREA,ISSUED_DTM,EXPIRY_DTM) values (72862504,72939115,47,1041889,to_date('2021-12-23','YYYY-MM-DD'),to_date('2022-12-10','YYYY-MM-DD'));
		Insert into CSR.REGION_ENERGY_RATING (APP_SID,REGION_SID,ENERGY_RATING_ID,FLOOR_AREA,ISSUED_DTM,EXPIRY_DTM) values (72862504,72939019,47,204186,to_date('2022-01-13','YYYY-MM-DD'),to_date('2022-12-10','YYYY-MM-DD'));
		Insert into CSR.REGION_ENERGY_RATING (APP_SID,REGION_SID,ENERGY_RATING_ID,FLOOR_AREA,ISSUED_DTM,EXPIRY_DTM) values (72862504,72939041,47,132225,to_date('2022-01-13','YYYY-MM-DD'),to_date('2022-12-10','YYYY-MM-DD'));
		Insert into CSR.REGION_ENERGY_RATING (APP_SID,REGION_SID,ENERGY_RATING_ID,FLOOR_AREA,ISSUED_DTM,EXPIRY_DTM) values (72862504,72938915,47,388558,to_date('2022-01-13','YYYY-MM-DD'),to_date('2022-12-10','YYYY-MM-DD'));
		Insert into CSR.REGION_ENERGY_RATING (APP_SID,REGION_SID,ENERGY_RATING_ID,FLOOR_AREA,ISSUED_DTM,EXPIRY_DTM) values (72862504,72939195,47,74480,to_date('2022-01-25','YYYY-MM-DD'),to_date('2022-12-10','YYYY-MM-DD'));
		Insert into CSR.REGION_ENERGY_RATING (APP_SID,REGION_SID,ENERGY_RATING_ID,FLOOR_AREA,ISSUED_DTM,EXPIRY_DTM) values (72862504,72938923,47,165773,to_date('2022-01-25','YYYY-MM-DD'),to_date('2022-12-10','YYYY-MM-DD'));
		Insert into CSR.REGION_ENERGY_RATING (APP_SID,REGION_SID,ENERGY_RATING_ID,FLOOR_AREA,ISSUED_DTM,EXPIRY_DTM) values (72862504,72939103,47,85523,to_date('2022-01-31','YYYY-MM-DD'),to_date('2022-12-10','YYYY-MM-DD'));
		Insert into CSR.REGION_ENERGY_RATING (APP_SID,REGION_SID,ENERGY_RATING_ID,FLOOR_AREA,ISSUED_DTM,EXPIRY_DTM) values (72862504,72938981,47,164641,to_date('2022-01-31','YYYY-MM-DD'),to_date('2022-12-10','YYYY-MM-DD'));
		Insert into CSR.REGION_ENERGY_RATING (APP_SID,REGION_SID,ENERGY_RATING_ID,FLOOR_AREA,ISSUED_DTM,EXPIRY_DTM) values (72862504,72938963,47,69500,to_date('2022-02-03','YYYY-MM-DD'),to_date('2022-12-10','YYYY-MM-DD'));
		Insert into CSR.REGION_ENERGY_RATING (APP_SID,REGION_SID,ENERGY_RATING_ID,FLOOR_AREA,ISSUED_DTM,EXPIRY_DTM) values (72862504,72939073,47,90345,to_date('2022-02-03','YYYY-MM-DD'),to_date('2022-12-10','YYYY-MM-DD'));
		Insert into CSR.REGION_ENERGY_RATING (APP_SID,REGION_SID,ENERGY_RATING_ID,FLOOR_AREA,ISSUED_DTM,EXPIRY_DTM) values (72862504,72939117,47,1218580,to_date('2022-03-10','YYYY-MM-DD'),to_date('2022-12-10','YYYY-MM-DD'));
		Insert into CSR.REGION_ENERGY_RATING (APP_SID,REGION_SID,ENERGY_RATING_ID,FLOOR_AREA,ISSUED_DTM,EXPIRY_DTM) values (72862504,72938993,46,130935,to_date('2022-01-13','YYYY-MM-DD'),to_date('2022-12-10','YYYY-MM-DD'));
		Insert into CSR.REGION_ENERGY_RATING (APP_SID,REGION_SID,ENERGY_RATING_ID,FLOOR_AREA,ISSUED_DTM,EXPIRY_DTM) values (72862504,72939015,46,300000,to_date('2022-01-13','YYYY-MM-DD'),to_date('2022-12-10','YYYY-MM-DD'));
		Insert into CSR.REGION_ENERGY_RATING (APP_SID,REGION_SID,ENERGY_RATING_ID,FLOOR_AREA,ISSUED_DTM,EXPIRY_DTM) values (72862504,72939067,46,89626,to_date('2022-01-13','YYYY-MM-DD'),to_date('2022-12-10','YYYY-MM-DD'));
		Insert into CSR.REGION_ENERGY_RATING (APP_SID,REGION_SID,ENERGY_RATING_ID,FLOOR_AREA,ISSUED_DTM,EXPIRY_DTM) values (72862504,72939075,46,99477,to_date('2022-01-18','YYYY-MM-DD'),to_date('2022-12-10','YYYY-MM-DD'));
		Insert into CSR.REGION_ENERGY_RATING (APP_SID,REGION_SID,ENERGY_RATING_ID,FLOOR_AREA,ISSUED_DTM,EXPIRY_DTM) values (72862504,72939109,46,788107,to_date('2022-02-07','YYYY-MM-DD'),to_date('2022-12-10','YYYY-MM-DD'));
		Insert into CSR.REGION_ENERGY_RATING (APP_SID,REGION_SID,ENERGY_RATING_ID,FLOOR_AREA,ISSUED_DTM,EXPIRY_DTM) values (72862504,72939121,46,488465,to_date('2022-03-24','YYYY-MM-DD'),to_date('2022-12-10','YYYY-MM-DD'));
		Insert into CSR.REGION_ENERGY_RATING (APP_SID,REGION_SID,ENERGY_RATING_ID,FLOOR_AREA,ISSUED_DTM,EXPIRY_DTM) values (72862504,72939023,45,74139,to_date('2022-01-21','YYYY-MM-DD'),to_date('2022-12-10','YYYY-MM-DD'));
		Insert into CSR.REGION_ENERGY_RATING (APP_SID,REGION_SID,ENERGY_RATING_ID,FLOOR_AREA,ISSUED_DTM,EXPIRY_DTM) values (72862504,72938885,45,164818,to_date('2022-01-28','YYYY-MM-DD'),to_date('2022-12-10','YYYY-MM-DD'));
		Insert into CSR.REGION_ENERGY_RATING (APP_SID,REGION_SID,ENERGY_RATING_ID,FLOOR_AREA,ISSUED_DTM,EXPIRY_DTM) values (72862504,72939071,45,90183,to_date('2022-02-03','YYYY-MM-DD'),to_date('2022-12-10','YYYY-MM-DD'));
		Insert into CSR.REGION_ENERGY_RATING (APP_SID,REGION_SID,ENERGY_RATING_ID,FLOOR_AREA,ISSUED_DTM,EXPIRY_DTM) values (72862504,72939069,45,102088,to_date('2022-02-03','YYYY-MM-DD'),to_date('2022-12-10','YYYY-MM-DD'));
		Insert into CSR.REGION_ENERGY_RATING (APP_SID,REGION_SID,ENERGY_RATING_ID,FLOOR_AREA,ISSUED_DTM,EXPIRY_DTM) values (72862504,72939111,45,1111787,to_date('2022-02-07','YYYY-MM-DD'),to_date('2022-12-10','YYYY-MM-DD'));
		Insert into CSR.REGION_ENERGY_RATING (APP_SID,REGION_SID,ENERGY_RATING_ID,FLOOR_AREA,ISSUED_DTM,EXPIRY_DTM) values (72862504,72939017,45,125550,to_date('2022-02-08','YYYY-MM-DD'),to_date('2022-12-10','YYYY-MM-DD'));
		Insert into CSR.REGION_ENERGY_RATING (APP_SID,REGION_SID,ENERGY_RATING_ID,FLOOR_AREA,ISSUED_DTM,EXPIRY_DTM) values (72862504,72939113,45,808040,to_date('2022-03-14','YYYY-MM-DD'),to_date('2022-12-10','YYYY-MM-DD'));
		Insert into CSR.REGION_ENERGY_RATING (APP_SID,REGION_SID,ENERGY_RATING_ID,FLOOR_AREA,ISSUED_DTM,EXPIRY_DTM) values (72862504,72938941,44,24000,to_date('2022-01-13','YYYY-MM-DD'),to_date('2022-12-10','YYYY-MM-DD'));
		Insert into CSR.REGION_ENERGY_RATING (APP_SID,REGION_SID,ENERGY_RATING_ID,FLOOR_AREA,ISSUED_DTM,EXPIRY_DTM) values (72862504,72939039,44,86683,to_date('2022-01-25','YYYY-MM-DD'),to_date('2022-12-10','YYYY-MM-DD'));
		Insert into CSR.REGION_ENERGY_RATING (APP_SID,REGION_SID,ENERGY_RATING_ID,FLOOR_AREA,ISSUED_DTM,EXPIRY_DTM) values (72862504,72939087,43,52229,to_date('2022-01-31','YYYY-MM-DD'),to_date('2022-12-10','YYYY-MM-DD'));
	END IF;

	SELECT COUNT(*)
	  INTO v_app_exists
	  FROM csr.customer
	 WHERE app_sid = 74711024;
	IF (v_app_exists <> 0) THEN
		Insert into CSR.REGION_CERTIFICATE (APP_SID,REGION_CERTIFICATE_ID,REGION_SID,CERTIFICATION_ID,CERTIFICATION_LEVEL_ID,CERTIFICATE_NUMBER,FLOOR_AREA,ISSUED_DTM,EXPIRY_DTM,EXTERNAL_CERTIFICATE_ID,DELETED) values (74711024,21,75993534,194,null,null,395075,to_date('2018-07-13','YYYY-MM-DD'),null,null,0);
	END IF;

	SELECT COUNT(*)
	  INTO v_app_exists
	  FROM csr.customer
	 WHERE app_sid = 78604671;
	IF (v_app_exists <> 0) THEN
		Insert into CSR.REGION_CERTIFICATE (APP_SID,REGION_CERTIFICATE_ID,REGION_SID,CERTIFICATION_ID,CERTIFICATION_LEVEL_ID,CERTIFICATE_NUMBER,FLOOR_AREA,ISSUED_DTM,EXPIRY_DTM,EXTERNAL_CERTIFICATE_ID,DELETED) values (78604671,1,80832373,1148,2,1,10000,to_date('2022-01-01','YYYY-MM-DD'),to_date('2025-01-01','YYYY-MM-DD'),null,0);
		Insert into CSR.REGION_ENERGY_RATING (APP_SID,REGION_SID,ENERGY_RATING_ID,FLOOR_AREA,ISSUED_DTM,EXPIRY_DTM) values (78604671,80832373,66,8000,to_date('2022-04-01','YYYY-MM-DD'),to_date('2025-11-01','YYYY-MM-DD'));
	END IF;
END;
/



-- ** New package grants **

-- *** Conditional Packages ***

-- *** Packages ***

@update_tail
