-- Please update version.sql too -- this keeps clean builds in sync
define version=1474
@update_header

-- None of the following should fail, as it is all new stuff. If it does, you must have an ancient DB or an incomplete one...
BEGIN
	-- New measure
	INSERT INTO csr.std_measure_conversion (std_measure_conversion_id, std_measure_id, description, a, b, c) VALUES(26179, 1, 'tonne/tonne', 0.001, 1, 0);

	-- Insert to factor types
	INSERT INTO csr.factor_type(factor_type_id, parent_id, name, std_measure_id, egrid) VALUES(7133, 230, 'Supply chain emission factors for consumption of products: tonnes', NULL, 0);
	INSERT INTO csr.factor_type(factor_type_id, parent_id, name, std_measure_id, egrid) VALUES(7161, 230, 'Supply chain emission factors for purchase of animals: per head', NULL, 0);
	INSERT INTO csr.factor_type(factor_type_id, parent_id, name, std_measure_id, egrid) VALUES(7162, 230, 'Agriculture', NULL, 0);
	INSERT INTO csr.factor_type(factor_type_id, parent_id, name, std_measure_id, egrid) VALUES(7163, 7162, 'Livestock', NULL, 0);
	INSERT INTO csr.factor_type(factor_type_id, parent_id, name, std_measure_id, egrid) VALUES(7164, 7163, 'Enteric Fermentation', NULL, 0);
	INSERT INTO csr.factor_type(factor_type_id, parent_id, name, std_measure_id, egrid) VALUES(7165, 7163, 'Manure Management', NULL, 0);
	INSERT INTO csr.factor_type(factor_type_id, parent_id, name, std_measure_id, egrid) VALUES(7166, 7162, 'Land Fertilisation', NULL, 0);

	-- Insert child factor types
	INSERT INTO csr.factor_type(factor_type_id, parent_id, name, std_measure_id, egrid) VALUES(7134,7133,'Feed Purchase - Bran Cotton',1,0);
	INSERT INTO csr.factor_type(factor_type_id, parent_id, name, std_measure_id, egrid) VALUES(7135,7133,'Feed Purchase - Rice bran',1,0);
	INSERT INTO csr.factor_type(factor_type_id, parent_id, name, std_measure_id, egrid) VALUES(7136,7133,'Feed Purchase - Soy',1,0);
	INSERT INTO csr.factor_type(factor_type_id, parent_id, name, std_measure_id, egrid) VALUES(7137,7133,'Feed Purchase - Bran',1,0);
	INSERT INTO csr.factor_type(factor_type_id, parent_id, name, std_measure_id, egrid) VALUES(7138,7133,'Feed Purchase - Meat meal',1,0);
	INSERT INTO csr.factor_type(factor_type_id, parent_id, name, std_measure_id, egrid) VALUES(7139,7133,'Feed Purchase - Hay',1,0);
	INSERT INTO csr.factor_type(factor_type_id, parent_id, name, std_measure_id, egrid) VALUES(7140,7133,'Feed Purchase - Grain maize',1,0);
	INSERT INTO csr.factor_type(factor_type_id, parent_id, name, std_measure_id, egrid) VALUES(7141,7133,'Feed Purchase - Soy Oil',1,0);
	INSERT INTO csr.factor_type(factor_type_id, parent_id, name, std_measure_id, egrid) VALUES(7142,7133,'Feed Purchase - Feed',1,0);
	INSERT INTO csr.factor_type(factor_type_id, parent_id, name, std_measure_id, egrid) VALUES(7143,7133,'Feed Purchase - Corn silage and sorghum',1,0);
	INSERT INTO csr.factor_type(factor_type_id, parent_id, name, std_measure_id, egrid) VALUES(7144,7133,'Feed Purchase - Soybeans',1,0);
	INSERT INTO csr.factor_type(factor_type_id, parent_id, name, std_measure_id, egrid) VALUES(7145,7133,'Feed Purchase - Sorghum grain',1,0);
	INSERT INTO csr.factor_type(factor_type_id, parent_id, name, std_measure_id, egrid) VALUES(7146,7133,'Feed Purchase - Wheat grain',1,0);
	INSERT INTO csr.factor_type(factor_type_id, parent_id, name, std_measure_id, egrid) VALUES(7147,7161,'Purchase of cattle - 0 teeth',1,0);
	INSERT INTO csr.factor_type(factor_type_id, parent_id, name, std_measure_id, egrid) VALUES(7148,7161,'Purchase of cattle - 2 teeth',1,0);
	INSERT INTO csr.factor_type(factor_type_id, parent_id, name, std_measure_id, egrid) VALUES(7149,7161,'Purchase of cattle - 4 teeth',1,0);
	INSERT INTO csr.factor_type(factor_type_id, parent_id, name, std_measure_id, egrid) VALUES(7150,7161,'Purchase of cattle - 6 teeth',1,0);
	INSERT INTO csr.factor_type(factor_type_id, parent_id, name, std_measure_id, egrid) VALUES(7151,7161,'Purchase of cattle - 8 teeth',1,0);
	INSERT INTO csr.factor_type(factor_type_id, parent_id, name, std_measure_id, egrid) VALUES(7152,7164,'Enteric Fermentation - Sheep',1,0);
	INSERT INTO csr.factor_type(factor_type_id, parent_id, name, std_measure_id, egrid) VALUES(7153,7164,'Enteric Fermentation - Cows',1,0);
	INSERT INTO csr.factor_type(factor_type_id, parent_id, name, std_measure_id, egrid) VALUES(7154,7164,'Enteric Fermentation - Pigs',1,0);
	INSERT INTO csr.factor_type(factor_type_id, parent_id, name, std_measure_id, egrid) VALUES(7155,7164,'Enteric Fermentation - Poultry',1,0);
	INSERT INTO csr.factor_type(factor_type_id, parent_id, name, std_measure_id, egrid) VALUES(7156,7165,'Manure Management - Sheep',1,0);
	INSERT INTO csr.factor_type(factor_type_id, parent_id, name, std_measure_id, egrid) VALUES(7157,7165,'Manure Management - Cows',1,0);
	INSERT INTO csr.factor_type(factor_type_id, parent_id, name, std_measure_id, egrid) VALUES(7158,7165,'Manure Management - Pigs',1,0);
	INSERT INTO csr.factor_type(factor_type_id, parent_id, name, std_measure_id, egrid) VALUES(7159,7165,'Manure Management - Poultry',1,0);
	INSERT INTO csr.factor_type(factor_type_id, parent_id, name, std_measure_id, egrid) VALUES(7160,7166,'Nitrogen Fertiliser Application',1,0);

	-- Insert new factor sets
	INSERT INTO csr.std_factor_set(std_factor_set_id, name) VALUES(19,'Agrianual 2007 - Brazilian Agricultural Yearbook');
	INSERT INTO csr.std_factor_set(std_factor_set_id, name) VALUES(20,'Intergovernmental Panel on Climate Change (IPCC)');

	-- Insert new factor data!
	INSERT INTO csr.std_factor (STD_FACTOR_ID,STD_FACTOR_SET_ID,FACTOR_TYPE_ID,GAS_TYPE_ID,GEO_COUNTRY,GEO_REGION,EGRID_REF,STD_MEASURE_CONVERSION_ID,START_DTM,END_DTM,VALUE,NOTE) VALUES (184263148,19,7134,2,NULL,NULL,NULL,26179,TO_DATE('01-JAN-00','DD-MON-RR'),NULL,0.1640667,'FNP - Agrianual 2007 - Anuário da agricultura brasileira');
	INSERT INTO csr.std_factor (STD_FACTOR_ID,STD_FACTOR_SET_ID,FACTOR_TYPE_ID,GAS_TYPE_ID,GEO_COUNTRY,GEO_REGION,EGRID_REF,STD_MEASURE_CONVERSION_ID,START_DTM,END_DTM,VALUE,NOTE) VALUES (184263149,19,7135,2,NULL,NULL,NULL,26179,TO_DATE('01-JAN-00','DD-MON-RR'),NULL,0.07030072,'FNP - Agrianual 2007 - Anuário da agricultura brasileira');
	INSERT INTO csr.std_factor (STD_FACTOR_ID,STD_FACTOR_SET_ID,FACTOR_TYPE_ID,GAS_TYPE_ID,GEO_COUNTRY,GEO_REGION,EGRID_REF,STD_MEASURE_CONVERSION_ID,START_DTM,END_DTM,VALUE,NOTE) VALUES (184263150,19,7136,2,NULL,NULL,NULL,26179,TO_DATE('01-JAN-00','DD-MON-RR'),NULL,0.1640667,'FNP - Agrianual 2007 - Anuário da agricultura brasileira');
	INSERT INTO csr.std_factor (STD_FACTOR_ID,STD_FACTOR_SET_ID,FACTOR_TYPE_ID,GAS_TYPE_ID,GEO_COUNTRY,GEO_REGION,EGRID_REF,STD_MEASURE_CONVERSION_ID,START_DTM,END_DTM,VALUE,NOTE) VALUES (184263151,19,7137,2,NULL,NULL,NULL,26179,TO_DATE('01-JAN-00','DD-MON-RR'),NULL,0.07030072,'FNP - Agrianual 2007 - Anuário da agricultura brasileira');
	INSERT INTO csr.std_factor (STD_FACTOR_ID,STD_FACTOR_SET_ID,FACTOR_TYPE_ID,GAS_TYPE_ID,GEO_COUNTRY,GEO_REGION,EGRID_REF,STD_MEASURE_CONVERSION_ID,START_DTM,END_DTM,VALUE,NOTE) VALUES (184263152,19,7138,2,NULL,NULL,NULL,26179,TO_DATE('01-JAN-00','DD-MON-RR'),NULL,0.13,'FNP - Agrianual 2007 - Anuário da agricultura brasileira');
	INSERT INTO csr.std_factor (STD_FACTOR_ID,STD_FACTOR_SET_ID,FACTOR_TYPE_ID,GAS_TYPE_ID,GEO_COUNTRY,GEO_REGION,EGRID_REF,STD_MEASURE_CONVERSION_ID,START_DTM,END_DTM,VALUE,NOTE) VALUES (184263153,19,7139,2,NULL,NULL,NULL,26179,TO_DATE('01-JAN-00','DD-MON-RR'),NULL,0.0496687,'FNP - Agrianual 2007 - Anuário da agricultura brasileira');
	INSERT INTO csr.std_factor (STD_FACTOR_ID,STD_FACTOR_SET_ID,FACTOR_TYPE_ID,GAS_TYPE_ID,GEO_COUNTRY,GEO_REGION,EGRID_REF,STD_MEASURE_CONVERSION_ID,START_DTM,END_DTM,VALUE,NOTE) VALUES (184263154,19,7140,2,NULL,NULL,NULL,26179,TO_DATE('01-JAN-00','DD-MON-RR'),NULL,0.1367235,'FNP - Agrianual 2007 - Anuário da agricultura brasileira');
	INSERT INTO csr.std_factor (STD_FACTOR_ID,STD_FACTOR_SET_ID,FACTOR_TYPE_ID,GAS_TYPE_ID,GEO_COUNTRY,GEO_REGION,EGRID_REF,STD_MEASURE_CONVERSION_ID,START_DTM,END_DTM,VALUE,NOTE) VALUES (184263155,19,7141,2,NULL,NULL,NULL,26179,TO_DATE('01-JAN-00','DD-MON-RR'),NULL,0.1093778,'FNP - Agrianual 2007 - Anuário da agricultura brasileira');
	INSERT INTO csr.std_factor (STD_FACTOR_ID,STD_FACTOR_SET_ID,FACTOR_TYPE_ID,GAS_TYPE_ID,GEO_COUNTRY,GEO_REGION,EGRID_REF,STD_MEASURE_CONVERSION_ID,START_DTM,END_DTM,VALUE,NOTE) VALUES (184263156,19,7142,2,NULL,NULL,NULL,26179,TO_DATE('01-JAN-00','DD-MON-RR'),NULL,0.1416599,'FNP - Agrianual 2007 - Anuário da agricultura brasileira');
	INSERT INTO csr.std_factor (STD_FACTOR_ID,STD_FACTOR_SET_ID,FACTOR_TYPE_ID,GAS_TYPE_ID,GEO_COUNTRY,GEO_REGION,EGRID_REF,STD_MEASURE_CONVERSION_ID,START_DTM,END_DTM,VALUE,NOTE) VALUES (184263157,19,7143,2,NULL,NULL,NULL,26179,TO_DATE('01-JAN-00','DD-MON-RR'),NULL,0.0309344,'FNP - Agrianual 2007 - Anuário da agricultura brasileira');
	INSERT INTO csr.std_factor (STD_FACTOR_ID,STD_FACTOR_SET_ID,FACTOR_TYPE_ID,GAS_TYPE_ID,GEO_COUNTRY,GEO_REGION,EGRID_REF,STD_MEASURE_CONVERSION_ID,START_DTM,END_DTM,VALUE,NOTE) VALUES (184263158,19,7144,2,NULL,NULL,NULL,26179,TO_DATE('01-JAN-00','DD-MON-RR'),NULL,0.2734444,'FNP - Agrianual 2007 - Anuário da agricultura brasileira');
	INSERT INTO csr.std_factor (STD_FACTOR_ID,STD_FACTOR_SET_ID,FACTOR_TYPE_ID,GAS_TYPE_ID,GEO_COUNTRY,GEO_REGION,EGRID_REF,STD_MEASURE_CONVERSION_ID,START_DTM,END_DTM,VALUE,NOTE) VALUES (184263159,19,7145,2,NULL,NULL,NULL,26179,TO_DATE('01-JAN-00','DD-MON-RR'),NULL,0.1367235,'FNP - Agrianual 2007 - Anuário da agricultura brasileira');
	INSERT INTO csr.std_factor (STD_FACTOR_ID,STD_FACTOR_SET_ID,FACTOR_TYPE_ID,GAS_TYPE_ID,GEO_COUNTRY,GEO_REGION,EGRID_REF,STD_MEASURE_CONVERSION_ID,START_DTM,END_DTM,VALUE,NOTE) VALUES (184263160,19,7146,2,NULL,NULL,NULL,26179,TO_DATE('01-JAN-00','DD-MON-RR'),NULL,0.3515036,'FNP - Agrianual 2007 - Anuário da agricultura brasileira');
	INSERT INTO csr.std_factor (STD_FACTOR_ID,STD_FACTOR_SET_ID,FACTOR_TYPE_ID,GAS_TYPE_ID,GEO_COUNTRY,GEO_REGION,EGRID_REF,STD_MEASURE_CONVERSION_ID,START_DTM,END_DTM,VALUE,NOTE) VALUES (184263161,20,7147,1,NULL,NULL,NULL,2357,TO_DATE('01-JAN-00','DD-MON-RR'),NULL,0,'Intergovernmental Panel on Climate Change');
	INSERT INTO csr.std_factor (STD_FACTOR_ID,STD_FACTOR_SET_ID,FACTOR_TYPE_ID,GAS_TYPE_ID,GEO_COUNTRY,GEO_REGION,EGRID_REF,STD_MEASURE_CONVERSION_ID,START_DTM,END_DTM,VALUE,NOTE) VALUES (184263162,20,7147,3,NULL,NULL,NULL,2357,TO_DATE('01-JAN-00','DD-MON-RR'),NULL,1710.625,'Intergovernmental Panel on Climate Change');
	INSERT INTO csr.std_factor (STD_FACTOR_ID,STD_FACTOR_SET_ID,FACTOR_TYPE_ID,GAS_TYPE_ID,GEO_COUNTRY,GEO_REGION,EGRID_REF,STD_MEASURE_CONVERSION_ID,START_DTM,END_DTM,VALUE,NOTE) VALUES (184263163,20,7147,4,NULL,NULL,NULL,2357,TO_DATE('01-JAN-00','DD-MON-RR'),NULL,417.1356,'Intergovernmental Panel on Climate Change');
	INSERT INTO csr.std_factor (STD_FACTOR_ID,STD_FACTOR_SET_ID,FACTOR_TYPE_ID,GAS_TYPE_ID,GEO_COUNTRY,GEO_REGION,EGRID_REF,STD_MEASURE_CONVERSION_ID,START_DTM,END_DTM,VALUE,NOTE) VALUES (184263164,20,7147,2,NULL,NULL,NULL,2357,TO_DATE('01-JAN-00','DD-MON-RR'),NULL,2127.76,'Intergovernmental Panel on Climate Change');
	INSERT INTO csr.std_factor (STD_FACTOR_ID,STD_FACTOR_SET_ID,FACTOR_TYPE_ID,GAS_TYPE_ID,GEO_COUNTRY,GEO_REGION,EGRID_REF,STD_MEASURE_CONVERSION_ID,START_DTM,END_DTM,VALUE,NOTE) VALUES (184263165,20,7148,1,NULL,NULL,NULL,2357,TO_DATE('01-JAN-00','DD-MON-RR'),NULL,0,'Intergovernmental Panel on Climate Change');
	INSERT INTO csr.std_factor (STD_FACTOR_ID,STD_FACTOR_SET_ID,FACTOR_TYPE_ID,GAS_TYPE_ID,GEO_COUNTRY,GEO_REGION,EGRID_REF,STD_MEASURE_CONVERSION_ID,START_DTM,END_DTM,VALUE,NOTE) VALUES (184263166,20,7148,3,NULL,NULL,NULL,2357,TO_DATE('01-JAN-00','DD-MON-RR'),NULL,2415,'Intergovernmental Panel on Climate Change');
	INSERT INTO csr.std_factor (STD_FACTOR_ID,STD_FACTOR_SET_ID,FACTOR_TYPE_ID,GAS_TYPE_ID,GEO_COUNTRY,GEO_REGION,EGRID_REF,STD_MEASURE_CONVERSION_ID,START_DTM,END_DTM,VALUE,NOTE) VALUES (184263167,20,7148,4,NULL,NULL,NULL,2357,TO_DATE('01-JAN-00','DD-MON-RR'),NULL,753.191,'Intergovernmental Panel on Climate Change');
	INSERT INTO csr.std_factor (STD_FACTOR_ID,STD_FACTOR_SET_ID,FACTOR_TYPE_ID,GAS_TYPE_ID,GEO_COUNTRY,GEO_REGION,EGRID_REF,STD_MEASURE_CONVERSION_ID,START_DTM,END_DTM,VALUE,NOTE) VALUES (184263168,20,7148,2,NULL,NULL,NULL,2357,TO_DATE('01-JAN-00','DD-MON-RR'),NULL,3168.191,'Intergovernmental Panel on Climate Change');
	INSERT INTO csr.std_factor (STD_FACTOR_ID,STD_FACTOR_SET_ID,FACTOR_TYPE_ID,GAS_TYPE_ID,GEO_COUNTRY,GEO_REGION,EGRID_REF,STD_MEASURE_CONVERSION_ID,START_DTM,END_DTM,VALUE,NOTE) VALUES (184263169,20,7149,1,NULL,NULL,NULL,2357,TO_DATE('01-JAN-00','DD-MON-RR'),NULL,0,'Intergovernmental Panel on Climate Change');
	INSERT INTO csr.std_factor (STD_FACTOR_ID,STD_FACTOR_SET_ID,FACTOR_TYPE_ID,GAS_TYPE_ID,GEO_COUNTRY,GEO_REGION,EGRID_REF,STD_MEASURE_CONVERSION_ID,START_DTM,END_DTM,VALUE,NOTE) VALUES (184263170,20,7149,3,NULL,NULL,NULL,2357,TO_DATE('01-JAN-00','DD-MON-RR'),NULL,3018.75,'Intergovernmental Panel on Climate Change');
	INSERT INTO csr.std_factor (STD_FACTOR_ID,STD_FACTOR_SET_ID,FACTOR_TYPE_ID,GAS_TYPE_ID,GEO_COUNTRY,GEO_REGION,EGRID_REF,STD_MEASURE_CONVERSION_ID,START_DTM,END_DTM,VALUE,NOTE) VALUES (184263171,20,7149,4,NULL,NULL,NULL,2357,TO_DATE('01-JAN-00','DD-MON-RR'),NULL,1041.239,'Intergovernmental Panel on Climate Change');
	INSERT INTO csr.std_factor (STD_FACTOR_ID,STD_FACTOR_SET_ID,FACTOR_TYPE_ID,GAS_TYPE_ID,GEO_COUNTRY,GEO_REGION,EGRID_REF,STD_MEASURE_CONVERSION_ID,START_DTM,END_DTM,VALUE,NOTE) VALUES (184263172,20,7149,2,NULL,NULL,NULL,2357,TO_DATE('01-JAN-00','DD-MON-RR'),NULL,4059.989,'Intergovernmental Panel on Climate Change');
	INSERT INTO csr.std_factor (STD_FACTOR_ID,STD_FACTOR_SET_ID,FACTOR_TYPE_ID,GAS_TYPE_ID,GEO_COUNTRY,GEO_REGION,EGRID_REF,STD_MEASURE_CONVERSION_ID,START_DTM,END_DTM,VALUE,NOTE) VALUES (184263173,20,7150,1,NULL,NULL,NULL,2357,TO_DATE('01-JAN-00','DD-MON-RR'),NULL,0,'Intergovernmental Panel on Climate Change');
	INSERT INTO csr.std_factor (STD_FACTOR_ID,STD_FACTOR_SET_ID,FACTOR_TYPE_ID,GAS_TYPE_ID,GEO_COUNTRY,GEO_REGION,EGRID_REF,STD_MEASURE_CONVERSION_ID,START_DTM,END_DTM,VALUE,NOTE) VALUES (184263174,20,7150,3,NULL,NULL,NULL,2357,TO_DATE('01-JAN-00','DD-MON-RR'),NULL,4226.25,'Intergovernmental Panel on Climate Change');
	INSERT INTO csr.std_factor (STD_FACTOR_ID,STD_FACTOR_SET_ID,FACTOR_TYPE_ID,GAS_TYPE_ID,GEO_COUNTRY,GEO_REGION,EGRID_REF,STD_MEASURE_CONVERSION_ID,START_DTM,END_DTM,VALUE,NOTE) VALUES (184263175,20,7150,4,NULL,NULL,NULL,2357,TO_DATE('01-JAN-00','DD-MON-RR'),NULL,1617.334,'Intergovernmental Panel on Climate Change');
	INSERT INTO csr.std_factor (STD_FACTOR_ID,STD_FACTOR_SET_ID,FACTOR_TYPE_ID,GAS_TYPE_ID,GEO_COUNTRY,GEO_REGION,EGRID_REF,STD_MEASURE_CONVERSION_ID,START_DTM,END_DTM,VALUE,NOTE) VALUES (184263176,20,7150,2,NULL,NULL,NULL,2357,TO_DATE('01-JAN-00','DD-MON-RR'),NULL,5843.584,'Intergovernmental Panel on Climate Change');
	INSERT INTO csr.std_factor (STD_FACTOR_ID,STD_FACTOR_SET_ID,FACTOR_TYPE_ID,GAS_TYPE_ID,GEO_COUNTRY,GEO_REGION,EGRID_REF,STD_MEASURE_CONVERSION_ID,START_DTM,END_DTM,VALUE,NOTE) VALUES (184263177,20,7151,1,NULL,NULL,NULL,2357,TO_DATE('01-JAN-00','DD-MON-RR'),NULL,0,'Intergovernmental Panel on Climate Change');
	INSERT INTO csr.std_factor (STD_FACTOR_ID,STD_FACTOR_SET_ID,FACTOR_TYPE_ID,GAS_TYPE_ID,GEO_COUNTRY,GEO_REGION,EGRID_REF,STD_MEASURE_CONVERSION_ID,START_DTM,END_DTM,VALUE,NOTE) VALUES (184263178,20,7151,3,NULL,NULL,NULL,2357,TO_DATE('01-JAN-00','DD-MON-RR'),NULL,6641.25,'Intergovernmental Panel on Climate Change');
	INSERT INTO csr.std_factor (STD_FACTOR_ID,STD_FACTOR_SET_ID,FACTOR_TYPE_ID,GAS_TYPE_ID,GEO_COUNTRY,GEO_REGION,EGRID_REF,STD_MEASURE_CONVERSION_ID,START_DTM,END_DTM,VALUE,NOTE) VALUES (184263179,20,7151,4,NULL,NULL,NULL,2357,TO_DATE('01-JAN-00','DD-MON-RR'),NULL,2769.524,'Intergovernmental Panel on Climate Change');
	INSERT INTO csr.std_factor (STD_FACTOR_ID,STD_FACTOR_SET_ID,FACTOR_TYPE_ID,GAS_TYPE_ID,GEO_COUNTRY,GEO_REGION,EGRID_REF,STD_MEASURE_CONVERSION_ID,START_DTM,END_DTM,VALUE,NOTE) VALUES (184263180,20,7151,2,NULL,NULL,NULL,2357,TO_DATE('01-JAN-00','DD-MON-RR'),NULL,9410.774,'Intergovernmental Panel on Climate Change');
	INSERT INTO csr.std_factor (STD_FACTOR_ID,STD_FACTOR_SET_ID,FACTOR_TYPE_ID,GAS_TYPE_ID,GEO_COUNTRY,GEO_REGION,EGRID_REF,STD_MEASURE_CONVERSION_ID,START_DTM,END_DTM,VALUE,NOTE) VALUES (184263181,20,7152,1,NULL,NULL,NULL,2357,TO_DATE('01-JAN-00','DD-MON-RR'),NULL,0,'Intergovernmental Panel on Climate Change');
	INSERT INTO csr.std_factor (STD_FACTOR_ID,STD_FACTOR_SET_ID,FACTOR_TYPE_ID,GAS_TYPE_ID,GEO_COUNTRY,GEO_REGION,EGRID_REF,STD_MEASURE_CONVERSION_ID,START_DTM,END_DTM,VALUE,NOTE) VALUES (184263182,20,7152,3,NULL,NULL,NULL,2357,TO_DATE('01-JAN-00','DD-MON-RR'),NULL,105,'Intergovernmental Panel on Climate Change');
	INSERT INTO csr.std_factor (STD_FACTOR_ID,STD_FACTOR_SET_ID,FACTOR_TYPE_ID,GAS_TYPE_ID,GEO_COUNTRY,GEO_REGION,EGRID_REF,STD_MEASURE_CONVERSION_ID,START_DTM,END_DTM,VALUE,NOTE) VALUES (184263183,20,7152,4,NULL,NULL,NULL,2357,TO_DATE('01-JAN-00','DD-MON-RR'),NULL,0,'Intergovernmental Panel on Climate Change');
	INSERT INTO csr.std_factor (STD_FACTOR_ID,STD_FACTOR_SET_ID,FACTOR_TYPE_ID,GAS_TYPE_ID,GEO_COUNTRY,GEO_REGION,EGRID_REF,STD_MEASURE_CONVERSION_ID,START_DTM,END_DTM,VALUE,NOTE) VALUES (184263184,20,7152,2,NULL,NULL,NULL,2357,TO_DATE('01-JAN-00','DD-MON-RR'),NULL,105,'Intergovernmental Panel on Climate Change');
	INSERT INTO csr.std_factor (STD_FACTOR_ID,STD_FACTOR_SET_ID,FACTOR_TYPE_ID,GAS_TYPE_ID,GEO_COUNTRY,GEO_REGION,EGRID_REF,STD_MEASURE_CONVERSION_ID,START_DTM,END_DTM,VALUE,NOTE) VALUES (184263185,20,7153,1,NULL,NULL,NULL,2357,TO_DATE('01-JAN-00','DD-MON-RR'),NULL,0,'Intergovernmental Panel on Climate Change');
	INSERT INTO csr.std_factor (STD_FACTOR_ID,STD_FACTOR_SET_ID,FACTOR_TYPE_ID,GAS_TYPE_ID,GEO_COUNTRY,GEO_REGION,EGRID_REF,STD_MEASURE_CONVERSION_ID,START_DTM,END_DTM,VALUE,NOTE) VALUES (184263186,20,7153,3,NULL,NULL,NULL,2357,TO_DATE('01-JAN-00','DD-MON-RR'),NULL,1176,'Intergovernmental Panel on Climate Change');
	INSERT INTO csr.std_factor (STD_FACTOR_ID,STD_FACTOR_SET_ID,FACTOR_TYPE_ID,GAS_TYPE_ID,GEO_COUNTRY,GEO_REGION,EGRID_REF,STD_MEASURE_CONVERSION_ID,START_DTM,END_DTM,VALUE,NOTE) VALUES (184263187,20,7153,4,NULL,NULL,NULL,2357,TO_DATE('01-JAN-00','DD-MON-RR'),NULL,0,'Intergovernmental Panel on Climate Change');
	INSERT INTO csr.std_factor (STD_FACTOR_ID,STD_FACTOR_SET_ID,FACTOR_TYPE_ID,GAS_TYPE_ID,GEO_COUNTRY,GEO_REGION,EGRID_REF,STD_MEASURE_CONVERSION_ID,START_DTM,END_DTM,VALUE,NOTE) VALUES (184263188,20,7153,2,NULL,NULL,NULL,2357,TO_DATE('01-JAN-00','DD-MON-RR'),NULL,1176,'Intergovernmental Panel on Climate Change');
	INSERT INTO csr.std_factor (STD_FACTOR_ID,STD_FACTOR_SET_ID,FACTOR_TYPE_ID,GAS_TYPE_ID,GEO_COUNTRY,GEO_REGION,EGRID_REF,STD_MEASURE_CONVERSION_ID,START_DTM,END_DTM,VALUE,NOTE) VALUES (184263189,20,7154,1,NULL,NULL,NULL,2357,TO_DATE('01-JAN-00','DD-MON-RR'),NULL,0,'Intergovernmental Panel on Climate Change');
	INSERT INTO csr.std_factor (STD_FACTOR_ID,STD_FACTOR_SET_ID,FACTOR_TYPE_ID,GAS_TYPE_ID,GEO_COUNTRY,GEO_REGION,EGRID_REF,STD_MEASURE_CONVERSION_ID,START_DTM,END_DTM,VALUE,NOTE) VALUES (184263190,20,7154,3,NULL,NULL,NULL,2357,TO_DATE('01-JAN-00','DD-MON-RR'),NULL,21,'Intergovernmental Panel on Climate Change');
	INSERT INTO csr.std_factor (STD_FACTOR_ID,STD_FACTOR_SET_ID,FACTOR_TYPE_ID,GAS_TYPE_ID,GEO_COUNTRY,GEO_REGION,EGRID_REF,STD_MEASURE_CONVERSION_ID,START_DTM,END_DTM,VALUE,NOTE) VALUES (184263191,20,7154,4,NULL,NULL,NULL,2357,TO_DATE('01-JAN-00','DD-MON-RR'),NULL,0,'Intergovernmental Panel on Climate Change');
	INSERT INTO csr.std_factor (STD_FACTOR_ID,STD_FACTOR_SET_ID,FACTOR_TYPE_ID,GAS_TYPE_ID,GEO_COUNTRY,GEO_REGION,EGRID_REF,STD_MEASURE_CONVERSION_ID,START_DTM,END_DTM,VALUE,NOTE) VALUES (184263192,20,7154,2,NULL,NULL,NULL,2357,TO_DATE('01-JAN-00','DD-MON-RR'),NULL,21,'Intergovernmental Panel on Climate Change');
	INSERT INTO csr.std_factor (STD_FACTOR_ID,STD_FACTOR_SET_ID,FACTOR_TYPE_ID,GAS_TYPE_ID,GEO_COUNTRY,GEO_REGION,EGRID_REF,STD_MEASURE_CONVERSION_ID,START_DTM,END_DTM,VALUE,NOTE) VALUES (184263193,20,7155,1,NULL,NULL,NULL,2357,TO_DATE('01-JAN-00','DD-MON-RR'),NULL,0,'Intergovernmental Panel on Climate Change');
	INSERT INTO csr.std_factor (STD_FACTOR_ID,STD_FACTOR_SET_ID,FACTOR_TYPE_ID,GAS_TYPE_ID,GEO_COUNTRY,GEO_REGION,EGRID_REF,STD_MEASURE_CONVERSION_ID,START_DTM,END_DTM,VALUE,NOTE) VALUES (184263194,20,7155,3,NULL,NULL,NULL,2357,TO_DATE('01-JAN-00','DD-MON-RR'),NULL,0,'Intergovernmental Panel on Climate Change');
	INSERT INTO csr.std_factor (STD_FACTOR_ID,STD_FACTOR_SET_ID,FACTOR_TYPE_ID,GAS_TYPE_ID,GEO_COUNTRY,GEO_REGION,EGRID_REF,STD_MEASURE_CONVERSION_ID,START_DTM,END_DTM,VALUE,NOTE) VALUES (184263195,20,7155,4,NULL,NULL,NULL,2357,TO_DATE('01-JAN-00','DD-MON-RR'),NULL,0,'Intergovernmental Panel on Climate Change');
	INSERT INTO csr.std_factor (STD_FACTOR_ID,STD_FACTOR_SET_ID,FACTOR_TYPE_ID,GAS_TYPE_ID,GEO_COUNTRY,GEO_REGION,EGRID_REF,STD_MEASURE_CONVERSION_ID,START_DTM,END_DTM,VALUE,NOTE) VALUES (184263196,20,7155,2,NULL,NULL,NULL,2357,TO_DATE('01-JAN-00','DD-MON-RR'),NULL,0,'Intergovernmental Panel on Climate Change');
	INSERT INTO csr.std_factor (STD_FACTOR_ID,STD_FACTOR_SET_ID,FACTOR_TYPE_ID,GAS_TYPE_ID,GEO_COUNTRY,GEO_REGION,EGRID_REF,STD_MEASURE_CONVERSION_ID,START_DTM,END_DTM,VALUE,NOTE) VALUES (184263197,20,7156,1,NULL,NULL,NULL,2357,TO_DATE('01-JAN-00','DD-MON-RR'),NULL,0,'Intergovernmental Panel on Climate Change');
	INSERT INTO csr.std_factor (STD_FACTOR_ID,STD_FACTOR_SET_ID,FACTOR_TYPE_ID,GAS_TYPE_ID,GEO_COUNTRY,GEO_REGION,EGRID_REF,STD_MEASURE_CONVERSION_ID,START_DTM,END_DTM,VALUE,NOTE) VALUES (184263198,20,7156,3,NULL,NULL,NULL,2357,TO_DATE('01-JAN-00','DD-MON-RR'),NULL,3.15,'Intergovernmental Panel on Climate Change');
	INSERT INTO csr.std_factor (STD_FACTOR_ID,STD_FACTOR_SET_ID,FACTOR_TYPE_ID,GAS_TYPE_ID,GEO_COUNTRY,GEO_REGION,EGRID_REF,STD_MEASURE_CONVERSION_ID,START_DTM,END_DTM,VALUE,NOTE) VALUES (184263199,20,7156,4,NULL,NULL,NULL,2357,TO_DATE('01-JAN-00','DD-MON-RR'),NULL,114.4189,'Intergovernmental Panel on Climate Change');
	INSERT INTO csr.std_factor (STD_FACTOR_ID,STD_FACTOR_SET_ID,FACTOR_TYPE_ID,GAS_TYPE_ID,GEO_COUNTRY,GEO_REGION,EGRID_REF,STD_MEASURE_CONVERSION_ID,START_DTM,END_DTM,VALUE,NOTE) VALUES (184263200,20,7156,2,NULL,NULL,NULL,2357,TO_DATE('01-JAN-00','DD-MON-RR'),NULL,117.5689,'Intergovernmental Panel on Climate Change');
	INSERT INTO csr.std_factor (STD_FACTOR_ID,STD_FACTOR_SET_ID,FACTOR_TYPE_ID,GAS_TYPE_ID,GEO_COUNTRY,GEO_REGION,EGRID_REF,STD_MEASURE_CONVERSION_ID,START_DTM,END_DTM,VALUE,NOTE) VALUES (184263201,20,7157,1,NULL,NULL,NULL,2357,TO_DATE('01-JAN-00','DD-MON-RR'),NULL,0,'Intergovernmental Panel on Climate Change');
	INSERT INTO csr.std_factor (STD_FACTOR_ID,STD_FACTOR_SET_ID,FACTOR_TYPE_ID,GAS_TYPE_ID,GEO_COUNTRY,GEO_REGION,EGRID_REF,STD_MEASURE_CONVERSION_ID,START_DTM,END_DTM,VALUE,NOTE) VALUES (184263202,20,7157,3,NULL,NULL,NULL,2357,TO_DATE('01-JAN-00','DD-MON-RR'),NULL,31.5,'Intergovernmental Panel on Climate Change');
	INSERT INTO csr.std_factor (STD_FACTOR_ID,STD_FACTOR_SET_ID,FACTOR_TYPE_ID,GAS_TYPE_ID,GEO_COUNTRY,GEO_REGION,EGRID_REF,STD_MEASURE_CONVERSION_ID,START_DTM,END_DTM,VALUE,NOTE) VALUES (184263203,20,7157,4,NULL,NULL,NULL,2357,TO_DATE('01-JAN-00','DD-MON-RR'),NULL,576.0952,'Intergovernmental Panel on Climate Change');
	INSERT INTO csr.std_factor (STD_FACTOR_ID,STD_FACTOR_SET_ID,FACTOR_TYPE_ID,GAS_TYPE_ID,GEO_COUNTRY,GEO_REGION,EGRID_REF,STD_MEASURE_CONVERSION_ID,START_DTM,END_DTM,VALUE,NOTE) VALUES (184263204,20,7157,2,NULL,NULL,NULL,2357,TO_DATE('01-JAN-00','DD-MON-RR'),NULL,607.5952,'Intergovernmental Panel on Climate Change');
	INSERT INTO csr.std_factor (STD_FACTOR_ID,STD_FACTOR_SET_ID,FACTOR_TYPE_ID,GAS_TYPE_ID,GEO_COUNTRY,GEO_REGION,EGRID_REF,STD_MEASURE_CONVERSION_ID,START_DTM,END_DTM,VALUE,NOTE) VALUES (184263205,20,7158,1,NULL,NULL,NULL,2357,TO_DATE('01-JAN-00','DD-MON-RR'),NULL,0,'Intergovernmental Panel on Climate Change');
	INSERT INTO csr.std_factor (STD_FACTOR_ID,STD_FACTOR_SET_ID,FACTOR_TYPE_ID,GAS_TYPE_ID,GEO_COUNTRY,GEO_REGION,EGRID_REF,STD_MEASURE_CONVERSION_ID,START_DTM,END_DTM,VALUE,NOTE) VALUES (184263206,20,7158,3,NULL,NULL,NULL,2357,TO_DATE('01-JAN-00','DD-MON-RR'),NULL,21,'Intergovernmental Panel on Climate Change');
	INSERT INTO csr.std_factor (STD_FACTOR_ID,STD_FACTOR_SET_ID,FACTOR_TYPE_ID,GAS_TYPE_ID,GEO_COUNTRY,GEO_REGION,EGRID_REF,STD_MEASURE_CONVERSION_ID,START_DTM,END_DTM,VALUE,NOTE) VALUES (184263207,20,7158,4,NULL,NULL,NULL,2357,TO_DATE('01-JAN-00','DD-MON-RR'),NULL,16.32981,'Intergovernmental Panel on Climate Change');
	INSERT INTO csr.std_factor (STD_FACTOR_ID,STD_FACTOR_SET_ID,FACTOR_TYPE_ID,GAS_TYPE_ID,GEO_COUNTRY,GEO_REGION,EGRID_REF,STD_MEASURE_CONVERSION_ID,START_DTM,END_DTM,VALUE,NOTE) VALUES (184263208,20,7158,2,NULL,NULL,NULL,2357,TO_DATE('01-JAN-00','DD-MON-RR'),NULL,37.32981,'Intergovernmental Panel on Climate Change');
	INSERT INTO csr.std_factor (STD_FACTOR_ID,STD_FACTOR_SET_ID,FACTOR_TYPE_ID,GAS_TYPE_ID,GEO_COUNTRY,GEO_REGION,EGRID_REF,STD_MEASURE_CONVERSION_ID,START_DTM,END_DTM,VALUE,NOTE) VALUES (184263209,20,7159,1,NULL,NULL,NULL,2357,TO_DATE('01-JAN-00','DD-MON-RR'),NULL,0,'Intergovernmental Panel on Climate Change');
	INSERT INTO csr.std_factor (STD_FACTOR_ID,STD_FACTOR_SET_ID,FACTOR_TYPE_ID,GAS_TYPE_ID,GEO_COUNTRY,GEO_REGION,EGRID_REF,STD_MEASURE_CONVERSION_ID,START_DTM,END_DTM,VALUE,NOTE) VALUES (184263210,20,7159,3,NULL,NULL,NULL,2357,TO_DATE('01-JAN-00','DD-MON-RR'),NULL,0,'Intergovernmental Panel on Climate Change');
	INSERT INTO csr.std_factor (STD_FACTOR_ID,STD_FACTOR_SET_ID,FACTOR_TYPE_ID,GAS_TYPE_ID,GEO_COUNTRY,GEO_REGION,EGRID_REF,STD_MEASURE_CONVERSION_ID,START_DTM,END_DTM,VALUE,NOTE) VALUES (184263211,20,7159,4,NULL,NULL,NULL,2357,TO_DATE('01-JAN-00','DD-MON-RR'),NULL,0,'Intergovernmental Panel on Climate Change');
	INSERT INTO csr.std_factor (STD_FACTOR_ID,STD_FACTOR_SET_ID,FACTOR_TYPE_ID,GAS_TYPE_ID,GEO_COUNTRY,GEO_REGION,EGRID_REF,STD_MEASURE_CONVERSION_ID,START_DTM,END_DTM,VALUE,NOTE) VALUES (184263212,20,7159,2,NULL,NULL,NULL,2357,TO_DATE('01-JAN-00','DD-MON-RR'),NULL,0,'Intergovernmental Panel on Climate Change');
	INSERT INTO csr.std_factor (STD_FACTOR_ID,STD_FACTOR_SET_ID,FACTOR_TYPE_ID,GAS_TYPE_ID,GEO_COUNTRY,GEO_REGION,EGRID_REF,STD_MEASURE_CONVERSION_ID,START_DTM,END_DTM,VALUE,NOTE) VALUES (184263213,20,7160,1,NULL,NULL,NULL,2357,TO_DATE('01-JAN-00','DD-MON-RR'),NULL,0,'Intergovernmental Panel on Climate Change');
	INSERT INTO csr.std_factor (STD_FACTOR_ID,STD_FACTOR_SET_ID,FACTOR_TYPE_ID,GAS_TYPE_ID,GEO_COUNTRY,GEO_REGION,EGRID_REF,STD_MEASURE_CONVERSION_ID,START_DTM,END_DTM,VALUE,NOTE) VALUES (184263214,20,7160,3,NULL,NULL,NULL,2357,TO_DATE('01-JAN-00','DD-MON-RR'),NULL,0,'Intergovernmental Panel on Climate Change');
	INSERT INTO csr.std_factor (STD_FACTOR_ID,STD_FACTOR_SET_ID,FACTOR_TYPE_ID,GAS_TYPE_ID,GEO_COUNTRY,GEO_REGION,EGRID_REF,STD_MEASURE_CONVERSION_ID,START_DTM,END_DTM,VALUE,NOTE) VALUES (184263215,20,7160,4,NULL,NULL,NULL,2357,TO_DATE('01-JAN-00','DD-MON-RR'),NULL,4.871428,'Intergovernmental Panel on Climate Change');
	INSERT INTO csr.std_factor (STD_FACTOR_ID,STD_FACTOR_SET_ID,FACTOR_TYPE_ID,GAS_TYPE_ID,GEO_COUNTRY,GEO_REGION,EGRID_REF,STD_MEASURE_CONVERSION_ID,START_DTM,END_DTM,VALUE,NOTE) VALUES (184263216,20,7160,2,NULL,NULL,NULL,2357,TO_DATE('01-JAN-00','DD-MON-RR'),NULL,4.871428,'Intergovernmental Panel on Climate Change');
END;
/

@update_tail
