-- Please update version.sql too -- this keeps clean builds in sync
define version=1211
@update_header

--Drop Tables
DROP TABLE CT.HT_CONSUMPTION_REGION CASCADE CONSTRAINTS;

DROP TABLE CT.HT_CONSUMPTION CASCADE CONSTRAINTS;

DROP TABLE CT.HT_CONSUMPTION_TYPE CASCADE CONSTRAINTS;

DROP TABLE CT.MASS_UNIT CASCADE CONSTRAINTS;

DROP TABLE CT.POWER_UNIT CASCADE CONSTRAINTS;

/* Add table "MASS_UNIT"                                                  */
CREATE TABLE CT.MASS_UNIT (
    MASS_UNIT_ID NUMBER(10) NOT NULL,
    DESCRIPTION VARCHAR2(100) NOT NULL,
    SYMBOL VARCHAR2(40) NOT NULL,
    CONVERSION_TO_KG NUMBER(20,10) NOT NULL,
    CONSTRAINT PK_MASS PRIMARY KEY (MASS_UNIT_ID)
);
ALTER TABLE CT.MASS_UNIT ADD
    CHECK (CONVERSION_TO_KG > 0);


/* Add table "POWER_UNIT"                                                 */
CREATE TABLE CT.POWER_UNIT (
    POWER_UNIT_ID NUMBER(10) NOT NULL,
    DESCRIPTION VARCHAR2(100) NOT NULL,
    SYMBOL VARCHAR2(40) NOT NULL,
    CONVERSION_TO_WATT NUMBER(20,10) NOT NULL,
    CONSTRAINT PK_PWR PRIMARY KEY (POWER_UNIT_ID)
);
ALTER TABLE CT.POWER_UNIT ADD CONSTRAINT CC_PWR_CONV_TO_WATT 
    CHECK (CONVERSION_TO_WATT > 0);


/* Add table "HT_CONSUMPTION_CATEGORY"                                    */
CREATE TABLE CT.HT_CONSUMPTION_CATEGORY (
    HT_CONSUMPTION_CATEGORY_ID NUMBER(10) NOT NULL,
    DESCRIPTION VARCHAR2(100) NOT NULL,
    CONSTRAINT PK_HT_CONS_CAT PRIMARY KEY (HT_CONSUMPTION_CATEGORY_ID)
);


/* Add table "HT_CONSUMPTION_TYPE"                                        */
CREATE TABLE CT.HT_CONSUMPTION_TYPE (
    HT_CONSUMPTION_TYPE_ID NUMBER(10) NOT NULL,
    HT_CONSUMPTION_CATEGORY_ID NUMBER(10) NOT NULL,
    DESCRIPTION VARCHAR2(100) NOT NULL,
    CONSTRAINT PK_HT_CONS_TYPE PRIMARY KEY (HT_CONSUMPTION_TYPE_ID, HT_CONSUMPTION_CATEGORY_ID)
);


/* Add table "HT_CONSUMPTION_TYPE_MASS_UNIT"                              */
CREATE TABLE CT.HT_CONSUMPTION_TYPE_MASS_UNIT (
    HT_CONSUMPTION_TYPE_ID NUMBER(10) NOT NULL,
    HT_CONSUMPTION_CATEGORY_ID NUMBER(10) NOT NULL,
    MASS_UNIT_ID NUMBER(10) NOT NULL,
    CO2_FACTOR NUMBER(30,20) NOT NULL,
    CONSTRAINT PK_HT_CONS_TYP_MASS PRIMARY KEY (HT_CONSUMPTION_TYPE_ID, HT_CONSUMPTION_CATEGORY_ID, MASS_UNIT_ID)
);

ALTER TABLE CT.HT_CONSUMPTION_TYPE_MASS_UNIT ADD CONSTRAINT CC_CONS_TYP_MASS_CO2_FACTOR 
    CHECK (CO2_FACTOR>=0);


/* Add table "HT_CONSUMPTION_TYPE_POWER_UNIT"                             */
CREATE TABLE CT.HT_CONSUMPTION_TYPE_POWER_UNIT (
    HT_CONSUMPTION_TYPE_ID NUMBER(10) NOT NULL,
    HT_CONSUMPTION_CATEGORY_ID NUMBER(10) NOT NULL,
    POWER_UNIT_ID NUMBER(10) NOT NULL,
    CO2_FACTOR NUMBER(30,20) NOT NULL,
    CONSTRAINT PK_HT_CONS_TYPE_PWR PRIMARY KEY (HT_CONSUMPTION_TYPE_ID, HT_CONSUMPTION_CATEGORY_ID, POWER_UNIT_ID)
);

ALTER TABLE CT.HT_CONSUMPTION_TYPE_POWER_UNIT ADD CONSTRAINT CC_CONS_TYP_PWR_CO2_FACTOR 
    CHECK (CO2_FACTOR>=0);


/* Add table "HT_CONSUMPTION_TYPE_VOL_UNIT"                               */
CREATE TABLE CT.HT_CONSUMPTION_TYPE_VOL_UNIT (
    HT_CONSUMPTION_TYPE_ID NUMBER(10) NOT NULL,
    HT_CONSUMPTION_CATEGORY_ID NUMBER(10) NOT NULL,
    VOLUME_UNIT_ID NUMBER(10) NOT NULL,
    CO2_FACTOR NUMBER(30,20) NOT NULL,
    CONSTRAINT PK_HT_CONS_TYPE_VOL PRIMARY KEY (HT_CONSUMPTION_TYPE_ID, HT_CONSUMPTION_CATEGORY_ID, VOLUME_UNIT_ID)
);

ALTER TABLE CT.HT_CONSUMPTION_TYPE_VOL_UNIT ADD CONSTRAINT CC_CONS_TYP_VOL_CO2_FACTOR 
    CHECK (CO2_FACTOR>=0);


/* Add table "HT_CONSUMPTION"                                             */
CREATE TABLE CT.HT_CONSUMPTION (
    APP_SID NUMBER(10) NOT NULL,
    COMPANY_SID NUMBER(10) NOT NULL,
    HT_CONSUMPTION_TYPE_ID NUMBER(10) NOT NULL,
    HT_CONSUMPTION_CATEGORY_ID NUMBER(10) NOT NULL,
	MASS_UNIT_ID NUMBER(10),
    POWER_UNIT_ID NUMBER(10),
    VOLUME_UNIT_ID NUMBER(10),
    AMOUNT NUMBER(20,10) NOT NULL,
    CONSTRAINT PK_HT_CONS PRIMARY KEY (APP_SID, COMPANY_SID, HT_CONSUMPTION_TYPE_ID, HT_CONSUMPTION_CATEGORY_ID),
	CONSTRAINT TCC_MASS_PWR_VOL CHECK ((MASS_UNIT_ID IS NOT NULL AND POWER_UNIT_ID IS NULL AND VOLUME_UNIT_ID IS NULL) OR (MASS_UNIT_ID IS NULL AND POWER_UNIT_ID IS NOT NULL AND VOLUME_UNIT_ID IS NULL) OR (MASS_UNIT_ID IS NULL AND POWER_UNIT_ID IS NULL AND VOLUME_UNIT_ID IS NOT NULL))
);
    
    
/* Add table "HT_CONSUMPTION_REGION"                                      */
CREATE TABLE CT.HT_CONSUMPTION_REGION (
    APP_SID NUMBER(10) NOT NULL,
    COMPANY_SID NUMBER(10) NOT NULL,
    HT_CONSUMPTION_TYPE_ID NUMBER(10) NOT NULL,
    REGION_ID NUMBER(10) NOT NULL,
    HT_CONSUMPTION_CATEGORY_ID NUMBER(10) NOT NULL,
    PCT NUMBER(20,17),
    CONSTRAINT PK_HT_CONS_RG PRIMARY KEY (APP_SID, COMPANY_SID, HT_CONSUMPTION_TYPE_ID, REGION_ID, HT_CONSUMPTION_CATEGORY_ID)
);
ALTER TABLE CT.HT_CONSUMPTION_REGION ADD CONSTRAINT CC_PCT 
    CHECK (PCT>=0 AND PCT<=100);
    
    
--Constraints    
ALTER TABLE CT.HT_CONSUMPTION_TYPE ADD CONSTRAINT HT_CONS_CAT_HT_CONS_TYPE 
    FOREIGN KEY (HT_CONSUMPTION_CATEGORY_ID) REFERENCES CT.HT_CONSUMPTION_CATEGORY (HT_CONSUMPTION_CATEGORY_ID);

ALTER TABLE CT.HT_CONSUMPTION_REGION ADD CONSTRAINT REGION_HT_CONS_RG 
    FOREIGN KEY (REGION_ID) REFERENCES CT.REGION (REGION_ID);

ALTER TABLE CT.HT_CONSUMPTION_REGION ADD CONSTRAINT HT_CONS_HT_CONS_RG 
    FOREIGN KEY (APP_SID, COMPANY_SID, HT_CONSUMPTION_TYPE_ID, HT_CONSUMPTION_CATEGORY_ID) REFERENCES CT.HT_CONSUMPTION (APP_SID,COMPANY_SID,HT_CONSUMPTION_TYPE_ID,HT_CONSUMPTION_CATEGORY_ID);

ALTER TABLE CT.HT_CONSUMPTION ADD CONSTRAINT COMPANY_HT_CONS 
    FOREIGN KEY (APP_SID, COMPANY_SID) REFERENCES CT.COMPANY (APP_SID,COMPANY_SID);

ALTER TABLE CT.HT_CONSUMPTION ADD CONSTRAINT HT_CONS_TYPE_HT_CONS 
    FOREIGN KEY (HT_CONSUMPTION_TYPE_ID, HT_CONSUMPTION_CATEGORY_ID) REFERENCES CT.HT_CONSUMPTION_TYPE (HT_CONSUMPTION_TYPE_ID,HT_CONSUMPTION_CATEGORY_ID);

ALTER TABLE CT.HT_CONSUMPTION_TYPE_MASS_UNIT ADD CONSTRAINT HT_CONS_TYPE_MASS_UNIT 
    FOREIGN KEY (HT_CONSUMPTION_TYPE_ID, HT_CONSUMPTION_CATEGORY_ID) REFERENCES CT.HT_CONSUMPTION_TYPE (HT_CONSUMPTION_TYPE_ID,HT_CONSUMPTION_CATEGORY_ID);

ALTER TABLE CT.HT_CONSUMPTION_TYPE_MASS_UNIT ADD CONSTRAINT MASS_HT_CONS_TYP_MASS 
    FOREIGN KEY (MASS_UNIT_ID) REFERENCES CT.MASS_UNIT (MASS_UNIT_ID);

ALTER TABLE CT.HT_CONSUMPTION_TYPE_POWER_UNIT ADD CONSTRAINT HT_CONS_TYPE_PWR_UNIT 
    FOREIGN KEY (HT_CONSUMPTION_TYPE_ID, HT_CONSUMPTION_CATEGORY_ID) REFERENCES CT.HT_CONSUMPTION_TYPE (HT_CONSUMPTION_TYPE_ID,HT_CONSUMPTION_CATEGORY_ID);

ALTER TABLE CT.HT_CONSUMPTION_TYPE_POWER_UNIT ADD CONSTRAINT PWR_HT_CONS_TYPE_PWR 
    FOREIGN KEY (POWER_UNIT_ID) REFERENCES CT.POWER_UNIT (POWER_UNIT_ID);

ALTER TABLE CT.HT_CONSUMPTION_TYPE_VOL_UNIT ADD CONSTRAINT HT_CONS_TYPE_VOL_UNIT 
    FOREIGN KEY (HT_CONSUMPTION_TYPE_ID, HT_CONSUMPTION_CATEGORY_ID) REFERENCES CT.HT_CONSUMPTION_TYPE (HT_CONSUMPTION_TYPE_ID,HT_CONSUMPTION_CATEGORY_ID);

ALTER TABLE CT.HT_CONSUMPTION_TYPE_VOL_UNIT ADD CONSTRAINT VOLUME_UNIT_HT_CONS_TYPE_VOL 
    FOREIGN KEY (VOLUME_UNIT_ID) REFERENCES CT.VOLUME_UNIT (VOLUME_UNIT_ID);
	
ALTER TABLE CT.HT_CONSUMPTION ADD CONSTRAINT MASS_HT_CONS 
    FOREIGN KEY (MASS_UNIT_ID) REFERENCES CT.MASS_UNIT (MASS_UNIT_ID);

ALTER TABLE CT.HT_CONSUMPTION ADD CONSTRAINT PWR_HT_CONS 
    FOREIGN KEY (POWER_UNIT_ID) REFERENCES CT.POWER_UNIT (POWER_UNIT_ID);

ALTER TABLE CT.HT_CONSUMPTION ADD CONSTRAINT VOLUME_UNIT_HT_CONS 
    FOREIGN KEY (VOLUME_UNIT_ID) REFERENCES CT.VOLUME_UNIT (VOLUME_UNIT_ID);

BEGIN
	--Insert Default Values
	INSERT INTO CT.HT_CONSUMPTION_CATEGORY(HT_CONSUMPTION_CATEGORY_ID,DESCRIPTION)VALUES(1, 'FUEL');
	INSERT INTO CT.HT_CONSUMPTION_CATEGORY(HT_CONSUMPTION_CATEGORY_ID,DESCRIPTION)VALUES(2, 'PROCESS FUGITIVE');

	--FUELS
	INSERT INTO CT.HT_CONSUMPTION_TYPE (HT_CONSUMPTION_TYPE_ID, HT_CONSUMPTION_CATEGORY_ID,DESCRIPTION)VALUES(1,1, 'Aviation Turbine Fuel');
	INSERT INTO CT.HT_CONSUMPTION_TYPE (HT_CONSUMPTION_TYPE_ID, HT_CONSUMPTION_CATEGORY_ID,DESCRIPTION)VALUES(2,1, 'Biofuels');
	INSERT INTO CT.HT_CONSUMPTION_TYPE (HT_CONSUMPTION_TYPE_ID, HT_CONSUMPTION_CATEGORY_ID,DESCRIPTION)VALUES(3,1, 'Coal (electricity generation)');
	INSERT INTO CT.HT_CONSUMPTION_TYPE (HT_CONSUMPTION_TYPE_ID, HT_CONSUMPTION_CATEGORY_ID,DESCRIPTION)VALUES(4,1, 'Coal (industrial)');
	INSERT INTO CT.HT_CONSUMPTION_TYPE (HT_CONSUMPTION_TYPE_ID, HT_CONSUMPTION_CATEGORY_ID,DESCRIPTION)VALUES(5,1, 'Diesel');
	INSERT INTO CT.HT_CONSUMPTION_TYPE (HT_CONSUMPTION_TYPE_ID, HT_CONSUMPTION_CATEGORY_ID,DESCRIPTION)VALUES(6,1, 'Fuel Oil');
	INSERT INTO CT.HT_CONSUMPTION_TYPE (HT_CONSUMPTION_TYPE_ID, HT_CONSUMPTION_CATEGORY_ID,DESCRIPTION)VALUES(7,1, 'Gas Oil');
	INSERT INTO CT.HT_CONSUMPTION_TYPE (HT_CONSUMPTION_TYPE_ID, HT_CONSUMPTION_CATEGORY_ID,DESCRIPTION)VALUES(8,1, 'Liquified Natural Gas (LNG)');
	INSERT INTO CT.HT_CONSUMPTION_TYPE (HT_CONSUMPTION_TYPE_ID, HT_CONSUMPTION_CATEGORY_ID,DESCRIPTION)VALUES(9,1, 'Liquified Petroleum Gas (LPG)');
	INSERT INTO CT.HT_CONSUMPTION_TYPE (HT_CONSUMPTION_TYPE_ID, HT_CONSUMPTION_CATEGORY_ID,DESCRIPTION)VALUES(10,1, 'Natural Gas');
	INSERT INTO CT.HT_CONSUMPTION_TYPE (HT_CONSUMPTION_TYPE_ID, HT_CONSUMPTION_CATEGORY_ID,DESCRIPTION)VALUES(11,1, 'Petrol');
	  
	--FUGITIVES  
	INSERT INTO CT.HT_CONSUMPTION_TYPE (HT_CONSUMPTION_TYPE_ID, HT_CONSUMPTION_CATEGORY_ID,DESCRIPTION)VALUES(1,2, 'Carbon Dioxide');
	INSERT INTO CT.HT_CONSUMPTION_TYPE (HT_CONSUMPTION_TYPE_ID, HT_CONSUMPTION_CATEGORY_ID,DESCRIPTION)VALUES(2,2, 'Methane');
	INSERT INTO CT.HT_CONSUMPTION_TYPE (HT_CONSUMPTION_TYPE_ID, HT_CONSUMPTION_CATEGORY_ID,DESCRIPTION)VALUES(3,2, 'Nitrous Oxide');
	INSERT INTO CT.HT_CONSUMPTION_TYPE (HT_CONSUMPTION_TYPE_ID, HT_CONSUMPTION_CATEGORY_ID,DESCRIPTION)VALUES(4,2, 'HFC-23');
	INSERT INTO CT.HT_CONSUMPTION_TYPE (HT_CONSUMPTION_TYPE_ID, HT_CONSUMPTION_CATEGORY_ID,DESCRIPTION)VALUES(5,2, 'HFC-32');
	INSERT INTO CT.HT_CONSUMPTION_TYPE (HT_CONSUMPTION_TYPE_ID, HT_CONSUMPTION_CATEGORY_ID,DESCRIPTION)VALUES(6,2, 'HFC-41');
	INSERT INTO CT.HT_CONSUMPTION_TYPE (HT_CONSUMPTION_TYPE_ID, HT_CONSUMPTION_CATEGORY_ID,DESCRIPTION)VALUES(7,2, 'HFC-125');
	INSERT INTO CT.HT_CONSUMPTION_TYPE (HT_CONSUMPTION_TYPE_ID, HT_CONSUMPTION_CATEGORY_ID,DESCRIPTION)VALUES(8,2, 'HFC-134');
	INSERT INTO CT.HT_CONSUMPTION_TYPE (HT_CONSUMPTION_TYPE_ID, HT_CONSUMPTION_CATEGORY_ID,DESCRIPTION)VALUES(9,2, 'HFC-134a');
	INSERT INTO CT.HT_CONSUMPTION_TYPE (HT_CONSUMPTION_TYPE_ID, HT_CONSUMPTION_CATEGORY_ID,DESCRIPTION)VALUES(10,2, 'HFC-143');
	INSERT INTO CT.HT_CONSUMPTION_TYPE (HT_CONSUMPTION_TYPE_ID, HT_CONSUMPTION_CATEGORY_ID,DESCRIPTION)VALUES(11,2, 'HFC-143a');
	INSERT INTO CT.HT_CONSUMPTION_TYPE (HT_CONSUMPTION_TYPE_ID, HT_CONSUMPTION_CATEGORY_ID,DESCRIPTION)VALUES(12,2, 'HFC-152a');
	INSERT INTO CT.HT_CONSUMPTION_TYPE (HT_CONSUMPTION_TYPE_ID, HT_CONSUMPTION_CATEGORY_ID,DESCRIPTION)VALUES(13,2, 'HFC-227ea');
	INSERT INTO CT.HT_CONSUMPTION_TYPE (HT_CONSUMPTION_TYPE_ID, HT_CONSUMPTION_CATEGORY_ID,DESCRIPTION)VALUES(14,2, 'HFC-236fa');
	INSERT INTO CT.HT_CONSUMPTION_TYPE (HT_CONSUMPTION_TYPE_ID, HT_CONSUMPTION_CATEGORY_ID,DESCRIPTION)VALUES(15,2, 'HFC-245fa');
	INSERT INTO CT.HT_CONSUMPTION_TYPE (HT_CONSUMPTION_TYPE_ID, HT_CONSUMPTION_CATEGORY_ID,DESCRIPTION)VALUES(16,2, 'HFC-43-I0mee');
	INSERT INTO CT.HT_CONSUMPTION_TYPE (HT_CONSUMPTION_TYPE_ID, HT_CONSUMPTION_CATEGORY_ID,DESCRIPTION)VALUES(17,2, 'Perfluoromethane (PFC-14)');
	INSERT INTO CT.HT_CONSUMPTION_TYPE (HT_CONSUMPTION_TYPE_ID, HT_CONSUMPTION_CATEGORY_ID,DESCRIPTION)VALUES(18,2, 'Perfluoroethane (PFC-116)');
	INSERT INTO CT.HT_CONSUMPTION_TYPE (HT_CONSUMPTION_TYPE_ID, HT_CONSUMPTION_CATEGORY_ID,DESCRIPTION)VALUES(19,2, 'Perfluoropropane (PFC-218)');
	INSERT INTO CT.HT_CONSUMPTION_TYPE (HT_CONSUMPTION_TYPE_ID, HT_CONSUMPTION_CATEGORY_ID,DESCRIPTION)VALUES(20,2, 'Perfluorocyclobutane (PFC-318)');
	INSERT INTO CT.HT_CONSUMPTION_TYPE (HT_CONSUMPTION_TYPE_ID, HT_CONSUMPTION_CATEGORY_ID,DESCRIPTION)VALUES(21,2, 'Perfluorobutane (PFC-3-1-10)');
	INSERT INTO CT.HT_CONSUMPTION_TYPE (HT_CONSUMPTION_TYPE_ID, HT_CONSUMPTION_CATEGORY_ID,DESCRIPTION)VALUES(22,2, 'Perfluoropentane (PFC-4-1-12)');
	INSERT INTO CT.HT_CONSUMPTION_TYPE (HT_CONSUMPTION_TYPE_ID, HT_CONSUMPTION_CATEGORY_ID,DESCRIPTION)VALUES(23,2, 'Perfluorohexane (PFC-5-1-14)');
	INSERT INTO CT.HT_CONSUMPTION_TYPE (HT_CONSUMPTION_TYPE_ID, HT_CONSUMPTION_CATEGORY_ID,DESCRIPTION)VALUES(24,2, 'Sulphur hexafluoride');
	INSERT INTO CT.HT_CONSUMPTION_TYPE (HT_CONSUMPTION_TYPE_ID, HT_CONSUMPTION_CATEGORY_ID,DESCRIPTION)VALUES(25,2, 'R404A');
	INSERT INTO CT.HT_CONSUMPTION_TYPE (HT_CONSUMPTION_TYPE_ID, HT_CONSUMPTION_CATEGORY_ID,DESCRIPTION)VALUES(26,2, 'R407A');
	INSERT INTO CT.HT_CONSUMPTION_TYPE (HT_CONSUMPTION_TYPE_ID, HT_CONSUMPTION_CATEGORY_ID,DESCRIPTION)VALUES(27,2, 'R407C');
	INSERT INTO CT.HT_CONSUMPTION_TYPE (HT_CONSUMPTION_TYPE_ID, HT_CONSUMPTION_CATEGORY_ID,DESCRIPTION)VALUES(28,2, 'R407F');
	INSERT INTO CT.HT_CONSUMPTION_TYPE (HT_CONSUMPTION_TYPE_ID, HT_CONSUMPTION_CATEGORY_ID,DESCRIPTION)VALUES(29,2, 'R408A');
	INSERT INTO CT.HT_CONSUMPTION_TYPE (HT_CONSUMPTION_TYPE_ID, HT_CONSUMPTION_CATEGORY_ID,DESCRIPTION)VALUES(30,2, 'R410A');
	INSERT INTO CT.HT_CONSUMPTION_TYPE (HT_CONSUMPTION_TYPE_ID, HT_CONSUMPTION_CATEGORY_ID,DESCRIPTION)VALUES(31,2, 'R507');
	INSERT INTO CT.HT_CONSUMPTION_TYPE (HT_CONSUMPTION_TYPE_ID, HT_CONSUMPTION_CATEGORY_ID,DESCRIPTION)VALUES(32,2, 'R508B');
END;
/

BEGIN
	-- volumes -- COMMON 
	BEGIN
	   INSERT INTO ct.volume_unit (volume_unit_id, description, symbol, conversion_to_litres) VALUES (1, 'Litre', 'l' ,1);
	EXCEPTION
		WHEN DUP_VAL_ON_INDEX THEN
			NULL;
	END;
	BEGIN
	   INSERT INTO ct.volume_unit (volume_unit_id, description, symbol, conversion_to_litres) VALUES (2, 'US Gallon', 'Gallon (US)', 0.264172053);
	EXCEPTION
		WHEN DUP_VAL_ON_INDEX THEN
			NULL;
	END;
	BEGIN
	   INSERT INTO ct.volume_unit (volume_unit_id, description, symbol, conversion_to_litres) VALUES (3, 'Imperial gallon', 'Gallon (imp)', 0.219969157);
	EXCEPTION
		WHEN DUP_VAL_ON_INDEX THEN
			NULL;
	END;
END;
/

BEGIN
	-- powers -- COMMON 
	BEGIN
	   INSERT INTO ct.power_unit (power_unit_id, description, symbol, conversion_to_watt) VALUES (1, 'Watt', 'W' ,1);
	EXCEPTION
		WHEN DUP_VAL_ON_INDEX THEN
			NULL;
	END;
	BEGIN
	   INSERT INTO ct.power_unit (power_unit_id, description, symbol, conversion_to_watt) VALUES (2, 'Kilowatt', 'kW', 1000);
	EXCEPTION
		WHEN DUP_VAL_ON_INDEX THEN
			NULL;
	END;
	BEGIN
	   INSERT INTO ct.power_unit (power_unit_id, description, symbol, conversion_to_watt) VALUES (3, 'Megawatt', 'MW', 1000000);
	EXCEPTION
		WHEN DUP_VAL_ON_INDEX THEN
			NULL;
	END;
END;
/

BEGIN
	-- masses -- COMMON 
	BEGIN
	   INSERT INTO ct.mass_unit (mass_unit_id, description, symbol, conversion_to_kg) VALUES (1, 'Kilogram', 'kg' ,1);
	EXCEPTION
		WHEN DUP_VAL_ON_INDEX THEN
			NULL;
	END;
	BEGIN
	   INSERT INTO ct.mass_unit (mass_unit_id, description, symbol, conversion_to_kg) VALUES (2, 'Pound', 'lb', 0.45359237);
	EXCEPTION
		WHEN DUP_VAL_ON_INDEX THEN
			NULL;
	END;
	BEGIN
	   INSERT INTO ct.mass_unit (mass_unit_id, description, symbol, conversion_to_kg) VALUES (3, 'Metric tonne', 't', 1000);
	EXCEPTION
		WHEN DUP_VAL_ON_INDEX THEN
			NULL;
	END;
	BEGIN
	   INSERT INTO ct.mass_unit (mass_unit_id, description, symbol, conversion_to_kg) VALUES (4, 'UK ton', 'long ton', 1016.047 );
	EXCEPTION
		WHEN DUP_VAL_ON_INDEX THEN
			NULL;
	END;
	BEGIN
	   INSERT INTO ct.mass_unit (mass_unit_id, description, symbol, conversion_to_kg) VALUES (5, 'US ton', 'short ton', 907.18474 );
	EXCEPTION
		WHEN DUP_VAL_ON_INDEX THEN
			NULL;
	END;
END;
/

BEGIN
	--consumption types volume units - hotspot.sql
	INSERT INTO CT.HT_CONSUMPTION_TYPE_VOL_UNIT (HT_CONSUMPTION_TYPE_ID, HT_CONSUMPTION_CATEGORY_ID,VOLUME_UNIT_ID,CO2_FACTOR) VALUES(1, 1, 1, 2.5519);
	INSERT INTO CT.HT_CONSUMPTION_TYPE_VOL_UNIT (HT_CONSUMPTION_TYPE_ID, HT_CONSUMPTION_CATEGORY_ID,VOLUME_UNIT_ID,CO2_FACTOR) VALUES(2, 1, 1, 0);    
	INSERT INTO CT.HT_CONSUMPTION_TYPE_VOL_UNIT (HT_CONSUMPTION_TYPE_ID, HT_CONSUMPTION_CATEGORY_ID,VOLUME_UNIT_ID,CO2_FACTOR) VALUES(5, 1, 1, 2.6769);    
	INSERT INTO CT.HT_CONSUMPTION_TYPE_VOL_UNIT (HT_CONSUMPTION_TYPE_ID, HT_CONSUMPTION_CATEGORY_ID,VOLUME_UNIT_ID,CO2_FACTOR) VALUES(7, 1, 1, 3.0213);    
	INSERT INTO CT.HT_CONSUMPTION_TYPE_VOL_UNIT (HT_CONSUMPTION_TYPE_ID, HT_CONSUMPTION_CATEGORY_ID,VOLUME_UNIT_ID,CO2_FACTOR) VALUES(8, 1, 1, 1.2328);    
	INSERT INTO CT.HT_CONSUMPTION_TYPE_VOL_UNIT (HT_CONSUMPTION_TYPE_ID, HT_CONSUMPTION_CATEGORY_ID,VOLUME_UNIT_ID,CO2_FACTOR) VALUES(9, 1, 1, 1.5326);    
	INSERT INTO CT.HT_CONSUMPTION_TYPE_VOL_UNIT (HT_CONSUMPTION_TYPE_ID, HT_CONSUMPTION_CATEGORY_ID,VOLUME_UNIT_ID,CO2_FACTOR) VALUES(10, 1, 1, 2.0322);    
	INSERT INTO CT.HT_CONSUMPTION_TYPE_VOL_UNIT (HT_CONSUMPTION_TYPE_ID, HT_CONSUMPTION_CATEGORY_ID,VOLUME_UNIT_ID,CO2_FACTOR) VALUES(11, 1, 1, 2.3144);    

	--consumption types mass units - hotspot.sql
	  --fuels
	INSERT INTO CT.HT_CONSUMPTION_TYPE_MASS_UNIT (HT_CONSUMPTION_TYPE_ID, HT_CONSUMPTION_CATEGORY_ID,MASS_UNIT_ID,CO2_FACTOR) VALUES(1, 1, 3, 3182.3);
	INSERT INTO CT.HT_CONSUMPTION_TYPE_MASS_UNIT (HT_CONSUMPTION_TYPE_ID, HT_CONSUMPTION_CATEGORY_ID,MASS_UNIT_ID,CO2_FACTOR) VALUES(2, 1, 3, 0);
	INSERT INTO CT.HT_CONSUMPTION_TYPE_MASS_UNIT (HT_CONSUMPTION_TYPE_ID, HT_CONSUMPTION_CATEGORY_ID,MASS_UNIT_ID,CO2_FACTOR) VALUES(3, 1, 3, 2258.2);
	INSERT INTO CT.HT_CONSUMPTION_TYPE_MASS_UNIT (HT_CONSUMPTION_TYPE_ID, HT_CONSUMPTION_CATEGORY_ID,MASS_UNIT_ID,CO2_FACTOR) VALUES(4, 1, 3, 2183.8);
	INSERT INTO CT.HT_CONSUMPTION_TYPE_MASS_UNIT (HT_CONSUMPTION_TYPE_ID, HT_CONSUMPTION_CATEGORY_ID,MASS_UNIT_ID,CO2_FACTOR) VALUES(5, 1, 3, 3188.2);
	INSERT INTO CT.HT_CONSUMPTION_TYPE_MASS_UNIT (HT_CONSUMPTION_TYPE_ID, HT_CONSUMPTION_CATEGORY_ID,MASS_UNIT_ID,CO2_FACTOR) VALUES(6, 1, 3, 3228.1);
	INSERT INTO CT.HT_CONSUMPTION_TYPE_MASS_UNIT (HT_CONSUMPTION_TYPE_ID, HT_CONSUMPTION_CATEGORY_ID,MASS_UNIT_ID,CO2_FACTOR) VALUES(7, 1, 3, 3492.6);
	INSERT INTO CT.HT_CONSUMPTION_TYPE_MASS_UNIT (HT_CONSUMPTION_TYPE_ID, HT_CONSUMPTION_CATEGORY_ID,MASS_UNIT_ID,CO2_FACTOR) VALUES(8, 1, 3, 2724.4);
	INSERT INTO CT.HT_CONSUMPTION_TYPE_MASS_UNIT (HT_CONSUMPTION_TYPE_ID, HT_CONSUMPTION_CATEGORY_ID,MASS_UNIT_ID,CO2_FACTOR) VALUES(11, 1, 3, 3147.6);

	  --fugitives
	INSERT INTO CT.HT_CONSUMPTION_TYPE_MASS_UNIT (HT_CONSUMPTION_TYPE_ID, HT_CONSUMPTION_CATEGORY_ID,MASS_UNIT_ID,CO2_FACTOR) VALUES(1, 2, 1, 1);
	INSERT INTO CT.HT_CONSUMPTION_TYPE_MASS_UNIT (HT_CONSUMPTION_TYPE_ID, HT_CONSUMPTION_CATEGORY_ID,MASS_UNIT_ID,CO2_FACTOR) VALUES(2, 2, 1, 21);
	INSERT INTO CT.HT_CONSUMPTION_TYPE_MASS_UNIT (HT_CONSUMPTION_TYPE_ID, HT_CONSUMPTION_CATEGORY_ID,MASS_UNIT_ID,CO2_FACTOR) VALUES(3, 2, 1, 310);
	INSERT INTO CT.HT_CONSUMPTION_TYPE_MASS_UNIT (HT_CONSUMPTION_TYPE_ID, HT_CONSUMPTION_CATEGORY_ID,MASS_UNIT_ID,CO2_FACTOR) VALUES(4, 2, 1, 11700);
	INSERT INTO CT.HT_CONSUMPTION_TYPE_MASS_UNIT (HT_CONSUMPTION_TYPE_ID, HT_CONSUMPTION_CATEGORY_ID,MASS_UNIT_ID,CO2_FACTOR) VALUES(5, 2, 1, 650);
	INSERT INTO CT.HT_CONSUMPTION_TYPE_MASS_UNIT (HT_CONSUMPTION_TYPE_ID, HT_CONSUMPTION_CATEGORY_ID,MASS_UNIT_ID,CO2_FACTOR) VALUES(6, 2, 1, 150);
	INSERT INTO CT.HT_CONSUMPTION_TYPE_MASS_UNIT (HT_CONSUMPTION_TYPE_ID, HT_CONSUMPTION_CATEGORY_ID,MASS_UNIT_ID,CO2_FACTOR) VALUES(7, 2, 1, 2800);
	INSERT INTO CT.HT_CONSUMPTION_TYPE_MASS_UNIT (HT_CONSUMPTION_TYPE_ID, HT_CONSUMPTION_CATEGORY_ID,MASS_UNIT_ID,CO2_FACTOR) VALUES(8, 2, 1, 1000);
	INSERT INTO CT.HT_CONSUMPTION_TYPE_MASS_UNIT (HT_CONSUMPTION_TYPE_ID, HT_CONSUMPTION_CATEGORY_ID,MASS_UNIT_ID,CO2_FACTOR) VALUES(9, 2, 1, 1300);
	INSERT INTO CT.HT_CONSUMPTION_TYPE_MASS_UNIT (HT_CONSUMPTION_TYPE_ID, HT_CONSUMPTION_CATEGORY_ID,MASS_UNIT_ID,CO2_FACTOR) VALUES(10, 2, 1, 300);
	INSERT INTO CT.HT_CONSUMPTION_TYPE_MASS_UNIT (HT_CONSUMPTION_TYPE_ID, HT_CONSUMPTION_CATEGORY_ID,MASS_UNIT_ID,CO2_FACTOR) VALUES(11, 2, 1, 3800);
	INSERT INTO CT.HT_CONSUMPTION_TYPE_MASS_UNIT (HT_CONSUMPTION_TYPE_ID, HT_CONSUMPTION_CATEGORY_ID,MASS_UNIT_ID,CO2_FACTOR) VALUES(12, 2, 1, 140);
	INSERT INTO CT.HT_CONSUMPTION_TYPE_MASS_UNIT (HT_CONSUMPTION_TYPE_ID, HT_CONSUMPTION_CATEGORY_ID,MASS_UNIT_ID,CO2_FACTOR) VALUES(13, 2, 1, 2900);
	INSERT INTO CT.HT_CONSUMPTION_TYPE_MASS_UNIT (HT_CONSUMPTION_TYPE_ID, HT_CONSUMPTION_CATEGORY_ID,MASS_UNIT_ID,CO2_FACTOR) VALUES(14, 2, 1, 6300);
	INSERT INTO CT.HT_CONSUMPTION_TYPE_MASS_UNIT (HT_CONSUMPTION_TYPE_ID, HT_CONSUMPTION_CATEGORY_ID,MASS_UNIT_ID,CO2_FACTOR) VALUES(15, 2, 1, 560);
	INSERT INTO CT.HT_CONSUMPTION_TYPE_MASS_UNIT (HT_CONSUMPTION_TYPE_ID, HT_CONSUMPTION_CATEGORY_ID,MASS_UNIT_ID,CO2_FACTOR) VALUES(16, 2, 1, 1300);
	INSERT INTO CT.HT_CONSUMPTION_TYPE_MASS_UNIT (HT_CONSUMPTION_TYPE_ID, HT_CONSUMPTION_CATEGORY_ID,MASS_UNIT_ID,CO2_FACTOR) VALUES(17, 2, 1, 6500);
	INSERT INTO CT.HT_CONSUMPTION_TYPE_MASS_UNIT (HT_CONSUMPTION_TYPE_ID, HT_CONSUMPTION_CATEGORY_ID,MASS_UNIT_ID,CO2_FACTOR) VALUES(18, 2, 1, 9200);
	INSERT INTO CT.HT_CONSUMPTION_TYPE_MASS_UNIT (HT_CONSUMPTION_TYPE_ID, HT_CONSUMPTION_CATEGORY_ID,MASS_UNIT_ID,CO2_FACTOR) VALUES(19, 2, 1, 7000);
	INSERT INTO CT.HT_CONSUMPTION_TYPE_MASS_UNIT (HT_CONSUMPTION_TYPE_ID, HT_CONSUMPTION_CATEGORY_ID,MASS_UNIT_ID,CO2_FACTOR) VALUES(20, 2, 1, 8700);
	INSERT INTO CT.HT_CONSUMPTION_TYPE_MASS_UNIT (HT_CONSUMPTION_TYPE_ID, HT_CONSUMPTION_CATEGORY_ID,MASS_UNIT_ID,CO2_FACTOR) VALUES(21, 2, 1, 7000);
	INSERT INTO CT.HT_CONSUMPTION_TYPE_MASS_UNIT (HT_CONSUMPTION_TYPE_ID, HT_CONSUMPTION_CATEGORY_ID,MASS_UNIT_ID,CO2_FACTOR) VALUES(22, 2, 1, 7500);
	INSERT INTO CT.HT_CONSUMPTION_TYPE_MASS_UNIT (HT_CONSUMPTION_TYPE_ID, HT_CONSUMPTION_CATEGORY_ID,MASS_UNIT_ID,CO2_FACTOR) VALUES(23, 2, 1, 7400);
	INSERT INTO CT.HT_CONSUMPTION_TYPE_MASS_UNIT (HT_CONSUMPTION_TYPE_ID, HT_CONSUMPTION_CATEGORY_ID,MASS_UNIT_ID,CO2_FACTOR) VALUES(24, 2, 1, 23900);
	INSERT INTO CT.HT_CONSUMPTION_TYPE_MASS_UNIT (HT_CONSUMPTION_TYPE_ID, HT_CONSUMPTION_CATEGORY_ID,MASS_UNIT_ID,CO2_FACTOR) VALUES(25, 2, 1, 3260);
	INSERT INTO CT.HT_CONSUMPTION_TYPE_MASS_UNIT (HT_CONSUMPTION_TYPE_ID, HT_CONSUMPTION_CATEGORY_ID,MASS_UNIT_ID,CO2_FACTOR) VALUES(26, 2, 1, 1770);
	INSERT INTO CT.HT_CONSUMPTION_TYPE_MASS_UNIT (HT_CONSUMPTION_TYPE_ID, HT_CONSUMPTION_CATEGORY_ID,MASS_UNIT_ID,CO2_FACTOR) VALUES(27, 2, 1, 1526);
	INSERT INTO CT.HT_CONSUMPTION_TYPE_MASS_UNIT (HT_CONSUMPTION_TYPE_ID, HT_CONSUMPTION_CATEGORY_ID,MASS_UNIT_ID,CO2_FACTOR) VALUES(28, 2, 1, 1555);
	INSERT INTO CT.HT_CONSUMPTION_TYPE_MASS_UNIT (HT_CONSUMPTION_TYPE_ID, HT_CONSUMPTION_CATEGORY_ID,MASS_UNIT_ID,CO2_FACTOR) VALUES(29, 2, 1, 2795);
	INSERT INTO CT.HT_CONSUMPTION_TYPE_MASS_UNIT (HT_CONSUMPTION_TYPE_ID, HT_CONSUMPTION_CATEGORY_ID,MASS_UNIT_ID,CO2_FACTOR) VALUES(30, 2, 1, 1725);
	INSERT INTO CT.HT_CONSUMPTION_TYPE_MASS_UNIT (HT_CONSUMPTION_TYPE_ID, HT_CONSUMPTION_CATEGORY_ID,MASS_UNIT_ID,CO2_FACTOR) VALUES(31, 2, 1, 3300);
	INSERT INTO CT.HT_CONSUMPTION_TYPE_MASS_UNIT (HT_CONSUMPTION_TYPE_ID, HT_CONSUMPTION_CATEGORY_ID,MASS_UNIT_ID,CO2_FACTOR) VALUES(32, 2, 1, 10350);
																																			  

	--consumption types power units - hotspot.sql
	INSERT INTO CT.HT_CONSUMPTION_TYPE_POWER_UNIT (HT_CONSUMPTION_TYPE_ID, HT_CONSUMPTION_CATEGORY_ID,POWER_UNIT_ID,CO2_FACTOR) VALUES(1, 1, 2, 0.26108);
	INSERT INTO CT.HT_CONSUMPTION_TYPE_POWER_UNIT (HT_CONSUMPTION_TYPE_ID, HT_CONSUMPTION_CATEGORY_ID,POWER_UNIT_ID,CO2_FACTOR) VALUES(3, 1, 2, 0.34367);
	INSERT INTO CT.HT_CONSUMPTION_TYPE_POWER_UNIT (HT_CONSUMPTION_TYPE_ID, HT_CONSUMPTION_CATEGORY_ID,POWER_UNIT_ID,CO2_FACTOR) VALUES(4, 1, 2, 0.3065);
	INSERT INTO CT.HT_CONSUMPTION_TYPE_POWER_UNIT (HT_CONSUMPTION_TYPE_ID, HT_CONSUMPTION_CATEGORY_ID,POWER_UNIT_ID,CO2_FACTOR) VALUES(5, 1, 2, 0.26975);
	INSERT INTO CT.HT_CONSUMPTION_TYPE_POWER_UNIT (HT_CONSUMPTION_TYPE_ID, HT_CONSUMPTION_CATEGORY_ID,POWER_UNIT_ID,CO2_FACTOR) VALUES(6, 1, 2, 0.28539);
	INSERT INTO CT.HT_CONSUMPTION_TYPE_POWER_UNIT (HT_CONSUMPTION_TYPE_ID, HT_CONSUMPTION_CATEGORY_ID,POWER_UNIT_ID,CO2_FACTOR) VALUES(7, 1, 2, 0.29551);
	INSERT INTO CT.HT_CONSUMPTION_TYPE_POWER_UNIT (HT_CONSUMPTION_TYPE_ID, HT_CONSUMPTION_CATEGORY_ID,POWER_UNIT_ID,CO2_FACTOR) VALUES(8, 1, 2, 0.2055);
	INSERT INTO CT.HT_CONSUMPTION_TYPE_POWER_UNIT (HT_CONSUMPTION_TYPE_ID, HT_CONSUMPTION_CATEGORY_ID,POWER_UNIT_ID,CO2_FACTOR) VALUES(9, 1, 2, 0.23012);
	INSERT INTO CT.HT_CONSUMPTION_TYPE_POWER_UNIT (HT_CONSUMPTION_TYPE_ID, HT_CONSUMPTION_CATEGORY_ID,POWER_UNIT_ID,CO2_FACTOR) VALUES(10, 1, 2, 0.2055);
	INSERT INTO CT.HT_CONSUMPTION_TYPE_POWER_UNIT (HT_CONSUMPTION_TYPE_ID, HT_CONSUMPTION_CATEGORY_ID,POWER_UNIT_ID,CO2_FACTOR) VALUES(11, 1, 2, 0.25329);
END;
/

--new consumption_pkg
@..\ct\consumption_pkg
@..\ct\consumption_body

@update_tail