-- Please update version.sql too -- this keeps clean builds in sync
define version=3040
define minor_version=55
@update_header

-- *** DDL ***
-- Create tables

-- Alter tables

-- *** Grants ***

-- ** Cross schema constraints ***

-- *** Views ***
-- Please paste the content of the view and add a comment referencing the path of the create_views file which will contain your view changes.

-- *** Data changes ***
-- RLS

-- Data
BEGIN
	INSERT INTO CSR.EST_ATTR_TYPE (TYPE_NAME, BASIC_TYPE) VALUES ('lengthOfAllOpenClosedRefrigerationUnitsType', 'DECIMAL');
EXCEPTION WHEN
	DUP_VAL_ON_INDEX THEN
		NULL;
END;
/
BEGIN
	INSERT INTO CSR.EST_ATTR_TYPE (TYPE_NAME, BASIC_TYPE) VALUES ('PlantDesignFlowRateType', 'DECIMAL');
EXCEPTION WHEN
	DUP_VAL_ON_INDEX THEN
		NULL;
END;
/
BEGIN
	INSERT INTO CSR.EST_ATTR_TYPE (TYPE_NAME, BASIC_TYPE) VALUES ('buildingMetricNumeric', 'NUMERIC');
EXCEPTION WHEN
	DUP_VAL_ON_INDEX THEN
		NULL;
END;
/
BEGIN
	INSERT INTO CSR.EST_ATTR_TYPE (TYPE_NAME, BASIC_TYPE) VALUES ('GJ', 'NUMERIC');
EXCEPTION WHEN
	DUP_VAL_ON_INDEX THEN
		NULL;
END;
/
BEGIN
	INSERT INTO CSR.EST_ATTR_TYPE (TYPE_NAME, BASIC_TYPE) VALUES ('GJ/m'||UNISTR('\00B2')||'', 'NUMERIC');
EXCEPTION WHEN
	DUP_VAL_ON_INDEX THEN
		NULL;
END;
/
BEGIN
	INSERT INTO CSR.EST_ATTR_TYPE (TYPE_NAME, BASIC_TYPE) VALUES ('GJ/m'||UNISTR('\00B3')||'PJ', 'NUMERIC');
EXCEPTION WHEN
	DUP_VAL_ON_INDEX THEN
		NULL;
END;
/
BEGIN
	INSERT INTO CSR.EST_ATTR_TYPE (TYPE_NAME, BASIC_TYPE) VALUES ('kWh', 'NUMERIC');
EXCEPTION WHEN
	DUP_VAL_ON_INDEX THEN
		NULL;
END;
/
BEGIN
	INSERT INTO CSR.EST_ATTR_TYPE (TYPE_NAME, BASIC_TYPE) VALUES ('kWh/m'||UNISTR('\00B2')||'', 'NUMERIC');
EXCEPTION WHEN
	DUP_VAL_ON_INDEX THEN
		NULL;
END;
/
BEGIN
	INSERT INTO CSR.EST_ATTR_TYPE (TYPE_NAME, BASIC_TYPE) VALUES ('kWh/m'||UNISTR('\00B3')||'PJ', 'NUMERIC');
EXCEPTION WHEN
	DUP_VAL_ON_INDEX THEN
		NULL;
END;
/
BEGIN
	INSERT INTO CSR.EST_ATTR_TYPE (TYPE_NAME, BASIC_TYPE) VALUES ('Metric Tons CO2e', 'NUMERIC');
EXCEPTION WHEN
	DUP_VAL_ON_INDEX THEN
		NULL;
END;
/
BEGIN
	INSERT INTO CSR.EST_ATTR_TYPE (TYPE_NAME, BASIC_TYPE) VALUES ('kgCO2e/m'||UNISTR('\00B2')||'', 'NUMERIC');
EXCEPTION WHEN
	DUP_VAL_ON_INDEX THEN
		NULL;
END;
/
BEGIN
	INSERT INTO CSR.EST_ATTR_TYPE (TYPE_NAME, BASIC_TYPE) VALUES ('kgCO2e/m'||UNISTR('\00B3')||'PJ', 'NUMERIC');
EXCEPTION WHEN
	DUP_VAL_ON_INDEX THEN
		NULL;
END;
/
BEGIN
	INSERT INTO CSR.EST_ATTR_TYPE (TYPE_NAME, BASIC_TYPE) VALUES ('kgCO2e/GJ', 'NUMERIC');
EXCEPTION WHEN
	DUP_VAL_ON_INDEX THEN
		NULL;
END;
/
BEGIN
	INSERT INTO CSR.EST_ATTR_TYPE (TYPE_NAME, BASIC_TYPE) VALUES ('buildingMetricString', 'STRING');
EXCEPTION WHEN
	DUP_VAL_ON_INDEX THEN
		NULL;
END;
/
BEGIN
	INSERT INTO CSR.EST_ATTR_TYPE (TYPE_NAME, BASIC_TYPE) VALUES ('USD', 'NUMERIC');
EXCEPTION WHEN
	DUP_VAL_ON_INDEX THEN
		NULL;
END;
/
BEGIN
	INSERT INTO CSR.EST_ATTR_TYPE (TYPE_NAME, BASIC_TYPE) VALUES ('amountOfLaundryProcessedAnnuallyType', 'DECIMAL');
EXCEPTION WHEN
	DUP_VAL_ON_INDEX THEN
		NULL;
END;
/
BEGIN
	INSERT INTO CSR.EST_ATTR_TYPE (TYPE_NAME, BASIC_TYPE) VALUES ('useDecimalType', 'DECIMAL');
EXCEPTION WHEN
	DUP_VAL_ON_INDEX THEN
		NULL;
END;
/
BEGIN
	INSERT INTO CSR.EST_ATTR_TYPE (TYPE_NAME, BASIC_TYPE) VALUES ('grossFloorAreaType', 'INT');
EXCEPTION WHEN
	DUP_VAL_ON_INDEX THEN
		NULL;
END;
/
BEGIN
	INSERT INTO CSR.EST_ATTR_TYPE (TYPE_NAME, BASIC_TYPE) VALUES ('useYesNoType', 'ENUM');
EXCEPTION WHEN
	DUP_VAL_ON_INDEX THEN
		NULL;
END;
/
BEGIN
	INSERT INTO CSR.EST_ATTR_TYPE (TYPE_NAME, BASIC_TYPE) VALUES ('coolingEquipmentRedundancyType', 'ENUM');
EXCEPTION WHEN
	DUP_VAL_ON_INDEX THEN
		NULL;
END;
/
BEGIN
	INSERT INTO CSR.EST_ATTR_TYPE (TYPE_NAME, BASIC_TYPE) VALUES ('optionalFloorAreaType', 'INT');
EXCEPTION WHEN
	DUP_VAL_ON_INDEX THEN
		NULL;
END;
/
BEGIN
	INSERT INTO CSR.EST_ATTR_TYPE (TYPE_NAME, BASIC_TYPE) VALUES ('hoursPerDayGuestsOnsiteType', 'ENUM');
EXCEPTION WHEN
	DUP_VAL_ON_INDEX THEN
		NULL;
END;
/
BEGIN
	INSERT INTO CSR.EST_ATTR_TYPE (TYPE_NAME, BASIC_TYPE) VALUES ('useIntegerType', 'INT');
EXCEPTION WHEN
	DUP_VAL_ON_INDEX THEN
		NULL;
END;
/
BEGIN
	INSERT INTO CSR.EST_ATTR_TYPE (TYPE_NAME, BASIC_TYPE) VALUES ('itEnergyConfigurationType', 'ENUM');
EXCEPTION WHEN
	DUP_VAL_ON_INDEX THEN
		NULL;
END;
/
BEGIN
	INSERT INTO CSR.EST_ATTR_TYPE (TYPE_NAME, BASIC_TYPE) VALUES ('onsiteLaundryType', 'ENUM');
EXCEPTION WHEN
	DUP_VAL_ON_INDEX THEN
		NULL;
END;
/
BEGIN
	INSERT INTO CSR.EST_ATTR_TYPE (TYPE_NAME, BASIC_TYPE) VALUES ('monthsInUseType', 'INT');
EXCEPTION WHEN
	DUP_VAL_ON_INDEX THEN
		NULL;
END;
/
BEGIN
	INSERT INTO CSR.EST_ATTR_TYPE (TYPE_NAME, BASIC_TYPE) VALUES ('numberOfWeekdaysType', 'INT');
EXCEPTION WHEN
	DUP_VAL_ON_INDEX THEN
		NULL;
END;
/
BEGIN
	INSERT INTO CSR.EST_ATTR_TYPE (TYPE_NAME, BASIC_TYPE) VALUES ('ownedByType', 'ENUM');
EXCEPTION WHEN
	DUP_VAL_ON_INDEX THEN
		NULL;
END;
/
BEGIN
	INSERT INTO CSR.EST_ATTR_TYPE (TYPE_NAME, BASIC_TYPE) VALUES ('percentCooledType', 'ENUM');
EXCEPTION WHEN
	DUP_VAL_ON_INDEX THEN
		NULL;
END;
/
BEGIN
	INSERT INTO CSR.EST_ATTR_TYPE (TYPE_NAME, BASIC_TYPE) VALUES ('percentHeatedType', 'ENUM');
EXCEPTION WHEN
	DUP_VAL_ON_INDEX THEN
		NULL;
END;
/
BEGIN
	INSERT INTO CSR.EST_ATTR_TYPE (TYPE_NAME, BASIC_TYPE) VALUES ('percentOfficeCooledType', 'ENUM');
EXCEPTION WHEN
	DUP_VAL_ON_INDEX THEN
		NULL;
END;
/
BEGIN
	INSERT INTO CSR.EST_ATTR_TYPE (TYPE_NAME, BASIC_TYPE) VALUES ('percentOfficeHeatedType', 'ENUM');
EXCEPTION WHEN
	DUP_VAL_ON_INDEX THEN
		NULL;
END;
/
BEGIN
	INSERT INTO CSR.EST_ATTR_TYPE (TYPE_NAME, BASIC_TYPE) VALUES ('poolType', 'ENUM');
EXCEPTION WHEN
	DUP_VAL_ON_INDEX THEN
		NULL;
END;
/
BEGIN
	INSERT INTO CSR.EST_ATTR_TYPE (TYPE_NAME, BASIC_TYPE) VALUES ('poolSizeType', 'ENUM');
EXCEPTION WHEN
	DUP_VAL_ON_INDEX THEN
		NULL;
END;
/
BEGIN
	INSERT INTO CSR.EST_ATTR_TYPE (TYPE_NAME, BASIC_TYPE) VALUES ('residentPopulationType', 'ENUM');
EXCEPTION WHEN
	DUP_VAL_ON_INDEX THEN
		NULL;
END;
/
BEGIN
	INSERT INTO CSR.EST_ATTR_TYPE (TYPE_NAME, BASIC_TYPE) VALUES ('useStringType', 'STRING');
EXCEPTION WHEN
	DUP_VAL_ON_INDEX THEN
		NULL;
END;
/
BEGIN
	INSERT INTO CSR.EST_ATTR_TYPE (TYPE_NAME, BASIC_TYPE) VALUES ('upsSystemRedundancyType', 'ENUM');
EXCEPTION WHEN
	DUP_VAL_ON_INDEX THEN
		NULL;
END;
/
BEGIN
	INSERT INTO CSR.EST_ATTR_TYPE (TYPE_NAME, BASIC_TYPE) VALUES ('m'||UNISTR('\00B3')||'', 'NUMERIC');
EXCEPTION WHEN
	DUP_VAL_ON_INDEX THEN
		NULL;
END;
/
BEGIN
	INSERT INTO CSR.EST_ATTR_TYPE (TYPE_NAME, BASIC_TYPE) VALUES ('m'||UNISTR('\00B3')||'/m'||UNISTR('\00B2')||'', 'NUMERIC');
EXCEPTION WHEN
	DUP_VAL_ON_INDEX THEN
		NULL;
END;
/
BEGIN
	INSERT INTO CSR.EST_ATTR_TYPE (TYPE_NAME, BASIC_TYPE) VALUES ('numberOfBuildingsType', 'INT');
EXCEPTION WHEN
	DUP_VAL_ON_INDEX THEN
		NULL;
END;
/
BEGIN
	INSERT INTO CSR.EST_ATTR_TYPE (TYPE_NAME, BASIC_TYPE) VALUES ('occupancyPercentageType', 'INT');
EXCEPTION WHEN
	DUP_VAL_ON_INDEX THEN
		NULL;
END;
/

BEGIN
	INSERT INTO CSR.EST_ATTR_UNIT (TYPE_NAME, UOM) VALUES ('GJ', 'GJ');
EXCEPTION WHEN
	DUP_VAL_ON_INDEX THEN
		NULL;
END;
/
BEGIN
	INSERT INTO CSR.EST_ATTR_UNIT (TYPE_NAME, UOM) VALUES ('GJ/m'||UNISTR('\00B2')||'', 'GJ/m'||UNISTR('\00B2')||'');
EXCEPTION WHEN
	DUP_VAL_ON_INDEX THEN
		NULL;
END;
/
BEGIN
	INSERT INTO CSR.EST_ATTR_UNIT (TYPE_NAME, UOM) VALUES ('GJ/m'||UNISTR('\00B3')||'PJ', 'GJ/m'||UNISTR('\00B3')||'PJ');
EXCEPTION WHEN
	DUP_VAL_ON_INDEX THEN
		NULL;
END;
/
BEGIN
	INSERT INTO CSR.EST_ATTR_UNIT (TYPE_NAME, UOM) VALUES ('Metric Tons CO2e', 'Metric Tons CO2e');
EXCEPTION WHEN
	DUP_VAL_ON_INDEX THEN
		NULL;
END;
/
BEGIN
	INSERT INTO CSR.EST_ATTR_UNIT (TYPE_NAME, UOM) VALUES ('PlantDesignFlowRateType', 'Cubic Meters per Day');
EXCEPTION WHEN
	DUP_VAL_ON_INDEX THEN
		NULL;
END;
/
BEGIN
	INSERT INTO CSR.EST_ATTR_UNIT (TYPE_NAME, UOM) VALUES ('PlantDesignFlowRateType', 'Million Gallons per Day');
EXCEPTION WHEN
	DUP_VAL_ON_INDEX THEN
		NULL;
END;
/
BEGIN
	INSERT INTO CSR.EST_ATTR_UNIT (TYPE_NAME, UOM) VALUES ('USD', 'USD');
EXCEPTION WHEN
	DUP_VAL_ON_INDEX THEN
		NULL;
END;
/
BEGIN
	INSERT INTO CSR.EST_ATTR_UNIT (TYPE_NAME, UOM) VALUES ('amountOfLaundryProcessedAnnuallyType', 'Kilogram');
EXCEPTION WHEN
	DUP_VAL_ON_INDEX THEN
		NULL;
END;
/
BEGIN
	INSERT INTO CSR.EST_ATTR_UNIT (TYPE_NAME, UOM) VALUES ('amountOfLaundryProcessedAnnuallyType', 'pounds');
EXCEPTION WHEN
	DUP_VAL_ON_INDEX THEN
		NULL;
END;
/
BEGIN
	INSERT INTO CSR.EST_ATTR_UNIT (TYPE_NAME, UOM) VALUES ('amountOfLaundryProcessedAnnuallyType', 'short tons');
EXCEPTION WHEN
	DUP_VAL_ON_INDEX THEN
		NULL;
END;
/
BEGIN
	INSERT INTO CSR.EST_ATTR_UNIT (TYPE_NAME, UOM) VALUES ('buildingMetricNumeric', '<null>');
EXCEPTION WHEN
	DUP_VAL_ON_INDEX THEN
		NULL;
END;
/
BEGIN
	INSERT INTO CSR.EST_ATTR_UNIT (TYPE_NAME, UOM) VALUES ('buildingMetricString', '<null>');
EXCEPTION WHEN
	DUP_VAL_ON_INDEX THEN
		NULL;
END;
/
BEGIN
	INSERT INTO CSR.EST_ATTR_UNIT (TYPE_NAME, UOM) VALUES ('coolingEquipmentRedundancyType', '<null>');
EXCEPTION WHEN
	DUP_VAL_ON_INDEX THEN
		NULL;
END;
/
BEGIN
	INSERT INTO CSR.EST_ATTR_UNIT (TYPE_NAME, UOM) VALUES ('grossFloorAreaType', 'Square Feet');
EXCEPTION WHEN
	DUP_VAL_ON_INDEX THEN
		NULL;
END;
/
BEGIN
	INSERT INTO CSR.EST_ATTR_UNIT (TYPE_NAME, UOM) VALUES ('grossFloorAreaType', 'Square Meters');
EXCEPTION WHEN
	DUP_VAL_ON_INDEX THEN
		NULL;
END;
/
BEGIN
	INSERT INTO CSR.EST_ATTR_UNIT (TYPE_NAME, UOM) VALUES ('hoursPerDayGuestsOnsiteType', '<null>');
EXCEPTION WHEN
	DUP_VAL_ON_INDEX THEN
		NULL;
END;
/
BEGIN
	INSERT INTO CSR.EST_ATTR_UNIT (TYPE_NAME, UOM) VALUES ('itEnergyConfigurationType', '<null>');
EXCEPTION WHEN
	DUP_VAL_ON_INDEX THEN
		NULL;
END;
/
BEGIN
	INSERT INTO CSR.EST_ATTR_UNIT (TYPE_NAME, UOM) VALUES ('kWh', 'kWh');
EXCEPTION WHEN
	DUP_VAL_ON_INDEX THEN
		NULL;
END;
/
BEGIN
	INSERT INTO CSR.EST_ATTR_UNIT (TYPE_NAME, UOM) VALUES ('kWh/m'||UNISTR('\00B2')||'', 'kWh/m'||UNISTR('\00B2')||'');
EXCEPTION WHEN
	DUP_VAL_ON_INDEX THEN
		NULL;
END;
/
BEGIN
	INSERT INTO CSR.EST_ATTR_UNIT (TYPE_NAME, UOM) VALUES ('kWh/m'||UNISTR('\00B3')||'PJ', 'kWh/m'||UNISTR('\00B3')||'PJ');
EXCEPTION WHEN
	DUP_VAL_ON_INDEX THEN
		NULL;
END;
/
BEGIN
	INSERT INTO CSR.EST_ATTR_UNIT (TYPE_NAME, UOM) VALUES ('kgCO2e/GJ', 'kgCO2e/GJ');
EXCEPTION WHEN
	DUP_VAL_ON_INDEX THEN
		NULL;
END;
/
BEGIN
	INSERT INTO CSR.EST_ATTR_UNIT (TYPE_NAME, UOM) VALUES ('kgCO2e/m'||UNISTR('\00B2')||'', 'kgCO2e/m'||UNISTR('\00B2')||'');
EXCEPTION WHEN
	DUP_VAL_ON_INDEX THEN
		NULL;
END;
/
BEGIN
	INSERT INTO CSR.EST_ATTR_UNIT (TYPE_NAME, UOM) VALUES ('kgCO2e/m'||UNISTR('\00B3')||'PJ', 'kgCO2e/m'||UNISTR('\00B3')||'PJ');
EXCEPTION WHEN
	DUP_VAL_ON_INDEX THEN
		NULL;
END;
/
BEGIN
	INSERT INTO CSR.EST_ATTR_UNIT (TYPE_NAME, UOM) VALUES ('lengthOfAllOpenClosedRefrigerationUnitsType', 'Feet');
EXCEPTION WHEN
	DUP_VAL_ON_INDEX THEN
		NULL;
END;
/
BEGIN
	INSERT INTO CSR.EST_ATTR_UNIT (TYPE_NAME, UOM) VALUES ('lengthOfAllOpenClosedRefrigerationUnitsType', 'Meters');
EXCEPTION WHEN
	DUP_VAL_ON_INDEX THEN
		NULL;
END;
/
BEGIN
	INSERT INTO CSR.EST_ATTR_UNIT (TYPE_NAME, UOM) VALUES ('monthsInUseType', '<null>');
EXCEPTION WHEN
	DUP_VAL_ON_INDEX THEN
		NULL;
END;
/
BEGIN
	INSERT INTO CSR.EST_ATTR_UNIT (TYPE_NAME, UOM) VALUES ('m'||UNISTR('\00B3')||'', 'm'||UNISTR('\00B3')||'');
EXCEPTION WHEN
	DUP_VAL_ON_INDEX THEN
		NULL;
END;
/
BEGIN
	INSERT INTO CSR.EST_ATTR_UNIT (TYPE_NAME, UOM) VALUES ('m'||UNISTR('\00B3')||'/m'||UNISTR('\00B2')||'', 'm'||UNISTR('\00B3')||'/m'||UNISTR('\00B2')||'');
EXCEPTION WHEN
	DUP_VAL_ON_INDEX THEN
		NULL;
END;
/
BEGIN
	INSERT INTO CSR.EST_ATTR_UNIT (TYPE_NAME, UOM) VALUES ('numberOfBuildingsType', '<null>');
EXCEPTION WHEN
	DUP_VAL_ON_INDEX THEN
		NULL;
END;
/
BEGIN
	INSERT INTO CSR.EST_ATTR_UNIT (TYPE_NAME, UOM) VALUES ('numberOfWeekdaysType', '<null>');
EXCEPTION WHEN
	DUP_VAL_ON_INDEX THEN
		NULL;
END;
/
BEGIN
	INSERT INTO CSR.EST_ATTR_UNIT (TYPE_NAME, UOM) VALUES ('occupancyPercentageType', '<null>');
EXCEPTION WHEN
	DUP_VAL_ON_INDEX THEN
		NULL;
END;
/
BEGIN
	INSERT INTO CSR.EST_ATTR_UNIT (TYPE_NAME, UOM) VALUES ('onsiteLaundryType', '<null>');
EXCEPTION WHEN
	DUP_VAL_ON_INDEX THEN
		NULL;
END;
/
BEGIN
	INSERT INTO CSR.EST_ATTR_UNIT (TYPE_NAME, UOM) VALUES ('optionalFloorAreaType', 'Square Feet');
EXCEPTION WHEN
	DUP_VAL_ON_INDEX THEN
		NULL;
END;
/
BEGIN
	INSERT INTO CSR.EST_ATTR_UNIT (TYPE_NAME, UOM) VALUES ('optionalFloorAreaType', 'Square Meters');
EXCEPTION WHEN
	DUP_VAL_ON_INDEX THEN
		NULL;
END;
/
BEGIN
	INSERT INTO CSR.EST_ATTR_UNIT (TYPE_NAME, UOM) VALUES ('ownedByType', '<null>');
EXCEPTION WHEN
	DUP_VAL_ON_INDEX THEN
		NULL;
END;
/
BEGIN
	INSERT INTO CSR.EST_ATTR_UNIT (TYPE_NAME, UOM) VALUES ('percentCooledType', '<null>');
EXCEPTION WHEN
	DUP_VAL_ON_INDEX THEN
		NULL;
END;
/
BEGIN
	INSERT INTO CSR.EST_ATTR_UNIT (TYPE_NAME, UOM) VALUES ('percentHeatedType', '<null>');
EXCEPTION WHEN
	DUP_VAL_ON_INDEX THEN
		NULL;
END;
/
BEGIN
	INSERT INTO CSR.EST_ATTR_UNIT (TYPE_NAME, UOM) VALUES ('percentOfficeCooledType', '<null>');
EXCEPTION WHEN
	DUP_VAL_ON_INDEX THEN
		NULL;
END;
/
BEGIN
	INSERT INTO CSR.EST_ATTR_UNIT (TYPE_NAME, UOM) VALUES ('percentOfficeHeatedType', '<null>');
EXCEPTION WHEN
	DUP_VAL_ON_INDEX THEN
		NULL;
END;
/
BEGIN
	INSERT INTO CSR.EST_ATTR_UNIT (TYPE_NAME, UOM) VALUES ('poolSizeType', '<null>');
EXCEPTION WHEN
	DUP_VAL_ON_INDEX THEN
		NULL;
END;
/
BEGIN
	INSERT INTO CSR.EST_ATTR_UNIT (TYPE_NAME, UOM) VALUES ('poolType', '<null>');
EXCEPTION WHEN
	DUP_VAL_ON_INDEX THEN
		NULL;
END;
/
BEGIN
	INSERT INTO CSR.EST_ATTR_UNIT (TYPE_NAME, UOM) VALUES ('residentPopulationType', '<null>');
EXCEPTION WHEN
	DUP_VAL_ON_INDEX THEN
		NULL;
END;
/
BEGIN
	INSERT INTO CSR.EST_ATTR_UNIT (TYPE_NAME, UOM) VALUES ('upsSystemRedundancyType', '<null>');
EXCEPTION WHEN
	DUP_VAL_ON_INDEX THEN
		NULL;
END;
/
BEGIN
	INSERT INTO CSR.EST_ATTR_UNIT (TYPE_NAME, UOM) VALUES ('useDecimalType', '<null>');
EXCEPTION WHEN
	DUP_VAL_ON_INDEX THEN
		NULL;
END;
/
BEGIN
	INSERT INTO CSR.EST_ATTR_UNIT (TYPE_NAME, UOM) VALUES ('useIntegerType', '<null>');
EXCEPTION WHEN
	DUP_VAL_ON_INDEX THEN
		NULL;
END;
/
BEGIN
	INSERT INTO CSR.EST_ATTR_UNIT (TYPE_NAME, UOM) VALUES ('useStringType', '<null>');
EXCEPTION WHEN
	DUP_VAL_ON_INDEX THEN
		NULL;
END;
/
BEGIN
	INSERT INTO CSR.EST_ATTR_UNIT (TYPE_NAME, UOM) VALUES ('useYesNoType', '<null>');
EXCEPTION WHEN
	DUP_VAL_ON_INDEX THEN
		NULL;
END;
/

BEGIN
	INSERT INTO CSR.EST_ATTR_ENUM (TYPE_NAME, ENUM, POS) VALUES ('poolSizeType', 'Recreational (20 yards x 15 yards)', 0);
EXCEPTION WHEN
	DUP_VAL_ON_INDEX THEN
		NULL;
END;
/
BEGIN
	INSERT INTO CSR.EST_ATTR_ENUM (TYPE_NAME, ENUM, POS) VALUES ('poolSizeType', 'Short Course (25 yards x 20 yards)', 1);
EXCEPTION WHEN
	DUP_VAL_ON_INDEX THEN
		NULL;
END;
/
BEGIN
	INSERT INTO CSR.EST_ATTR_ENUM (TYPE_NAME, ENUM, POS) VALUES ('poolSizeType', 'Olympic (50 meters x 25 meters)', 2);
EXCEPTION WHEN
	DUP_VAL_ON_INDEX THEN
		NULL;
END;
/
BEGIN
	INSERT INTO CSR.EST_ATTR_ENUM (TYPE_NAME, ENUM, POS) VALUES ('useYesNoType', 'Yes', 0);
EXCEPTION WHEN
	DUP_VAL_ON_INDEX THEN
		NULL;
END;
/
BEGIN
	INSERT INTO CSR.EST_ATTR_ENUM (TYPE_NAME, ENUM, POS) VALUES ('useYesNoType', 'No', 1);
EXCEPTION WHEN
	DUP_VAL_ON_INDEX THEN
		NULL;
END;
/
BEGIN
	INSERT INTO CSR.EST_ATTR_ENUM (TYPE_NAME, ENUM, POS) VALUES ('coolingEquipmentRedundancyType', 'N', 0);
EXCEPTION WHEN
	DUP_VAL_ON_INDEX THEN
		NULL;
END;
/
BEGIN
	INSERT INTO CSR.EST_ATTR_ENUM (TYPE_NAME, ENUM, POS) VALUES ('coolingEquipmentRedundancyType', 'N+1', 1);
EXCEPTION WHEN
	DUP_VAL_ON_INDEX THEN
		NULL;
END;
/
BEGIN
	INSERT INTO CSR.EST_ATTR_ENUM (TYPE_NAME, ENUM, POS) VALUES ('coolingEquipmentRedundancyType', 'N+2', 2);
EXCEPTION WHEN
	DUP_VAL_ON_INDEX THEN
		NULL;
END;
/
BEGIN
	INSERT INTO CSR.EST_ATTR_ENUM (TYPE_NAME, ENUM, POS) VALUES ('coolingEquipmentRedundancyType', '2N', 3);
EXCEPTION WHEN
	DUP_VAL_ON_INDEX THEN
		NULL;
END;
/
BEGIN
	INSERT INTO CSR.EST_ATTR_ENUM (TYPE_NAME, ENUM, POS) VALUES ('coolingEquipmentRedundancyType', 'Greater than 2N', 4);
EXCEPTION WHEN
	DUP_VAL_ON_INDEX THEN
		NULL;
END;
/
BEGIN
	INSERT INTO CSR.EST_ATTR_ENUM (TYPE_NAME, ENUM, POS) VALUES ('coolingEquipmentRedundancyType', 'None of the Above', 5);
EXCEPTION WHEN
	DUP_VAL_ON_INDEX THEN
		NULL;
END;
/
BEGIN
	INSERT INTO CSR.EST_ATTR_ENUM (TYPE_NAME, ENUM, POS) VALUES ('hoursPerDayGuestsOnsiteType', 'Less Than 15', 0);
EXCEPTION WHEN
	DUP_VAL_ON_INDEX THEN
		NULL;
END;
/
BEGIN
	INSERT INTO CSR.EST_ATTR_ENUM (TYPE_NAME, ENUM, POS) VALUES ('hoursPerDayGuestsOnsiteType', '15 To 19', 1);
EXCEPTION WHEN
	DUP_VAL_ON_INDEX THEN
		NULL;
END;
/
BEGIN
	INSERT INTO CSR.EST_ATTR_ENUM (TYPE_NAME, ENUM, POS) VALUES ('hoursPerDayGuestsOnsiteType', 'More Than 20', 2);
EXCEPTION WHEN
	DUP_VAL_ON_INDEX THEN
		NULL;
END;
/
BEGIN
	INSERT INTO CSR.EST_ATTR_ENUM (TYPE_NAME, ENUM, POS) VALUES ('itEnergyConfigurationType', 'UPS Supports Only IT Equipment', 0);
EXCEPTION WHEN
	DUP_VAL_ON_INDEX THEN
		NULL;
END;
/
BEGIN
	INSERT INTO CSR.EST_ATTR_ENUM (TYPE_NAME, ENUM, POS) VALUES ('itEnergyConfigurationType', 'UPS Include Non IT Load Less Than 10%', 1);
EXCEPTION WHEN
	DUP_VAL_ON_INDEX THEN
		NULL;
END;
/
BEGIN
	INSERT INTO CSR.EST_ATTR_ENUM (TYPE_NAME, ENUM, POS) VALUES ('itEnergyConfigurationType', 'UPS Include Non-IT Load Greater Than 10% Load Submetered', 2);
EXCEPTION WHEN
	DUP_VAL_ON_INDEX THEN
		NULL;
END;
/
BEGIN
	INSERT INTO CSR.EST_ATTR_ENUM (TYPE_NAME, ENUM, POS) VALUES ('itEnergyConfigurationType', 'UPS Include Non IT Load Greater Than 10% Load Not Submetered', 3);
EXCEPTION WHEN
	DUP_VAL_ON_INDEX THEN
		NULL;
END;
/
BEGIN
	INSERT INTO CSR.EST_ATTR_ENUM (TYPE_NAME, ENUM, POS) VALUES ('itEnergyConfigurationType', 'Facility Has No UPS', 4);
EXCEPTION WHEN
	DUP_VAL_ON_INDEX THEN
		NULL;
END;
/
BEGIN
	INSERT INTO CSR.EST_ATTR_ENUM (TYPE_NAME, ENUM, POS) VALUES ('onsiteLaundryType', 'Linens only', 0);
EXCEPTION WHEN
	DUP_VAL_ON_INDEX THEN
		NULL;
END;
/
BEGIN
	INSERT INTO CSR.EST_ATTR_ENUM (TYPE_NAME, ENUM, POS) VALUES ('onsiteLaundryType', 'Terry only', 1);
EXCEPTION WHEN
	DUP_VAL_ON_INDEX THEN
		NULL;
END;
/
BEGIN
	INSERT INTO CSR.EST_ATTR_ENUM (TYPE_NAME, ENUM, POS) VALUES ('onsiteLaundryType', 'Both linens and terry', 2);
EXCEPTION WHEN
	DUP_VAL_ON_INDEX THEN
		NULL;
END;
/
BEGIN
	INSERT INTO CSR.EST_ATTR_ENUM (TYPE_NAME, ENUM, POS) VALUES ('onsiteLaundryType', 'No laundry facility', 3);
EXCEPTION WHEN
	DUP_VAL_ON_INDEX THEN
		NULL;
END;
/
BEGIN
	INSERT INTO CSR.EST_ATTR_ENUM (TYPE_NAME, ENUM, POS) VALUES ('ownedByType', 'For Profit', 0);
EXCEPTION WHEN
	DUP_VAL_ON_INDEX THEN
		NULL;
END;
/
BEGIN
	INSERT INTO CSR.EST_ATTR_ENUM (TYPE_NAME, ENUM, POS) VALUES ('ownedByType', 'Non Profit', 1);
EXCEPTION WHEN
	DUP_VAL_ON_INDEX THEN
		NULL;
END;
/
BEGIN
	INSERT INTO CSR.EST_ATTR_ENUM (TYPE_NAME, ENUM, POS) VALUES ('ownedByType', 'Governmental', 2);
EXCEPTION WHEN
	DUP_VAL_ON_INDEX THEN
		NULL;
END;
/
BEGIN
	INSERT INTO CSR.EST_ATTR_ENUM (TYPE_NAME, ENUM, POS) VALUES ('percentCooledType', '0', 0);
EXCEPTION WHEN
	DUP_VAL_ON_INDEX THEN
		NULL;
END;
/
BEGIN
	INSERT INTO CSR.EST_ATTR_ENUM (TYPE_NAME, ENUM, POS) VALUES ('percentCooledType', '10', 1);
EXCEPTION WHEN
	DUP_VAL_ON_INDEX THEN
		NULL;
END;
/
BEGIN
	INSERT INTO CSR.EST_ATTR_ENUM (TYPE_NAME, ENUM, POS) VALUES ('percentCooledType', '20', 2);
EXCEPTION WHEN
	DUP_VAL_ON_INDEX THEN
		NULL;
END;
/
BEGIN
	INSERT INTO CSR.EST_ATTR_ENUM (TYPE_NAME, ENUM, POS) VALUES ('percentCooledType', '30', 3);
EXCEPTION WHEN
	DUP_VAL_ON_INDEX THEN
		NULL;
END;
/
BEGIN
	INSERT INTO CSR.EST_ATTR_ENUM (TYPE_NAME, ENUM, POS) VALUES ('percentCooledType', '40', 4);
EXCEPTION WHEN
	DUP_VAL_ON_INDEX THEN
		NULL;
END;
/
BEGIN
	INSERT INTO CSR.EST_ATTR_ENUM (TYPE_NAME, ENUM, POS) VALUES ('percentCooledType', '50', 5);
EXCEPTION WHEN
	DUP_VAL_ON_INDEX THEN
		NULL;
END;
/
BEGIN
	INSERT INTO CSR.EST_ATTR_ENUM (TYPE_NAME, ENUM, POS) VALUES ('percentCooledType', '60', 6);
EXCEPTION WHEN
	DUP_VAL_ON_INDEX THEN
		NULL;
END;
/
BEGIN
	INSERT INTO CSR.EST_ATTR_ENUM (TYPE_NAME, ENUM, POS) VALUES ('percentCooledType', '70', 7);
EXCEPTION WHEN
	DUP_VAL_ON_INDEX THEN
		NULL;
END;
/
BEGIN
	INSERT INTO CSR.EST_ATTR_ENUM (TYPE_NAME, ENUM, POS) VALUES ('percentCooledType', '80', 8);
EXCEPTION WHEN
	DUP_VAL_ON_INDEX THEN
		NULL;
END;
/
BEGIN
	INSERT INTO CSR.EST_ATTR_ENUM (TYPE_NAME, ENUM, POS) VALUES ('percentCooledType', '90', 9);
EXCEPTION WHEN
	DUP_VAL_ON_INDEX THEN
		NULL;
END;
/
BEGIN
	INSERT INTO CSR.EST_ATTR_ENUM (TYPE_NAME, ENUM, POS) VALUES ('percentCooledType', '100', 10);
EXCEPTION WHEN
	DUP_VAL_ON_INDEX THEN
		NULL;
END;
/
BEGIN
	INSERT INTO CSR.EST_ATTR_ENUM (TYPE_NAME, ENUM, POS) VALUES ('percentHeatedType', '0', 0);
EXCEPTION WHEN
	DUP_VAL_ON_INDEX THEN
		NULL;
END;
/
BEGIN
	INSERT INTO CSR.EST_ATTR_ENUM (TYPE_NAME, ENUM, POS) VALUES ('percentHeatedType', '10', 1);
EXCEPTION WHEN
	DUP_VAL_ON_INDEX THEN
		NULL;
END;
/
BEGIN
	INSERT INTO CSR.EST_ATTR_ENUM (TYPE_NAME, ENUM, POS) VALUES ('percentHeatedType', '20', 2);
EXCEPTION WHEN
	DUP_VAL_ON_INDEX THEN
		NULL;
END;
/
BEGIN
	INSERT INTO CSR.EST_ATTR_ENUM (TYPE_NAME, ENUM, POS) VALUES ('percentHeatedType', '30', 3);
EXCEPTION WHEN
	DUP_VAL_ON_INDEX THEN
		NULL;
END;
/
BEGIN
	INSERT INTO CSR.EST_ATTR_ENUM (TYPE_NAME, ENUM, POS) VALUES ('percentHeatedType', '40', 4);
EXCEPTION WHEN
	DUP_VAL_ON_INDEX THEN
		NULL;
END;
/
BEGIN
	INSERT INTO CSR.EST_ATTR_ENUM (TYPE_NAME, ENUM, POS) VALUES ('percentHeatedType', '50', 5);
EXCEPTION WHEN
	DUP_VAL_ON_INDEX THEN
		NULL;
END;
/
BEGIN
	INSERT INTO CSR.EST_ATTR_ENUM (TYPE_NAME, ENUM, POS) VALUES ('percentHeatedType', '60', 6);
EXCEPTION WHEN
	DUP_VAL_ON_INDEX THEN
		NULL;
END;
/
BEGIN
	INSERT INTO CSR.EST_ATTR_ENUM (TYPE_NAME, ENUM, POS) VALUES ('percentHeatedType', '70', 7);
EXCEPTION WHEN
	DUP_VAL_ON_INDEX THEN
		NULL;
END;
/
BEGIN
	INSERT INTO CSR.EST_ATTR_ENUM (TYPE_NAME, ENUM, POS) VALUES ('percentHeatedType', '80', 8);
EXCEPTION WHEN
	DUP_VAL_ON_INDEX THEN
		NULL;
END;
/
BEGIN
	INSERT INTO CSR.EST_ATTR_ENUM (TYPE_NAME, ENUM, POS) VALUES ('percentHeatedType', '90', 9);
EXCEPTION WHEN
	DUP_VAL_ON_INDEX THEN
		NULL;
END;
/
BEGIN
	INSERT INTO CSR.EST_ATTR_ENUM (TYPE_NAME, ENUM, POS) VALUES ('percentHeatedType', '100', 10);
EXCEPTION WHEN
	DUP_VAL_ON_INDEX THEN
		NULL;
END;
/
BEGIN
	INSERT INTO CSR.EST_ATTR_ENUM (TYPE_NAME, ENUM, POS) VALUES ('percentOfficeCooledType', '50% or more', 0);
EXCEPTION WHEN
	DUP_VAL_ON_INDEX THEN
		NULL;
END;
/
BEGIN
	INSERT INTO CSR.EST_ATTR_ENUM (TYPE_NAME, ENUM, POS) VALUES ('percentOfficeCooledType', 'Less than 50%', 1);
EXCEPTION WHEN
	DUP_VAL_ON_INDEX THEN
		NULL;
END;
/
BEGIN
	INSERT INTO CSR.EST_ATTR_ENUM (TYPE_NAME, ENUM, POS) VALUES ('percentOfficeCooledType', 'Not Air Conditioned', 2);
EXCEPTION WHEN
	DUP_VAL_ON_INDEX THEN
		NULL;
END;
/
BEGIN
	INSERT INTO CSR.EST_ATTR_ENUM (TYPE_NAME, ENUM, POS) VALUES ('percentOfficeHeatedType', '50% or more', 0);
EXCEPTION WHEN
	DUP_VAL_ON_INDEX THEN
		NULL;
END;
/
BEGIN
	INSERT INTO CSR.EST_ATTR_ENUM (TYPE_NAME, ENUM, POS) VALUES ('percentOfficeHeatedType', 'Less than 50%', 1);
EXCEPTION WHEN
	DUP_VAL_ON_INDEX THEN
		NULL;
END;
/
BEGIN
	INSERT INTO CSR.EST_ATTR_ENUM (TYPE_NAME, ENUM, POS) VALUES ('percentOfficeHeatedType', 'Not Heated', 2);
EXCEPTION WHEN
	DUP_VAL_ON_INDEX THEN
		NULL;
END;
/
BEGIN
	INSERT INTO CSR.EST_ATTR_ENUM (TYPE_NAME, ENUM, POS) VALUES ('poolType', 'Indoor', 0);
EXCEPTION WHEN
	DUP_VAL_ON_INDEX THEN
		NULL;
END;
/
BEGIN
	INSERT INTO CSR.EST_ATTR_ENUM (TYPE_NAME, ENUM, POS) VALUES ('poolType', 'Outdoor', 1);
EXCEPTION WHEN
	DUP_VAL_ON_INDEX THEN
		NULL;
END;
/
BEGIN
	INSERT INTO CSR.EST_ATTR_ENUM (TYPE_NAME, ENUM, POS) VALUES ('poolSizeType', 'Recreational (20 yards x 15 yards)', 0);
EXCEPTION WHEN
	DUP_VAL_ON_INDEX THEN
		NULL;
END;
/
BEGIN
	INSERT INTO CSR.EST_ATTR_ENUM (TYPE_NAME, ENUM, POS) VALUES ('poolSizeType', 'Short Course (25 yards x 20 yards)', 1);
EXCEPTION WHEN
	DUP_VAL_ON_INDEX THEN
		NULL;
END;
/
BEGIN
	INSERT INTO CSR.EST_ATTR_ENUM (TYPE_NAME, ENUM, POS) VALUES ('poolSizeType', 'Olympic (50 meters x 25 meters)', 2);
EXCEPTION WHEN
	DUP_VAL_ON_INDEX THEN
		NULL;
END;
/
BEGIN
	INSERT INTO CSR.EST_ATTR_ENUM (TYPE_NAME, ENUM, POS) VALUES ('residentPopulationType', 'No specific resident population', 0);
EXCEPTION WHEN
	DUP_VAL_ON_INDEX THEN
		NULL;
END;
/
BEGIN
	INSERT INTO CSR.EST_ATTR_ENUM (TYPE_NAME, ENUM, POS) VALUES ('residentPopulationType', 'Dedicated Student', 1);
EXCEPTION WHEN
	DUP_VAL_ON_INDEX THEN
		NULL;
END;
/
BEGIN
	INSERT INTO CSR.EST_ATTR_ENUM (TYPE_NAME, ENUM, POS) VALUES ('residentPopulationType', 'Dedicated Military', 2);
EXCEPTION WHEN
	DUP_VAL_ON_INDEX THEN
		NULL;
END;
/
BEGIN
	INSERT INTO CSR.EST_ATTR_ENUM (TYPE_NAME, ENUM, POS) VALUES ('residentPopulationType', 'Dedicated Senior/Independent Living', 3);
EXCEPTION WHEN
	DUP_VAL_ON_INDEX THEN
		NULL;
END;
/
BEGIN
	INSERT INTO CSR.EST_ATTR_ENUM (TYPE_NAME, ENUM, POS) VALUES ('residentPopulationType', 'Dedicated Special Accessibility Needs', 4);
EXCEPTION WHEN
	DUP_VAL_ON_INDEX THEN
		NULL;
END;
/
BEGIN
	INSERT INTO CSR.EST_ATTR_ENUM (TYPE_NAME, ENUM, POS) VALUES ('residentPopulationType', 'Other dedicated housing', 5);
EXCEPTION WHEN
	DUP_VAL_ON_INDEX THEN
		NULL;
END;
/
BEGIN
	INSERT INTO CSR.EST_ATTR_ENUM (TYPE_NAME, ENUM, POS) VALUES ('upsSystemRedundancyType', 'N', 0);
EXCEPTION WHEN
	DUP_VAL_ON_INDEX THEN
		NULL;
END;
/
BEGIN
	INSERT INTO CSR.EST_ATTR_ENUM (TYPE_NAME, ENUM, POS) VALUES ('upsSystemRedundancyType', 'N+1', 1);
EXCEPTION WHEN
	DUP_VAL_ON_INDEX THEN
		NULL;
END;
/
BEGIN
	INSERT INTO CSR.EST_ATTR_ENUM (TYPE_NAME, ENUM, POS) VALUES ('upsSystemRedundancyType', 'N+2', 2);
EXCEPTION WHEN
	DUP_VAL_ON_INDEX THEN
		NULL;
END;
/
BEGIN
	INSERT INTO CSR.EST_ATTR_ENUM (TYPE_NAME, ENUM, POS) VALUES ('upsSystemRedundancyType', '2N', 3);
EXCEPTION WHEN
	DUP_VAL_ON_INDEX THEN
		NULL;
END;
/
BEGIN
	INSERT INTO CSR.EST_ATTR_ENUM (TYPE_NAME, ENUM, POS) VALUES ('upsSystemRedundancyType', 'Greater than 2N', 4);
EXCEPTION WHEN
	DUP_VAL_ON_INDEX THEN
		NULL;
END;
/
BEGIN
	INSERT INTO CSR.EST_ATTR_ENUM (TYPE_NAME, ENUM, POS) VALUES ('upsSystemRedundancyType', 'None of the Above', 5);
EXCEPTION WHEN
	DUP_VAL_ON_INDEX THEN
		NULL;
END;
/

BEGIN
	INSERT INTO CSR.EST_ATTR_FOR_SPACE (ATTR_NAME, TYPE_NAME) VALUES ('areaOfAllWalkInRefrigerationUnits', 'optionalFloorAreaType');
EXCEPTION WHEN
	DUP_VAL_ON_INDEX THEN
		NULL;
END;
/
BEGIN
	INSERT INTO CSR.EST_ATTR_FOR_SPACE (ATTR_NAME, TYPE_NAME) VALUES ('lengthOfAllOpenClosedRefrigerationUnits', 'lengthOfAllOpenClosedRefrigerationUnitsType');
EXCEPTION WHEN
	DUP_VAL_ON_INDEX THEN
		NULL;
END;
/
BEGIN
	INSERT INTO CSR.EST_ATTR_FOR_SPACE (ATTR_NAME, TYPE_NAME) VALUES ('amountOfLaundryProcessedAnnually', 'amountOfLaundryProcessedAnnuallyType');
EXCEPTION WHEN
	DUP_VAL_ON_INDEX THEN
		NULL;
END;
/
BEGIN
	INSERT INTO CSR.EST_ATTR_FOR_SPACE (ATTR_NAME, TYPE_NAME) VALUES ('averageEffluentBiologicalOxygenDemand', 'useDecimalType');
EXCEPTION WHEN
	DUP_VAL_ON_INDEX THEN
		NULL;
END;
/
BEGIN
	INSERT INTO CSR.EST_ATTR_FOR_SPACE (ATTR_NAME, TYPE_NAME) VALUES ('averageInfluentBiologicalOxygenDemand', 'useDecimalType');
EXCEPTION WHEN
	DUP_VAL_ON_INDEX THEN
		NULL;
END;
/
BEGIN
	INSERT INTO CSR.EST_ATTR_FOR_SPACE (ATTR_NAME, TYPE_NAME) VALUES ('averageNumberOfResidents', 'useDecimalType');
EXCEPTION WHEN
	DUP_VAL_ON_INDEX THEN
		NULL;
END;
/
BEGIN
	INSERT INTO CSR.EST_ATTR_FOR_SPACE (ATTR_NAME, TYPE_NAME) VALUES ('completelyEnclosedFootage', 'grossFloorAreaType');
EXCEPTION WHEN
	DUP_VAL_ON_INDEX THEN
		NULL;
END;
/
BEGIN
	INSERT INTO CSR.EST_ATTR_FOR_SPACE (ATTR_NAME, TYPE_NAME) VALUES ('cookingFacilities', 'useYesNoType');
EXCEPTION WHEN
	DUP_VAL_ON_INDEX THEN
		NULL;
END;
/
BEGIN
	INSERT INTO CSR.EST_ATTR_FOR_SPACE (ATTR_NAME, TYPE_NAME) VALUES ('coolingEquipmentRedundancy', 'coolingEquipmentRedundancyType');
EXCEPTION WHEN
	DUP_VAL_ON_INDEX THEN
		NULL;
END;
/
BEGIN
	INSERT INTO CSR.EST_ATTR_FOR_SPACE (ATTR_NAME, TYPE_NAME) VALUES ('exteriorEntranceToThePublic', 'useYesNoType');
EXCEPTION WHEN
	DUP_VAL_ON_INDEX THEN
		NULL;
END;
/
BEGIN
	INSERT INTO CSR.EST_ATTR_FOR_SPACE (ATTR_NAME, TYPE_NAME) VALUES ('fixedFilmTrickleFiltrationProcess', 'useYesNoType');
EXCEPTION WHEN
	DUP_VAL_ON_INDEX THEN
		NULL;
END;
/
BEGIN
	INSERT INTO CSR.EST_ATTR_FOR_SPACE (ATTR_NAME, TYPE_NAME) VALUES ('fullServiceSpaFloorArea', 'optionalFloorAreaType');
EXCEPTION WHEN
	DUP_VAL_ON_INDEX THEN
		NULL;
END;
/
BEGIN
	INSERT INTO CSR.EST_ATTR_FOR_SPACE (ATTR_NAME, TYPE_NAME) VALUES ('enclosedFloorArea', 'optionalFloorAreaType');
EXCEPTION WHEN
	DUP_VAL_ON_INDEX THEN
		NULL;
END;
/
BEGIN
	INSERT INTO CSR.EST_ATTR_FOR_SPACE (ATTR_NAME, TYPE_NAME) VALUES ('governmentSubsidizedHousing', 'useYesNoType');
EXCEPTION WHEN
	DUP_VAL_ON_INDEX THEN
		NULL;
END;
/
BEGIN
	INSERT INTO CSR.EST_ATTR_FOR_SPACE (ATTR_NAME, TYPE_NAME) VALUES ('gymCenterFloorArea', 'optionalFloorAreaType');
EXCEPTION WHEN
	DUP_VAL_ON_INDEX THEN
		NULL;
END;
/
BEGIN
	INSERT INTO CSR.EST_ATTR_FOR_SPACE (ATTR_NAME, TYPE_NAME) VALUES ('hasComputerLab', 'useYesNoType');
EXCEPTION WHEN
	DUP_VAL_ON_INDEX THEN
		NULL;
END;
/
BEGIN
	INSERT INTO CSR.EST_ATTR_FOR_SPACE (ATTR_NAME, TYPE_NAME) VALUES ('hasDiningHall', 'useYesNoType');
EXCEPTION WHEN
	DUP_VAL_ON_INDEX THEN
		NULL;
END;
/
BEGIN
	INSERT INTO CSR.EST_ATTR_FOR_SPACE (ATTR_NAME, TYPE_NAME) VALUES ('hasLaboratory', 'useYesNoType');
EXCEPTION WHEN
	DUP_VAL_ON_INDEX THEN
		NULL;
END;
/
BEGIN
	INSERT INTO CSR.EST_ATTR_FOR_SPACE (ATTR_NAME, TYPE_NAME) VALUES ('hoursPerDayGuestsOnsite', 'hoursPerDayGuestsOnsiteType');
EXCEPTION WHEN
	DUP_VAL_ON_INDEX THEN
		NULL;
END;
/
BEGIN
	INSERT INTO CSR.EST_ATTR_FOR_SPACE (ATTR_NAME, TYPE_NAME) VALUES ('isHighSchool', 'useYesNoType');
EXCEPTION WHEN
	DUP_VAL_ON_INDEX THEN
		NULL;
END;
/
BEGIN
	INSERT INTO CSR.EST_ATTR_FOR_SPACE (ATTR_NAME, TYPE_NAME) VALUES ('isTertiaryCare', 'useYesNoType');
EXCEPTION WHEN
	DUP_VAL_ON_INDEX THEN
		NULL;
END;
/
BEGIN
	INSERT INTO CSR.EST_ATTR_FOR_SPACE (ATTR_NAME, TYPE_NAME) VALUES ('iceEvents', 'useYesNoType');
EXCEPTION WHEN
	DUP_VAL_ON_INDEX THEN
		NULL;
END;
/
BEGIN
	INSERT INTO CSR.EST_ATTR_FOR_SPACE (ATTR_NAME, TYPE_NAME) VALUES ('numberOfConcertShowEventsPerYear', 'useIntegerType');
EXCEPTION WHEN
	DUP_VAL_ON_INDEX THEN
		NULL;
END;
/
BEGIN
	INSERT INTO CSR.EST_ATTR_FOR_SPACE (ATTR_NAME, TYPE_NAME) VALUES ('numberOfSpecialOtherEventsPerYear', 'useIntegerType');
EXCEPTION WHEN
	DUP_VAL_ON_INDEX THEN
		NULL;
END;
/
BEGIN
	INSERT INTO CSR.EST_ATTR_FOR_SPACE (ATTR_NAME, TYPE_NAME) VALUES ('numberOfSportingEventsPerYear', 'useIntegerType');
EXCEPTION WHEN
	DUP_VAL_ON_INDEX THEN
		NULL;
END;
/
BEGIN
	INSERT INTO CSR.EST_ATTR_FOR_SPACE (ATTR_NAME, TYPE_NAME) VALUES ('numberOfSurgicalOperatingBeds', 'useDecimalType');
EXCEPTION WHEN
	DUP_VAL_ON_INDEX THEN
		NULL;
END;
/
BEGIN
	INSERT INTO CSR.EST_ATTR_FOR_SPACE (ATTR_NAME, TYPE_NAME) VALUES ('sizeOfElectronicScoreBoards', 'optionalFloorAreaType');
EXCEPTION WHEN
	DUP_VAL_ON_INDEX THEN
		NULL;
END;
/
BEGIN
	INSERT INTO CSR.EST_ATTR_FOR_SPACE (ATTR_NAME, TYPE_NAME) VALUES ('surgeryCenterFloorArea', 'optionalFloorAreaType');
EXCEPTION WHEN
	DUP_VAL_ON_INDEX THEN
		NULL;
END;
/
BEGIN
	INSERT INTO CSR.EST_ATTR_FOR_SPACE (ATTR_NAME, TYPE_NAME) VALUES ('itEnergyMeterConfiguration', 'itEnergyConfigurationType');
EXCEPTION WHEN
	DUP_VAL_ON_INDEX THEN
		NULL;
END;
/
BEGIN
	INSERT INTO CSR.EST_ATTR_FOR_SPACE (ATTR_NAME, TYPE_NAME) VALUES ('laundryFacility', 'onsiteLaundryType');
EXCEPTION WHEN
	DUP_VAL_ON_INDEX THEN
		NULL;
END;
/
BEGIN
	INSERT INTO CSR.EST_ATTR_FOR_SPACE (ATTR_NAME, TYPE_NAME) VALUES ('maximumNumberOfFloors', 'useIntegerType');
EXCEPTION WHEN
	DUP_VAL_ON_INDEX THEN
		NULL;
END;
/
BEGIN
	INSERT INTO CSR.EST_ATTR_FOR_SPACE (ATTR_NAME, TYPE_NAME) VALUES ('maximumResidentCapacity', 'useDecimalType');
EXCEPTION WHEN
	DUP_VAL_ON_INDEX THEN
		NULL;
END;
/
BEGIN
	INSERT INTO CSR.EST_ATTR_FOR_SPACE (ATTR_NAME, TYPE_NAME) VALUES ('licensedBedCapacity', 'useDecimalType');
EXCEPTION WHEN
	DUP_VAL_ON_INDEX THEN
		NULL;
END;
/
BEGIN
	INSERT INTO CSR.EST_ATTR_FOR_SPACE (ATTR_NAME, TYPE_NAME) VALUES ('monthsInUse', 'monthsInUseType');
EXCEPTION WHEN
	DUP_VAL_ON_INDEX THEN
		NULL;
END;
/
BEGIN
	INSERT INTO CSR.EST_ATTR_FOR_SPACE (ATTR_NAME, TYPE_NAME) VALUES ('numberOfBedrooms', 'useDecimalType');
EXCEPTION WHEN
	DUP_VAL_ON_INDEX THEN
		NULL;
END;
/
BEGIN
	INSERT INTO CSR.EST_ATTR_FOR_SPACE (ATTR_NAME, TYPE_NAME) VALUES ('numberOfCashRegisters', 'useDecimalType');
EXCEPTION WHEN
	DUP_VAL_ON_INDEX THEN
		NULL;
END;
/
BEGIN
	INSERT INTO CSR.EST_ATTR_FOR_SPACE (ATTR_NAME, TYPE_NAME) VALUES ('numberOfCommercialRefrigerationUnits', 'useDecimalType');
EXCEPTION WHEN
	DUP_VAL_ON_INDEX THEN
		NULL;
END;
/
BEGIN
	INSERT INTO CSR.EST_ATTR_FOR_SPACE (ATTR_NAME, TYPE_NAME) VALUES ('numberOfCommercialWashingMachines', 'useDecimalType');
EXCEPTION WHEN
	DUP_VAL_ON_INDEX THEN
		NULL;
END;
/
BEGIN
	INSERT INTO CSR.EST_ATTR_FOR_SPACE (ATTR_NAME, TYPE_NAME) VALUES ('numberOfComputers', 'useDecimalType');
EXCEPTION WHEN
	DUP_VAL_ON_INDEX THEN
		NULL;
END;
/
BEGIN
	INSERT INTO CSR.EST_ATTR_FOR_SPACE (ATTR_NAME, TYPE_NAME) VALUES ('numberOfResidentialLivingUnitsLowRiseSetting', 'useDecimalType');
EXCEPTION WHEN
	DUP_VAL_ON_INDEX THEN
		NULL;
END;
/
BEGIN
	INSERT INTO CSR.EST_ATTR_FOR_SPACE (ATTR_NAME, TYPE_NAME) VALUES ('numberOfFTEWorkers', 'useDecimalType');
EXCEPTION WHEN
	DUP_VAL_ON_INDEX THEN
		NULL;
END;
/
BEGIN
	INSERT INTO CSR.EST_ATTR_FOR_SPACE (ATTR_NAME, TYPE_NAME) VALUES ('numberOfGuestMealsServedPerYear', 'useIntegerType');
EXCEPTION WHEN
	DUP_VAL_ON_INDEX THEN
		NULL;
END;
/
BEGIN
	INSERT INTO CSR.EST_ATTR_FOR_SPACE (ATTR_NAME, TYPE_NAME) VALUES ('numberOfLaundryHookupsInAllUnits', 'useIntegerType');
EXCEPTION WHEN
	DUP_VAL_ON_INDEX THEN
		NULL;
END;
/
BEGIN
	INSERT INTO CSR.EST_ATTR_FOR_SPACE (ATTR_NAME, TYPE_NAME) VALUES ('numberOfLaundryHookupsInCommonArea', 'useIntegerType');
EXCEPTION WHEN
	DUP_VAL_ON_INDEX THEN
		NULL;
END;
/
BEGIN
	INSERT INTO CSR.EST_ATTR_FOR_SPACE (ATTR_NAME, TYPE_NAME) VALUES ('numberOfMriMachines', 'useDecimalType');
EXCEPTION WHEN
	DUP_VAL_ON_INDEX THEN
		NULL;
END;
/
BEGIN
	INSERT INTO CSR.EST_ATTR_FOR_SPACE (ATTR_NAME, TYPE_NAME) VALUES ('numberOfOpenClosedRefrigerationUnits', 'useDecimalType');
EXCEPTION WHEN
	DUP_VAL_ON_INDEX THEN
		NULL;
END;
/
BEGIN
	INSERT INTO CSR.EST_ATTR_FOR_SPACE (ATTR_NAME, TYPE_NAME) VALUES ('numberOfPeople', 'useIntegerType');
EXCEPTION WHEN
	DUP_VAL_ON_INDEX THEN
		NULL;
END;
/
BEGIN
	INSERT INTO CSR.EST_ATTR_FOR_SPACE (ATTR_NAME, TYPE_NAME) VALUES ('numberOfResidentialLiftSystems', 'useDecimalType');
EXCEPTION WHEN
	DUP_VAL_ON_INDEX THEN
		NULL;
END;
/
BEGIN
	INSERT INTO CSR.EST_ATTR_FOR_SPACE (ATTR_NAME, TYPE_NAME) VALUES ('numberOfResidentialLivingUnits', 'useDecimalType');
EXCEPTION WHEN
	DUP_VAL_ON_INDEX THEN
		NULL;
END;
/
BEGIN
	INSERT INTO CSR.EST_ATTR_FOR_SPACE (ATTR_NAME, TYPE_NAME) VALUES ('numberOfResidentialWashingMachines', 'useDecimalType');
EXCEPTION WHEN
	DUP_VAL_ON_INDEX THEN
		NULL;
END;
/
BEGIN
	INSERT INTO CSR.EST_ATTR_FOR_SPACE (ATTR_NAME, TYPE_NAME) VALUES ('numberOfRooms', 'useDecimalType');
EXCEPTION WHEN
	DUP_VAL_ON_INDEX THEN
		NULL;
END;
/
BEGIN
	INSERT INTO CSR.EST_ATTR_FOR_SPACE (ATTR_NAME, TYPE_NAME) VALUES ('numberOfHotelRooms', 'useDecimalType');
EXCEPTION WHEN
	DUP_VAL_ON_INDEX THEN
		NULL;
END;
/
BEGIN
	INSERT INTO CSR.EST_ATTR_FOR_SPACE (ATTR_NAME, TYPE_NAME) VALUES ('numberOfStaffedBeds', 'useDecimalType');
EXCEPTION WHEN
	DUP_VAL_ON_INDEX THEN
		NULL;
END;
/
BEGIN
	INSERT INTO CSR.EST_ATTR_FOR_SPACE (ATTR_NAME, TYPE_NAME) VALUES ('numberOfWalkInRefrigerationUnits', 'useDecimalType');
EXCEPTION WHEN
	DUP_VAL_ON_INDEX THEN
		NULL;
END;
/
BEGIN
	INSERT INTO CSR.EST_ATTR_FOR_SPACE (ATTR_NAME, TYPE_NAME) VALUES ('numberOfWeekdaysOpen', 'numberOfWeekdaysType');
EXCEPTION WHEN
	DUP_VAL_ON_INDEX THEN
		NULL;
END;
/
BEGIN
	INSERT INTO CSR.EST_ATTR_FOR_SPACE (ATTR_NAME, TYPE_NAME) VALUES ('numberOfWorkers', 'useDecimalType');
EXCEPTION WHEN
	DUP_VAL_ON_INDEX THEN
		NULL;
END;
/
BEGIN
	INSERT INTO CSR.EST_ATTR_FOR_SPACE (ATTR_NAME, TYPE_NAME) VALUES ('gymnasiumFloorArea', 'optionalFloorAreaType');
EXCEPTION WHEN
	DUP_VAL_ON_INDEX THEN
		NULL;
END;
/
BEGIN
	INSERT INTO CSR.EST_ATTR_FOR_SPACE (ATTR_NAME, TYPE_NAME) VALUES ('studentSeatingCapacity', 'useDecimalType');
EXCEPTION WHEN
	DUP_VAL_ON_INDEX THEN
		NULL;
END;
/
BEGIN
	INSERT INTO CSR.EST_ATTR_FOR_SPACE (ATTR_NAME, TYPE_NAME) VALUES ('nutrientRemoval', 'useYesNoType');
EXCEPTION WHEN
	DUP_VAL_ON_INDEX THEN
		NULL;
END;
/
BEGIN
	INSERT INTO CSR.EST_ATTR_FOR_SPACE (ATTR_NAME, TYPE_NAME) VALUES ('onSiteLaundryFacility', 'useYesNoType');
EXCEPTION WHEN
	DUP_VAL_ON_INDEX THEN
		NULL;
END;
/
BEGIN
	INSERT INTO CSR.EST_ATTR_FOR_SPACE (ATTR_NAME, TYPE_NAME) VALUES ('openFootage', 'grossFloorAreaType');
EXCEPTION WHEN
	DUP_VAL_ON_INDEX THEN
		NULL;
END;
/
BEGIN
	INSERT INTO CSR.EST_ATTR_FOR_SPACE (ATTR_NAME, TYPE_NAME) VALUES ('openOnWeekends', 'useYesNoType');
EXCEPTION WHEN
	DUP_VAL_ON_INDEX THEN
		NULL;
END;
/
BEGIN
	INSERT INTO CSR.EST_ATTR_FOR_SPACE (ATTR_NAME, TYPE_NAME) VALUES ('ownedBy', 'ownedByType');
EXCEPTION WHEN
	DUP_VAL_ON_INDEX THEN
		NULL;
END;
/
BEGIN
	INSERT INTO CSR.EST_ATTR_FOR_SPACE (ATTR_NAME, TYPE_NAME) VALUES ('partiallyEnclosedFootage', 'grossFloorAreaType');
EXCEPTION WHEN
	DUP_VAL_ON_INDEX THEN
		NULL;
END;
/
BEGIN
	INSERT INTO CSR.EST_ATTR_FOR_SPACE (ATTR_NAME, TYPE_NAME) VALUES ('percentCooled', 'percentCooledType');
EXCEPTION WHEN
	DUP_VAL_ON_INDEX THEN
		NULL;
END;
/
BEGIN
	INSERT INTO CSR.EST_ATTR_FOR_SPACE (ATTR_NAME, TYPE_NAME) VALUES ('percentHeated', 'percentHeatedType');
EXCEPTION WHEN
	DUP_VAL_ON_INDEX THEN
		NULL;
END;
/
BEGIN
	INSERT INTO CSR.EST_ATTR_FOR_SPACE (ATTR_NAME, TYPE_NAME) VALUES ('numberOfResidentialLivingUnitsMidRiseSetting', 'useDecimalType');
EXCEPTION WHEN
	DUP_VAL_ON_INDEX THEN
		NULL;
END;
/
BEGIN
	INSERT INTO CSR.EST_ATTR_FOR_SPACE (ATTR_NAME, TYPE_NAME) VALUES ('percentOfGrossFloorAreaThatIsCommonSpaceOnly', 'useDecimalType');
EXCEPTION WHEN
	DUP_VAL_ON_INDEX THEN
		NULL;
END;
/
BEGIN
	INSERT INTO CSR.EST_ATTR_FOR_SPACE (ATTR_NAME, TYPE_NAME) VALUES ('percentOfficeCooled', 'percentOfficeCooledType');
EXCEPTION WHEN
	DUP_VAL_ON_INDEX THEN
		NULL;
END;
/
BEGIN
	INSERT INTO CSR.EST_ATTR_FOR_SPACE (ATTR_NAME, TYPE_NAME) VALUES ('percentOfficeHeated', 'percentOfficeHeatedType');
EXCEPTION WHEN
	DUP_VAL_ON_INDEX THEN
		NULL;
END;
/
BEGIN
	INSERT INTO CSR.EST_ATTR_FOR_SPACE (ATTR_NAME, TYPE_NAME) VALUES ('plantDesignFlowRate', 'PlantDesignFlowRateType');
EXCEPTION WHEN
	DUP_VAL_ON_INDEX THEN
		NULL;
END;
/
BEGIN
	INSERT INTO CSR.EST_ATTR_FOR_SPACE (ATTR_NAME, TYPE_NAME) VALUES ('poolLocation', 'poolType');
EXCEPTION WHEN
	DUP_VAL_ON_INDEX THEN
		NULL;
END;
/
BEGIN
	INSERT INTO CSR.EST_ATTR_FOR_SPACE (ATTR_NAME, TYPE_NAME) VALUES ('poolSize', 'poolSizeType');
EXCEPTION WHEN
	DUP_VAL_ON_INDEX THEN
		NULL;
END;
/
BEGIN
	INSERT INTO CSR.EST_ATTR_FOR_SPACE (ATTR_NAME, TYPE_NAME) VALUES ('numberOfResidentialLivingUnitsHighRiseSetting', 'useDecimalType');
EXCEPTION WHEN
	DUP_VAL_ON_INDEX THEN
		NULL;
END;
/
BEGIN
	INSERT INTO CSR.EST_ATTR_FOR_SPACE (ATTR_NAME, TYPE_NAME) VALUES ('residentPopulation', 'residentPopulationType');
EXCEPTION WHEN
	DUP_VAL_ON_INDEX THEN
		NULL;
END;
/
BEGIN
	INSERT INTO CSR.EST_ATTR_FOR_SPACE (ATTR_NAME, TYPE_NAME) VALUES ('schoolDistrict', 'useStringType');
EXCEPTION WHEN
	DUP_VAL_ON_INDEX THEN
		NULL;
END;
/
BEGIN
	INSERT INTO CSR.EST_ATTR_FOR_SPACE (ATTR_NAME, TYPE_NAME) VALUES ('seatingCapacity', 'useDecimalType');
EXCEPTION WHEN
	DUP_VAL_ON_INDEX THEN
		NULL;
END;
/
BEGIN
	INSERT INTO CSR.EST_ATTR_FOR_SPACE (ATTR_NAME, TYPE_NAME) VALUES ('singleStore', 'useYesNoType');
EXCEPTION WHEN
	DUP_VAL_ON_INDEX THEN
		NULL;
END;
/
BEGIN
	INSERT INTO CSR.EST_ATTR_FOR_SPACE (ATTR_NAME, TYPE_NAME) VALUES ('totalGrossFloorArea', 'grossFloorAreaType');
EXCEPTION WHEN
	DUP_VAL_ON_INDEX THEN
		NULL;
END;
/
BEGIN
	INSERT INTO CSR.EST_ATTR_FOR_SPACE (ATTR_NAME, TYPE_NAME) VALUES ('upsSystemRedundancy', 'upsSystemRedundancyType');
EXCEPTION WHEN
	DUP_VAL_ON_INDEX THEN
		NULL;
END;
/
BEGIN
	INSERT INTO CSR.EST_ATTR_FOR_SPACE (ATTR_NAME, TYPE_NAME) VALUES ('supplementalHeating', 'useYesNoType');
EXCEPTION WHEN
	DUP_VAL_ON_INDEX THEN
		NULL;
END;
/
BEGIN
	INSERT INTO CSR.EST_ATTR_FOR_SPACE (ATTR_NAME, TYPE_NAME) VALUES ('weeklyOperatingHours', 'useDecimalType');
EXCEPTION WHEN
	DUP_VAL_ON_INDEX THEN
		NULL;
END;
/
BEGIN
	INSERT INTO CSR.EST_ATTR_FOR_SPACE (ATTR_NAME, TYPE_NAME) VALUES ('enrollment', 'useDecimalType');
EXCEPTION WHEN
	DUP_VAL_ON_INDEX THEN
		NULL;
END;
/
BEGIN
	INSERT INTO CSR.EST_ATTR_FOR_SPACE (ATTR_NAME, TYPE_NAME) VALUES ('grantDollars', 'useDecimalType');
EXCEPTION WHEN
	DUP_VAL_ON_INDEX THEN
		NULL;
END;
/

BEGIN
	INSERT INTO CSR.EST_ATTR_FOR_BUILDING (ATTR_NAME, TYPE_NAME, IS_MANDATORY, LABEL) VALUES ('score', 'buildingMetricNumeric', 0, 'ENERGY STAR Score');
EXCEPTION WHEN
	DUP_VAL_ON_INDEX THEN
		NULL;
END;
/
BEGIN
	INSERT INTO CSR.EST_ATTR_FOR_BUILDING (ATTR_NAME, TYPE_NAME, IS_MANDATORY, LABEL) VALUES ('medianSiteTotal', 'GJ', 0, 'National Median Site Energy Use');
EXCEPTION WHEN
	DUP_VAL_ON_INDEX THEN
		NULL;
END;
/
BEGIN
	INSERT INTO CSR.EST_ATTR_FOR_BUILDING (ATTR_NAME, TYPE_NAME, IS_MANDATORY, LABEL) VALUES ('medianSourceTotal', 'GJ', 0, 'National Median Source Energy Use');
EXCEPTION WHEN
	DUP_VAL_ON_INDEX THEN
		NULL;
END;
/
BEGIN
	INSERT INTO CSR.EST_ATTR_FOR_BUILDING (ATTR_NAME, TYPE_NAME, IS_MANDATORY, LABEL) VALUES ('medianSiteIntensity', 'GJ/m'||UNISTR('\00B2')||'', 0, 'National Median Site EUI');
EXCEPTION WHEN
	DUP_VAL_ON_INDEX THEN
		NULL;
END;
/
BEGIN
	INSERT INTO CSR.EST_ATTR_FOR_BUILDING (ATTR_NAME, TYPE_NAME, IS_MANDATORY, LABEL) VALUES ('medianSourceIntensity', 'GJ/m'||UNISTR('\00B2')||'', 0, 'National Median Source EUI');
EXCEPTION WHEN
	DUP_VAL_ON_INDEX THEN
		NULL;
END;
/
BEGIN
	INSERT INTO CSR.EST_ATTR_FOR_BUILDING (ATTR_NAME, TYPE_NAME, IS_MANDATORY, LABEL) VALUES ('medianWaterWasteWaterSiteIntensity', 'GJ/m'||UNISTR('\00B3')||'PJ', 0, 'National Median Water/Wastewater Site EUI');
EXCEPTION WHEN
	DUP_VAL_ON_INDEX THEN
		NULL;
END;
/
BEGIN
	INSERT INTO CSR.EST_ATTR_FOR_BUILDING (ATTR_NAME, TYPE_NAME, IS_MANDATORY, LABEL) VALUES ('medianWaterWasteWaterSourceIntensity', 'GJ/m'||UNISTR('\00B3')||'PJ', 0, 'National Median Water/Wastewater Source EUI');
EXCEPTION WHEN
	DUP_VAL_ON_INDEX THEN
		NULL;
END;
/
BEGIN
	INSERT INTO CSR.EST_ATTR_FOR_BUILDING (ATTR_NAME, TYPE_NAME, IS_MANDATORY, LABEL) VALUES ('percentBetterThanSiteIntensityMedian', 'buildingMetricNumeric', 0, 'Difference from National Median Site EUI');
EXCEPTION WHEN
	DUP_VAL_ON_INDEX THEN
		NULL;
END;
/
BEGIN
	INSERT INTO CSR.EST_ATTR_FOR_BUILDING (ATTR_NAME, TYPE_NAME, IS_MANDATORY, LABEL) VALUES ('percentBetterThanSourceIntensityMedian', 'buildingMetricNumeric', 0, 'Difference from National Median Source EUI');
EXCEPTION WHEN
	DUP_VAL_ON_INDEX THEN
		NULL;
END;
/
BEGIN
	INSERT INTO CSR.EST_ATTR_FOR_BUILDING (ATTR_NAME, TYPE_NAME, IS_MANDATORY, LABEL) VALUES ('percentBetterThanWaterWasteWaterSiteIntensityMedian', 'buildingMetricNumeric', 0, 'Difference from National Median Water/Wastewater Site EUI');
EXCEPTION WHEN
	DUP_VAL_ON_INDEX THEN
		NULL;
END;
/
BEGIN
	INSERT INTO CSR.EST_ATTR_FOR_BUILDING (ATTR_NAME, TYPE_NAME, IS_MANDATORY, LABEL) VALUES ('percentBetterThanWaterWasteWaterSourceIntensityMedian', 'buildingMetricNumeric', 0, 'Difference from National Median Water/Wastewater Source  EUI');
EXCEPTION WHEN
	DUP_VAL_ON_INDEX THEN
		NULL;
END;
/
BEGIN
	INSERT INTO CSR.EST_ATTR_FOR_BUILDING (ATTR_NAME, TYPE_NAME, IS_MANDATORY, LABEL) VALUES ('siteTotal', 'GJ', 0, 'Site Energy Use');
EXCEPTION WHEN
	DUP_VAL_ON_INDEX THEN
		NULL;
END;
/
BEGIN
	INSERT INTO CSR.EST_ATTR_FOR_BUILDING (ATTR_NAME, TYPE_NAME, IS_MANDATORY, LABEL) VALUES ('sourceTotal', 'GJ', 0, 'Source Energy Use');
EXCEPTION WHEN
	DUP_VAL_ON_INDEX THEN
		NULL;
END;
/
BEGIN
	INSERT INTO CSR.EST_ATTR_FOR_BUILDING (ATTR_NAME, TYPE_NAME, IS_MANDATORY, LABEL) VALUES ('siteIntensity', 'GJ/m'||UNISTR('\00B2')||'', 0, 'Site EUI');
EXCEPTION WHEN
	DUP_VAL_ON_INDEX THEN
		NULL;
END;
/
BEGIN
	INSERT INTO CSR.EST_ATTR_FOR_BUILDING (ATTR_NAME, TYPE_NAME, IS_MANDATORY, LABEL) VALUES ('sourceIntensity', 'GJ/m'||UNISTR('\00B2')||'', 0, 'Source EUI');
EXCEPTION WHEN
	DUP_VAL_ON_INDEX THEN
		NULL;
END;
/
BEGIN
	INSERT INTO CSR.EST_ATTR_FOR_BUILDING (ATTR_NAME, TYPE_NAME, IS_MANDATORY, LABEL) VALUES ('waterWasteWaterSiteIntensity', 'GJ/m'||UNISTR('\00B3')||'PJ', 0, 'Water/Wastewater Site EUI');
EXCEPTION WHEN
	DUP_VAL_ON_INDEX THEN
		NULL;
END;
/
BEGIN
	INSERT INTO CSR.EST_ATTR_FOR_BUILDING (ATTR_NAME, TYPE_NAME, IS_MANDATORY, LABEL) VALUES ('waterWasteWaterSourceIntensity', 'GJ/m'||UNISTR('\00B3')||'PJ', 0, 'Water/Wastewater Source EUI');
EXCEPTION WHEN
	DUP_VAL_ON_INDEX THEN
		NULL;
END;
/
BEGIN
	INSERT INTO CSR.EST_ATTR_FOR_BUILDING (ATTR_NAME, TYPE_NAME, IS_MANDATORY, LABEL) VALUES ('siteTotalWN', 'GJ', 0, 'Weather Normalized Site Energy Use');
EXCEPTION WHEN
	DUP_VAL_ON_INDEX THEN
		NULL;
END;
/
BEGIN
	INSERT INTO CSR.EST_ATTR_FOR_BUILDING (ATTR_NAME, TYPE_NAME, IS_MANDATORY, LABEL) VALUES ('sourceTotalWN', 'GJ', 0, 'Weather Normalized Source Energy Use');
EXCEPTION WHEN
	DUP_VAL_ON_INDEX THEN
		NULL;
END;
/
BEGIN
	INSERT INTO CSR.EST_ATTR_FOR_BUILDING (ATTR_NAME, TYPE_NAME, IS_MANDATORY, LABEL) VALUES ('siteIntensityWN', 'GJ/m'||UNISTR('\00B2')||'', 0, 'Weather Normalized Site EUI');
EXCEPTION WHEN
	DUP_VAL_ON_INDEX THEN
		NULL;
END;
/
BEGIN
	INSERT INTO CSR.EST_ATTR_FOR_BUILDING (ATTR_NAME, TYPE_NAME, IS_MANDATORY, LABEL) VALUES ('sourceIntensityWN', 'GJ/m'||UNISTR('\00B2')||'', 0, 'Weather Normalized Source EUI');
EXCEPTION WHEN
	DUP_VAL_ON_INDEX THEN
		NULL;
END;
/
BEGIN
	INSERT INTO CSR.EST_ATTR_FOR_BUILDING (ATTR_NAME, TYPE_NAME, IS_MANDATORY, LABEL) VALUES ('waterWasteWaterSiteIntensityWN', 'GJ/m'||UNISTR('\00B3')||'PJ', 0, 'Weather Normalized Water/Wastewater Site EUI');
EXCEPTION WHEN
	DUP_VAL_ON_INDEX THEN
		NULL;
END;
/
BEGIN
	INSERT INTO CSR.EST_ATTR_FOR_BUILDING (ATTR_NAME, TYPE_NAME, IS_MANDATORY, LABEL) VALUES ('waterWasteWaterSourceIntensityWN', 'GJ/m'||UNISTR('\00B3')||'PJ', 0, 'Weather Normalized Water/Wastewater Source EUI');
EXCEPTION WHEN
	DUP_VAL_ON_INDEX THEN
		NULL;
END;
/
BEGIN
	INSERT INTO CSR.EST_ATTR_FOR_BUILDING (ATTR_NAME, TYPE_NAME, IS_MANDATORY, LABEL) VALUES ('siteElectricityTotalWN', 'kWh', 0, 'Weather Normalized Site Electricity');
EXCEPTION WHEN
	DUP_VAL_ON_INDEX THEN
		NULL;
END;
/
BEGIN
	INSERT INTO CSR.EST_ATTR_FOR_BUILDING (ATTR_NAME, TYPE_NAME, IS_MANDATORY, LABEL) VALUES ('siteElectricityIntensityWN', 'kWh/m'||UNISTR('\00B2')||'', 0, 'Weather Normalized Site Electricity Intensity');
EXCEPTION WHEN
	DUP_VAL_ON_INDEX THEN
		NULL;
END;
/
BEGIN
	INSERT INTO CSR.EST_ATTR_FOR_BUILDING (ATTR_NAME, TYPE_NAME, IS_MANDATORY, LABEL) VALUES ('waterWasteWaterSiteElectricityIntensityWN', 'kWh/m'||UNISTR('\00B3')||'PJ', 0, 'Weather Normalized Water/Wastewater Site Electricity Intensity');
EXCEPTION WHEN
	DUP_VAL_ON_INDEX THEN
		NULL;
END;
/
BEGIN
	INSERT INTO CSR.EST_ATTR_FOR_BUILDING (ATTR_NAME, TYPE_NAME, IS_MANDATORY, LABEL) VALUES ('siteNaturalGasUseTotalWN', 'GJ', 0, 'Weather Normalized Site Natural Gas Use');
EXCEPTION WHEN
	DUP_VAL_ON_INDEX THEN
		NULL;
END;
/
BEGIN
	INSERT INTO CSR.EST_ATTR_FOR_BUILDING (ATTR_NAME, TYPE_NAME, IS_MANDATORY, LABEL) VALUES ('siteNaturalGasUseIntensityWN', 'GJ/m'||UNISTR('\00B2')||'', 0, 'Weather Normalized Site Natural Gas Intensity');
EXCEPTION WHEN
	DUP_VAL_ON_INDEX THEN
		NULL;
END;
/
BEGIN
	INSERT INTO CSR.EST_ATTR_FOR_BUILDING (ATTR_NAME, TYPE_NAME, IS_MANDATORY, LABEL) VALUES ('waterWasteWaterSiteNaturalGasUseIntensityWN', 'GJ/m'||UNISTR('\00B3')||'PJ', 0, 'Weather Normalized Water/Wastewater Site Natural Gas Intensity');
EXCEPTION WHEN
	DUP_VAL_ON_INDEX THEN
		NULL;
END;
/
BEGIN
	INSERT INTO CSR.EST_ATTR_FOR_BUILDING (ATTR_NAME, TYPE_NAME, IS_MANDATORY, LABEL) VALUES ('siteEnergyUseAdjustedToCurrentYear', 'GJ', 0, 'Site Energy Use - Adjusted to Current Year');
EXCEPTION WHEN
	DUP_VAL_ON_INDEX THEN
		NULL;
END;
/
BEGIN
	INSERT INTO CSR.EST_ATTR_FOR_BUILDING (ATTR_NAME, TYPE_NAME, IS_MANDATORY, LABEL) VALUES ('sourceEnergyUseAdjustedToCurrentYear', 'GJ', 0, 'Source Energy Use - Adjusted to Current Year');
EXCEPTION WHEN
	DUP_VAL_ON_INDEX THEN
		NULL;
END;
/
BEGIN
	INSERT INTO CSR.EST_ATTR_FOR_BUILDING (ATTR_NAME, TYPE_NAME, IS_MANDATORY, LABEL) VALUES ('siteIntensityAdjustedToCurrentYear', 'GJ/m'||UNISTR('\00B2')||'', 0, 'Site EUI - Adjusted to Current Year');
EXCEPTION WHEN
	DUP_VAL_ON_INDEX THEN
		NULL;
END;
/
BEGIN
	INSERT INTO CSR.EST_ATTR_FOR_BUILDING (ATTR_NAME, TYPE_NAME, IS_MANDATORY, LABEL) VALUES ('sourceIntensityAdjustedToCurrentYear', 'GJ/m'||UNISTR('\00B2')||'', 0, 'Source EUI - Adjusted to Current Year');
EXCEPTION WHEN
	DUP_VAL_ON_INDEX THEN
		NULL;
END;
/
BEGIN
	INSERT INTO CSR.EST_ATTR_FOR_BUILDING (ATTR_NAME, TYPE_NAME, IS_MANDATORY, LABEL) VALUES ('waterWasteWaterSiteIntensityAdjustedToCurrentYear', 'GJ/m'||UNISTR('\00B3')||'PJ', 0, 'Water/Wastewater Site EUI - Adjusted to Current Year');
EXCEPTION WHEN
	DUP_VAL_ON_INDEX THEN
		NULL;
END;
/
BEGIN
	INSERT INTO CSR.EST_ATTR_FOR_BUILDING (ATTR_NAME, TYPE_NAME, IS_MANDATORY, LABEL) VALUES ('waterWasteWaterSourceIntensityAdjustedToCurrentYear', 'GJ/m'||UNISTR('\00B3')||'PJ', 0, 'Water/Wastewater Source EUI - Adjusted to Current Year');
EXCEPTION WHEN
	DUP_VAL_ON_INDEX THEN
		NULL;
END;
/
BEGIN
	INSERT INTO CSR.EST_ATTR_FOR_BUILDING (ATTR_NAME, TYPE_NAME, IS_MANDATORY, LABEL) VALUES ('medianScore', 'buildingMetricNumeric', 0, 'National Median ENERGY STAR Score');
EXCEPTION WHEN
	DUP_VAL_ON_INDEX THEN
		NULL;
END;
/
BEGIN
	INSERT INTO CSR.EST_ATTR_FOR_BUILDING (ATTR_NAME, TYPE_NAME, IS_MANDATORY, LABEL) VALUES ('totalGHGEmissions', 'Metric Tons CO2e', 0, 'Total GHG Emissions');
EXCEPTION WHEN
	DUP_VAL_ON_INDEX THEN
		NULL;
END;
/
BEGIN
	INSERT INTO CSR.EST_ATTR_FOR_BUILDING (ATTR_NAME, TYPE_NAME, IS_MANDATORY, LABEL) VALUES ('totalGHGEmissionsIntensity', 'kgCO2e/m'||UNISTR('\00B2')||'', 0, 'Total GHG Emissions Intensity');
EXCEPTION WHEN
	DUP_VAL_ON_INDEX THEN
		NULL;
END;
/
BEGIN
	INSERT INTO CSR.EST_ATTR_FOR_BUILDING (ATTR_NAME, TYPE_NAME, IS_MANDATORY, LABEL) VALUES ('waterWasteWaterTotalGHGEmissionsIntensity', 'kgCO2e/m'||UNISTR('\00B3')||'PJ', 0, 'Water/Wastewater Total GHG Emissions Intensity');
EXCEPTION WHEN
	DUP_VAL_ON_INDEX THEN
		NULL;
END;
/
BEGIN
	INSERT INTO CSR.EST_ATTR_FOR_BUILDING (ATTR_NAME, TYPE_NAME, IS_MANDATORY, LABEL) VALUES ('directGHGEmissions', 'Metric Tons CO2e', 0, 'Direct GHG Emissions');
EXCEPTION WHEN
	DUP_VAL_ON_INDEX THEN
		NULL;
END;
/
BEGIN
	INSERT INTO CSR.EST_ATTR_FOR_BUILDING (ATTR_NAME, TYPE_NAME, IS_MANDATORY, LABEL) VALUES ('directGHGEmissionsIntensity', 'kgCO2e/m'||UNISTR('\00B2')||'', 0, 'Direct GHG Emissions Intensity');
EXCEPTION WHEN
	DUP_VAL_ON_INDEX THEN
		NULL;
END;
/
BEGIN
	INSERT INTO CSR.EST_ATTR_FOR_BUILDING (ATTR_NAME, TYPE_NAME, IS_MANDATORY, LABEL) VALUES ('waterWasteWaterDirectGHGEmissionsIntensity', 'kgCO2e/m'||UNISTR('\00B3')||'PJ', 0, 'Water/Wastewater Direct GHG Emissions Intensity');
EXCEPTION WHEN
	DUP_VAL_ON_INDEX THEN
		NULL;
END;
/
BEGIN
	INSERT INTO CSR.EST_ATTR_FOR_BUILDING (ATTR_NAME, TYPE_NAME, IS_MANDATORY, LABEL) VALUES ('indirectGHGEmissions', 'Metric Tons CO2e', 0, 'Indirect GHG Emissions');
EXCEPTION WHEN
	DUP_VAL_ON_INDEX THEN
		NULL;
END;
/
BEGIN
	INSERT INTO CSR.EST_ATTR_FOR_BUILDING (ATTR_NAME, TYPE_NAME, IS_MANDATORY, LABEL) VALUES ('indirectGHGEmissionsIntensity', 'kgCO2e/m'||UNISTR('\00B2')||'', 0, 'Indirect GHG Emissions Intensity');
EXCEPTION WHEN
	DUP_VAL_ON_INDEX THEN
		NULL;
END;
/
BEGIN
	INSERT INTO CSR.EST_ATTR_FOR_BUILDING (ATTR_NAME, TYPE_NAME, IS_MANDATORY, LABEL) VALUES ('waterWasteWaterIndirectGHGEmissionsIntensity', 'kgCO2e/m'||UNISTR('\00B3')||'PJ', 0, 'Water/Wastewater Indirect GHG Emissions Intensity');
EXCEPTION WHEN
	DUP_VAL_ON_INDEX THEN
		NULL;
END;
/
BEGIN
	INSERT INTO CSR.EST_ATTR_FOR_BUILDING (ATTR_NAME, TYPE_NAME, IS_MANDATORY, LABEL) VALUES ('biomassGHGEmissions', 'Metric Tons CO2e', 0, 'Biomass GHG Emissions');
EXCEPTION WHEN
	DUP_VAL_ON_INDEX THEN
		NULL;
END;
/
BEGIN
	INSERT INTO CSR.EST_ATTR_FOR_BUILDING (ATTR_NAME, TYPE_NAME, IS_MANDATORY, LABEL) VALUES ('biomassGHGEmissionsIntensity', 'kgCO2e/m'||UNISTR('\00B2')||'', 0, 'Biomass GHG Emissions Intensity');
EXCEPTION WHEN
	DUP_VAL_ON_INDEX THEN
		NULL;
END;
/
BEGIN
	INSERT INTO CSR.EST_ATTR_FOR_BUILDING (ATTR_NAME, TYPE_NAME, IS_MANDATORY, LABEL) VALUES ('waterWasteWaterBiomassGHGEmissionsIntensity', 'kgCO2e/m'||UNISTR('\00B3')||'PJ', 0, 'Water/Wastewater Biomass GHG Emissions Intensity');
EXCEPTION WHEN
	DUP_VAL_ON_INDEX THEN
		NULL;
END;
/
BEGIN
	INSERT INTO CSR.EST_ATTR_FOR_BUILDING (ATTR_NAME, TYPE_NAME, IS_MANDATORY, LABEL) VALUES ('egridOutputEmissionsRate', 'kgCO2e/GJ', 0, 'eGRID Output Emissions Rate');
EXCEPTION WHEN
	DUP_VAL_ON_INDEX THEN
		NULL;
END;
/
BEGIN
	INSERT INTO CSR.EST_ATTR_FOR_BUILDING (ATTR_NAME, TYPE_NAME, IS_MANDATORY, LABEL) VALUES ('regionalPowerGrid', 'buildingMetricString', 0, 'eGRID Subregion');
EXCEPTION WHEN
	DUP_VAL_ON_INDEX THEN
		NULL;
END;
/
BEGIN
	INSERT INTO CSR.EST_ATTR_FOR_BUILDING (ATTR_NAME, TYPE_NAME, IS_MANDATORY, LABEL) VALUES ('electricDistributionUtility', 'buildingMetricString', 0, 'Electric Distribution Utility');
EXCEPTION WHEN
	DUP_VAL_ON_INDEX THEN
		NULL;
END;
/
BEGIN
	INSERT INTO CSR.EST_ATTR_FOR_BUILDING (ATTR_NAME, TYPE_NAME, IS_MANDATORY, LABEL) VALUES ('powerPlant', 'buildingMetricString', 0, 'Power Plant');
EXCEPTION WHEN
	DUP_VAL_ON_INDEX THEN
		NULL;
END;
/
BEGIN
	INSERT INTO CSR.EST_ATTR_FOR_BUILDING (ATTR_NAME, TYPE_NAME, IS_MANDATORY, LABEL) VALUES ('medianTotalGHGEmissions', 'Metric Tons CO2e', 0, 'National Median Total GHG Emissions');
EXCEPTION WHEN
	DUP_VAL_ON_INDEX THEN
		NULL;
END;
/
BEGIN
	INSERT INTO CSR.EST_ATTR_FOR_BUILDING (ATTR_NAME, TYPE_NAME, IS_MANDATORY, LABEL) VALUES ('energyStarCertificationYears', 'buildingMetricString', 0, 'ENERGY STAR Certification - Year(s) Certified');
EXCEPTION WHEN
	DUP_VAL_ON_INDEX THEN
		NULL;
END;
/
BEGIN
	INSERT INTO CSR.EST_ATTR_FOR_BUILDING (ATTR_NAME, TYPE_NAME, IS_MANDATORY, LABEL) VALUES ('energyStarCertificationEligibility', 'buildingMetricString', 0, 'ENERGY STAR Certification - Eligibility');
EXCEPTION WHEN
	DUP_VAL_ON_INDEX THEN
		NULL;
END;
/
BEGIN
	INSERT INTO CSR.EST_ATTR_FOR_BUILDING (ATTR_NAME, TYPE_NAME, IS_MANDATORY, LABEL) VALUES ('energyStarCertificationApplicationStatus', 'buildingMetricString', 0, 'ENERGY STAR Certification - Application Status');
EXCEPTION WHEN
	DUP_VAL_ON_INDEX THEN
		NULL;
END;
/
BEGIN
	INSERT INTO CSR.EST_ATTR_FOR_BUILDING (ATTR_NAME, TYPE_NAME, IS_MANDATORY, LABEL) VALUES ('energyStarCertificationProfilePublished', 'buildingMetricString', 0, 'ENERGY STAR Certification - Profile Published');
EXCEPTION WHEN
	DUP_VAL_ON_INDEX THEN
		NULL;
END;
/
BEGIN
	INSERT INTO CSR.EST_ATTR_FOR_BUILDING (ATTR_NAME, TYPE_NAME, IS_MANDATORY, LABEL) VALUES ('targetScore', 'buildingMetricNumeric', 0, 'Target ENERGY STAR Score');
EXCEPTION WHEN
	DUP_VAL_ON_INDEX THEN
		NULL;
END;
/
BEGIN
	INSERT INTO CSR.EST_ATTR_FOR_BUILDING (ATTR_NAME, TYPE_NAME, IS_MANDATORY, LABEL) VALUES ('targetPercentBetterThanSourceIntensityMedian', 'buildingMetricNumeric', 0, 'Target % Better Than Median Source EUI');
EXCEPTION WHEN
	DUP_VAL_ON_INDEX THEN
		NULL;
END;
/
BEGIN
	INSERT INTO CSR.EST_ATTR_FOR_BUILDING (ATTR_NAME, TYPE_NAME, IS_MANDATORY, LABEL) VALUES ('targetSiteTotal', 'GJ', 0, 'Target Site Energy Use');
EXCEPTION WHEN
	DUP_VAL_ON_INDEX THEN
		NULL;
END;
/
BEGIN
	INSERT INTO CSR.EST_ATTR_FOR_BUILDING (ATTR_NAME, TYPE_NAME, IS_MANDATORY, LABEL) VALUES ('targetSourceTotal', 'GJ', 0, 'Target Source Energy Use');
EXCEPTION WHEN
	DUP_VAL_ON_INDEX THEN
		NULL;
END;
/
BEGIN
	INSERT INTO CSR.EST_ATTR_FOR_BUILDING (ATTR_NAME, TYPE_NAME, IS_MANDATORY, LABEL) VALUES ('targetSiteIntensity', 'GJ/m'||UNISTR('\00B2')||'', 0, 'Target Site EUI');
EXCEPTION WHEN
	DUP_VAL_ON_INDEX THEN
		NULL;
END;
/
BEGIN
	INSERT INTO CSR.EST_ATTR_FOR_BUILDING (ATTR_NAME, TYPE_NAME, IS_MANDATORY, LABEL) VALUES ('targetSourceIntensity', 'GJ/m'||UNISTR('\00B2')||'', 0, 'Target Source EUI');
EXCEPTION WHEN
	DUP_VAL_ON_INDEX THEN
		NULL;
END;
/
BEGIN
	INSERT INTO CSR.EST_ATTR_FOR_BUILDING (ATTR_NAME, TYPE_NAME, IS_MANDATORY, LABEL) VALUES ('targetWaterWasteWaterSiteIntensity', 'GJ/m'||UNISTR('\00B3')||'PJ', 0, 'Target Water/Wastewater Site EUI');
EXCEPTION WHEN
	DUP_VAL_ON_INDEX THEN
		NULL;
END;
/
BEGIN
	INSERT INTO CSR.EST_ATTR_FOR_BUILDING (ATTR_NAME, TYPE_NAME, IS_MANDATORY, LABEL) VALUES ('targetWaterWasteWaterSourceIntensity', 'GJ/m'||UNISTR('\00B3')||'PJ', 0, 'Target Water/Wastewater Source EUI');
EXCEPTION WHEN
	DUP_VAL_ON_INDEX THEN
		NULL;
END;
/
BEGIN
	INSERT INTO CSR.EST_ATTR_FOR_BUILDING (ATTR_NAME, TYPE_NAME, IS_MANDATORY, LABEL) VALUES ('targetEnergyCost', 'USD', 0, 'Target Energy Cost');
EXCEPTION WHEN
	DUP_VAL_ON_INDEX THEN
		NULL;
END;
/
BEGIN
	INSERT INTO CSR.EST_ATTR_FOR_BUILDING (ATTR_NAME, TYPE_NAME, IS_MANDATORY, LABEL) VALUES ('targetTotalGHGEmissions', 'Metric Tons CO2e', 0, 'Target Total GHG Emissions');
EXCEPTION WHEN
	DUP_VAL_ON_INDEX THEN
		NULL;
END;
/
BEGIN
	INSERT INTO CSR.EST_ATTR_FOR_BUILDING (ATTR_NAME, TYPE_NAME, IS_MANDATORY, LABEL) VALUES ('designTargetScore', 'buildingMetricNumeric', 0, 'Design Target ENERGY STAR Score');
EXCEPTION WHEN
	DUP_VAL_ON_INDEX THEN
		NULL;
END;
/
BEGIN
	INSERT INTO CSR.EST_ATTR_FOR_BUILDING (ATTR_NAME, TYPE_NAME, IS_MANDATORY, LABEL) VALUES ('designTargetBetterThanMedianSourceIntensity', 'buildingMetricNumeric', 0, 'Design Target % Better Than Median Source EUI');
EXCEPTION WHEN
	DUP_VAL_ON_INDEX THEN
		NULL;
END;
/
BEGIN
	INSERT INTO CSR.EST_ATTR_FOR_BUILDING (ATTR_NAME, TYPE_NAME, IS_MANDATORY, LABEL) VALUES ('designTargetSiteTotal', 'GJ', 0, 'Design Target Site Energy Use');
EXCEPTION WHEN
	DUP_VAL_ON_INDEX THEN
		NULL;
END;
/
BEGIN
	INSERT INTO CSR.EST_ATTR_FOR_BUILDING (ATTR_NAME, TYPE_NAME, IS_MANDATORY, LABEL) VALUES ('designTargetSourceTotal', 'GJ', 0, 'Design Target Source Energy Use');
EXCEPTION WHEN
	DUP_VAL_ON_INDEX THEN
		NULL;
END;
/
BEGIN
	INSERT INTO CSR.EST_ATTR_FOR_BUILDING (ATTR_NAME, TYPE_NAME, IS_MANDATORY, LABEL) VALUES ('designTargetSiteIntensity', 'GJ/m'||UNISTR('\00B2')||'', 0, 'Design Target Site EUI');
EXCEPTION WHEN
	DUP_VAL_ON_INDEX THEN
		NULL;
END;
/
BEGIN
	INSERT INTO CSR.EST_ATTR_FOR_BUILDING (ATTR_NAME, TYPE_NAME, IS_MANDATORY, LABEL) VALUES ('designTargetSourceIntensity', 'GJ/m'||UNISTR('\00B2')||'', 0, 'Design Target Source EUI');
EXCEPTION WHEN
	DUP_VAL_ON_INDEX THEN
		NULL;
END;
/
BEGIN
	INSERT INTO CSR.EST_ATTR_FOR_BUILDING (ATTR_NAME, TYPE_NAME, IS_MANDATORY, LABEL) VALUES ('designTargetWaterWasteWaterSiteIntensity', 'GJ/m'||UNISTR('\00B3')||'PJ', 0, 'Design Target Water/Wastewater Site EUI');
EXCEPTION WHEN
	DUP_VAL_ON_INDEX THEN
		NULL;
END;
/
BEGIN
	INSERT INTO CSR.EST_ATTR_FOR_BUILDING (ATTR_NAME, TYPE_NAME, IS_MANDATORY, LABEL) VALUES ('designTargetWaterWasteWaterSourceIntensity', 'GJ/m'||UNISTR('\00B3')||'PJ', 0, 'Design Target Water/Wastewater Source EUI');
EXCEPTION WHEN
	DUP_VAL_ON_INDEX THEN
		NULL;
END;
/
BEGIN
	INSERT INTO CSR.EST_ATTR_FOR_BUILDING (ATTR_NAME, TYPE_NAME, IS_MANDATORY, LABEL) VALUES ('designTargetEnergyCost', 'USD', 0, 'Design Target Energy Cost');
EXCEPTION WHEN
	DUP_VAL_ON_INDEX THEN
		NULL;
END;
/
BEGIN
	INSERT INTO CSR.EST_ATTR_FOR_BUILDING (ATTR_NAME, TYPE_NAME, IS_MANDATORY, LABEL) VALUES ('designTargetTotalGHGEmissions', 'Metric Tons CO2e', 0, 'Design Target Total GHG Emissions');
EXCEPTION WHEN
	DUP_VAL_ON_INDEX THEN
		NULL;
END;
/
BEGIN
	INSERT INTO CSR.EST_ATTR_FOR_BUILDING (ATTR_NAME, TYPE_NAME, IS_MANDATORY, LABEL) VALUES ('designTargetTotalGHGEmissionsIntensity', 'kgCO2e/m'||UNISTR('\00B2')||'', 0, 'Design Target Total GHG Emissions Intensity');
EXCEPTION WHEN
	DUP_VAL_ON_INDEX THEN
		NULL;
END;
/
BEGIN
	INSERT INTO CSR.EST_ATTR_FOR_BUILDING (ATTR_NAME, TYPE_NAME, IS_MANDATORY, LABEL) VALUES ('targetTotalGHGEmissionsIntensity', 'kgCO2e/m'||UNISTR('\00B2')||'', 0, 'Target Total GHG Emissions Intensity');
EXCEPTION WHEN
	DUP_VAL_ON_INDEX THEN
		NULL;
END;
/
BEGIN
	INSERT INTO CSR.EST_ATTR_FOR_BUILDING (ATTR_NAME, TYPE_NAME, IS_MANDATORY, LABEL) VALUES ('dataCenterUPSOutputSiteEnergy', 'kWh', 0, 'Data Center - UPS Output Meter');
EXCEPTION WHEN
	DUP_VAL_ON_INDEX THEN
		NULL;
END;
/
BEGIN
	INSERT INTO CSR.EST_ATTR_FOR_BUILDING (ATTR_NAME, TYPE_NAME, IS_MANDATORY, LABEL) VALUES ('dataCenterPDUInputSiteEnergy', 'kWh', 0, 'Data Center - PDU Input Meter');
EXCEPTION WHEN
	DUP_VAL_ON_INDEX THEN
		NULL;
END;
/
BEGIN
	INSERT INTO CSR.EST_ATTR_FOR_BUILDING (ATTR_NAME, TYPE_NAME, IS_MANDATORY, LABEL) VALUES ('dataCenterPDUOutputSiteEnergy', 'kWh', 0, 'Data Center - PDU Output Meter');
EXCEPTION WHEN
	DUP_VAL_ON_INDEX THEN
		NULL;
END;
/
BEGIN
	INSERT INTO CSR.EST_ATTR_FOR_BUILDING (ATTR_NAME, TYPE_NAME, IS_MANDATORY, LABEL) VALUES ('dataCenterITEquipmentInputSiteEnergy', 'kWh', 0, 'Data Center - IT Equipment Input Meter');
EXCEPTION WHEN
	DUP_VAL_ON_INDEX THEN
		NULL;
END;
/
BEGIN
	INSERT INTO CSR.EST_ATTR_FOR_BUILDING (ATTR_NAME, TYPE_NAME, IS_MANDATORY, LABEL) VALUES ('dataCenterITSiteEnergy', 'kWh', 0, 'Data Center - IT Site Energy');
EXCEPTION WHEN
	DUP_VAL_ON_INDEX THEN
		NULL;
END;
/
BEGIN
	INSERT INTO CSR.EST_ATTR_FOR_BUILDING (ATTR_NAME, TYPE_NAME, IS_MANDATORY, LABEL) VALUES ('dataCenterITSourceEnergy', 'GJ', 0, 'Data Center - IT Source Energy');
EXCEPTION WHEN
	DUP_VAL_ON_INDEX THEN
		NULL;
END;
/
BEGIN
	INSERT INTO CSR.EST_ATTR_FOR_BUILDING (ATTR_NAME, TYPE_NAME, IS_MANDATORY, LABEL) VALUES ('dataCenterSourcePUE', 'buildingMetricNumeric', 0, 'Data Center - PUE');
EXCEPTION WHEN
	DUP_VAL_ON_INDEX THEN
		NULL;
END;
/
BEGIN
	INSERT INTO CSR.EST_ATTR_FOR_BUILDING (ATTR_NAME, TYPE_NAME, IS_MANDATORY, LABEL) VALUES ('dataCenterPUEMedian', 'buildingMetricNumeric', 0, 'Data Center - National Median PUE');
EXCEPTION WHEN
	DUP_VAL_ON_INDEX THEN
		NULL;
END;
/
BEGIN
	INSERT INTO CSR.EST_ATTR_FOR_BUILDING (ATTR_NAME, TYPE_NAME, IS_MANDATORY, LABEL) VALUES ('waterUseTotal', 'm'||UNISTR('\00B3')||'', 0, 'Water Use (All Water Sources)');
EXCEPTION WHEN
	DUP_VAL_ON_INDEX THEN
		NULL;
END;
/
BEGIN
	INSERT INTO CSR.EST_ATTR_FOR_BUILDING (ATTR_NAME, TYPE_NAME, IS_MANDATORY, LABEL) VALUES ('indoorWaterUseTotalAllWaterSources', 'm'||UNISTR('\00B3')||'', 0, 'Indoor Water Use (All Water Sources)');
EXCEPTION WHEN
	DUP_VAL_ON_INDEX THEN
		NULL;
END;
/
BEGIN
	INSERT INTO CSR.EST_ATTR_FOR_BUILDING (ATTR_NAME, TYPE_NAME, IS_MANDATORY, LABEL) VALUES ('indoorWaterIntensityAllWaterSources', 'm'||UNISTR('\00B3')||'/m'||UNISTR('\00B2')||'', 0, 'Indoor Water Intensity (All Water Sources)');
EXCEPTION WHEN
	DUP_VAL_ON_INDEX THEN
		NULL;
END;
/
BEGIN
	INSERT INTO CSR.EST_ATTR_FOR_BUILDING (ATTR_NAME, TYPE_NAME, IS_MANDATORY, LABEL) VALUES ('outdoorWaterUseTotalAllWaterSources', 'm'||UNISTR('\00B3')||'', 0, 'Outdoor Water Use (All Water Sources)');
EXCEPTION WHEN
	DUP_VAL_ON_INDEX THEN
		NULL;
END;
/
BEGIN
	INSERT INTO CSR.EST_ATTR_FOR_BUILDING (ATTR_NAME, TYPE_NAME, IS_MANDATORY, LABEL) VALUES ('municipallySuppliedPotableWaterMixedUse', 'm'||UNISTR('\00B3')||'', 0, 'Municipally Supplied Potable Water - Mixed Indoor/Outdoor Use');
EXCEPTION WHEN
	DUP_VAL_ON_INDEX THEN
		NULL;
END;
/
BEGIN
	INSERT INTO CSR.EST_ATTR_FOR_BUILDING (ATTR_NAME, TYPE_NAME, IS_MANDATORY, LABEL) VALUES ('municipallySuppliedPotableWaterIndoorUse', 'm'||UNISTR('\00B3')||'', 0, 'Municipally Supplied Potable Water - Indoor Use');
EXCEPTION WHEN
	DUP_VAL_ON_INDEX THEN
		NULL;
END;
/
BEGIN
	INSERT INTO CSR.EST_ATTR_FOR_BUILDING (ATTR_NAME, TYPE_NAME, IS_MANDATORY, LABEL) VALUES ('municipallySuppliedPotableWaterIndoorIntensity', 'm'||UNISTR('\00B3')||'/m'||UNISTR('\00B2')||'', 0, 'Municipally Supplied Potable Water - Indoor Intensity');
EXCEPTION WHEN
	DUP_VAL_ON_INDEX THEN
		NULL;
END;
/
BEGIN
	INSERT INTO CSR.EST_ATTR_FOR_BUILDING (ATTR_NAME, TYPE_NAME, IS_MANDATORY, LABEL) VALUES ('municipallySuppliedPotableWaterOutdoorUse', 'm'||UNISTR('\00B3')||'', 0, 'Municipally Supplied Potable Water - Outdoor Use');
EXCEPTION WHEN
	DUP_VAL_ON_INDEX THEN
		NULL;
END;
/
BEGIN
	INSERT INTO CSR.EST_ATTR_FOR_BUILDING (ATTR_NAME, TYPE_NAME, IS_MANDATORY, LABEL) VALUES ('municipallySuppliedReclaimedWaterMixedUse', 'm'||UNISTR('\00B3')||'', 0, 'Municipally Supplied Reclaimed Water - Mixed Indoor/Outdoor Use');
EXCEPTION WHEN
	DUP_VAL_ON_INDEX THEN
		NULL;
END;
/
BEGIN
	INSERT INTO CSR.EST_ATTR_FOR_BUILDING (ATTR_NAME, TYPE_NAME, IS_MANDATORY, LABEL) VALUES ('municipallySuppliedReclaimedWaterIndoorUse', 'm'||UNISTR('\00B3')||'', 0, 'Municipally Supplied Reclaimed Water - Indoor Use');
EXCEPTION WHEN
	DUP_VAL_ON_INDEX THEN
		NULL;
END;
/
BEGIN
	INSERT INTO CSR.EST_ATTR_FOR_BUILDING (ATTR_NAME, TYPE_NAME, IS_MANDATORY, LABEL) VALUES ('municipallySuppliedReclaimedWaterIndoorIntensity', 'm'||UNISTR('\00B3')||'/m'||UNISTR('\00B2')||'', 0, 'Municipally Supplied Reclaimed Water - Indoor Intensity');
EXCEPTION WHEN
	DUP_VAL_ON_INDEX THEN
		NULL;
END;
/
BEGIN
	INSERT INTO CSR.EST_ATTR_FOR_BUILDING (ATTR_NAME, TYPE_NAME, IS_MANDATORY, LABEL) VALUES ('municipallySuppliedReclaimedWaterOutdoorUse', 'm'||UNISTR('\00B3')||'', 0, 'Municipally Supplied Reclaimed Water - Outdoor Use');
EXCEPTION WHEN
	DUP_VAL_ON_INDEX THEN
		NULL;
END;
/
BEGIN
	INSERT INTO CSR.EST_ATTR_FOR_BUILDING (ATTR_NAME, TYPE_NAME, IS_MANDATORY, LABEL) VALUES ('alternativeWaterGeneratedOnsiteMixedUse', 'm'||UNISTR('\00B3')||'', 0, 'Alternative Water Generated On Site - Mixed Indoor/Outdoor Use');
EXCEPTION WHEN
	DUP_VAL_ON_INDEX THEN
		NULL;
END;
/
BEGIN
	INSERT INTO CSR.EST_ATTR_FOR_BUILDING (ATTR_NAME, TYPE_NAME, IS_MANDATORY, LABEL) VALUES ('alternativeWaterGeneratedOnsiteIndoorUse', 'm'||UNISTR('\00B3')||'', 0, 'Alternative Water Generated On Site - Indoor Use');
EXCEPTION WHEN
	DUP_VAL_ON_INDEX THEN
		NULL;
END;
/
BEGIN
	INSERT INTO CSR.EST_ATTR_FOR_BUILDING (ATTR_NAME, TYPE_NAME, IS_MANDATORY, LABEL) VALUES ('alternativeWaterGeneratedOnsiteIndoorIntensity', 'm'||UNISTR('\00B3')||'/m'||UNISTR('\00B2')||'', 0, 'Alternative Water Generated On Site - Indoor Intensity');
EXCEPTION WHEN
	DUP_VAL_ON_INDEX THEN
		NULL;
END;
/
BEGIN
	INSERT INTO CSR.EST_ATTR_FOR_BUILDING (ATTR_NAME, TYPE_NAME, IS_MANDATORY, LABEL) VALUES ('alternativeWaterGeneratedOnsiteOutdoorUse', 'm'||UNISTR('\00B3')||'', 0, 'Alternative Water Generated On Site - Outdoor Use');
EXCEPTION WHEN
	DUP_VAL_ON_INDEX THEN
		NULL;
END;
/
BEGIN
	INSERT INTO CSR.EST_ATTR_FOR_BUILDING (ATTR_NAME, TYPE_NAME, IS_MANDATORY, LABEL) VALUES ('otherWaterSourcesMixedUse', 'm'||UNISTR('\00B3')||'', 0, 'Other Water Sources - Mixed Indoor/Outdoor Use');
EXCEPTION WHEN
	DUP_VAL_ON_INDEX THEN
		NULL;
END;
/
BEGIN
	INSERT INTO CSR.EST_ATTR_FOR_BUILDING (ATTR_NAME, TYPE_NAME, IS_MANDATORY, LABEL) VALUES ('otherWaterSourcesIndoorUse', 'm'||UNISTR('\00B3')||'', 0, 'Other Water Sources - Indoor Use');
EXCEPTION WHEN
	DUP_VAL_ON_INDEX THEN
		NULL;
END;
/
BEGIN
	INSERT INTO CSR.EST_ATTR_FOR_BUILDING (ATTR_NAME, TYPE_NAME, IS_MANDATORY, LABEL) VALUES ('otherWaterSourcesIndoorIntensity', 'm'||UNISTR('\00B3')||'/m'||UNISTR('\00B2')||'', 0, 'Other Water Sources - Indoor Intensity');
EXCEPTION WHEN
	DUP_VAL_ON_INDEX THEN
		NULL;
END;
/
BEGIN
	INSERT INTO CSR.EST_ATTR_FOR_BUILDING (ATTR_NAME, TYPE_NAME, IS_MANDATORY, LABEL) VALUES ('otherWaterSourcesOutdoorUse', 'm'||UNISTR('\00B3')||'', 0, 'Other Water Sources - Outdoor Use');
EXCEPTION WHEN
	DUP_VAL_ON_INDEX THEN
		NULL;
END;
/
BEGIN
	INSERT INTO CSR.EST_ATTR_FOR_BUILDING (ATTR_NAME, TYPE_NAME, IS_MANDATORY, LABEL) VALUES ('bldgGrossFloorArea', 'grossFloorAreaType', 1, 'Building Gross Floor Area');
EXCEPTION WHEN
	DUP_VAL_ON_INDEX THEN
		NULL;
END;
/
BEGIN
	INSERT INTO CSR.EST_ATTR_FOR_BUILDING (ATTR_NAME, TYPE_NAME, IS_MANDATORY, LABEL) VALUES ('numberOfBuildings', 'numberOfBuildingsType', 0, 'Number of Buildings');
EXCEPTION WHEN
	DUP_VAL_ON_INDEX THEN
		NULL;
END;
/
BEGIN
	INSERT INTO CSR.EST_ATTR_FOR_BUILDING (ATTR_NAME, TYPE_NAME, IS_MANDATORY, LABEL) VALUES ('occupancyPercentage', 'occupancyPercentageType', 0, 'Occupancy Percentage');
EXCEPTION WHEN
	DUP_VAL_ON_INDEX THEN
		NULL;
END;
/

BEGIN
	INSERT INTO CSR.EST_SPACE_TYPE (EST_SPACE_TYPE, LABEL) VALUES ('adultEducation', 'Adult Education');
EXCEPTION WHEN
	DUP_VAL_ON_INDEX THEN
		NULL;
END;
/
BEGIN
	INSERT INTO CSR.EST_SPACE_TYPE (EST_SPACE_TYPE, LABEL) VALUES ('ambulatorySurgicalCenter', 'Ambulatory Surgical Center');
EXCEPTION WHEN
	DUP_VAL_ON_INDEX THEN
		NULL;
END;
/
BEGIN
	INSERT INTO CSR.EST_SPACE_TYPE (EST_SPACE_TYPE, LABEL) VALUES ('aquarium', 'Aquarium');
EXCEPTION WHEN
	DUP_VAL_ON_INDEX THEN
		NULL;
END;
/
BEGIN
	INSERT INTO CSR.EST_SPACE_TYPE (EST_SPACE_TYPE, LABEL) VALUES ('automobileDealership', 'Automobile Dealership');
EXCEPTION WHEN
	DUP_VAL_ON_INDEX THEN
		NULL;
END;
/
BEGIN
	INSERT INTO CSR.EST_SPACE_TYPE (EST_SPACE_TYPE, LABEL) VALUES ('bankBranch', 'Bank Branch');
EXCEPTION WHEN
	DUP_VAL_ON_INDEX THEN
		NULL;
END;
/
BEGIN
	INSERT INTO CSR.EST_SPACE_TYPE (EST_SPACE_TYPE, LABEL) VALUES ('barNightclub', 'Bar Nightclub');
EXCEPTION WHEN
	DUP_VAL_ON_INDEX THEN
		NULL;
END;
/
BEGIN
	INSERT INTO CSR.EST_SPACE_TYPE (EST_SPACE_TYPE, LABEL) VALUES ('barracks', 'Barracks');
EXCEPTION WHEN
	DUP_VAL_ON_INDEX THEN
		NULL;
END;
/
BEGIN
	INSERT INTO CSR.EST_SPACE_TYPE (EST_SPACE_TYPE, LABEL) VALUES ('bowlingAlley', 'Bowling Alley');
EXCEPTION WHEN
	DUP_VAL_ON_INDEX THEN
		NULL;
END;
/
BEGIN
	INSERT INTO CSR.EST_SPACE_TYPE (EST_SPACE_TYPE, LABEL) VALUES ('casino', 'Casino');
EXCEPTION WHEN
	DUP_VAL_ON_INDEX THEN
		NULL;
END;
/
BEGIN
	INSERT INTO CSR.EST_SPACE_TYPE (EST_SPACE_TYPE, LABEL) VALUES ('collegeUniversity', 'College University');
EXCEPTION WHEN
	DUP_VAL_ON_INDEX THEN
		NULL;
END;
/
BEGIN
	INSERT INTO CSR.EST_SPACE_TYPE (EST_SPACE_TYPE, LABEL) VALUES ('convenienceStoreWithGasStation', 'Convenience Store With Gas Station');
EXCEPTION WHEN
	DUP_VAL_ON_INDEX THEN
		NULL;
END;
/
BEGIN
	INSERT INTO CSR.EST_SPACE_TYPE (EST_SPACE_TYPE, LABEL) VALUES ('convenienceStoreWithoutGasStation', 'Convenience Store Without Gas Station');
EXCEPTION WHEN
	DUP_VAL_ON_INDEX THEN
		NULL;
END;
/
BEGIN
	INSERT INTO CSR.EST_SPACE_TYPE (EST_SPACE_TYPE, LABEL) VALUES ('conventionCenter', 'Convention Center');
EXCEPTION WHEN
	DUP_VAL_ON_INDEX THEN
		NULL;
END;
/
BEGIN
	INSERT INTO CSR.EST_SPACE_TYPE (EST_SPACE_TYPE, LABEL) VALUES ('courthouse', 'Courthouse');
EXCEPTION WHEN
	DUP_VAL_ON_INDEX THEN
		NULL;
END;
/
BEGIN
	INSERT INTO CSR.EST_SPACE_TYPE (EST_SPACE_TYPE, LABEL) VALUES ('dataCenter', 'Data Center');
EXCEPTION WHEN
	DUP_VAL_ON_INDEX THEN
		NULL;
END;
/
BEGIN
	INSERT INTO CSR.EST_SPACE_TYPE (EST_SPACE_TYPE, LABEL) VALUES ('distributionCenter', 'Distribution Center');
EXCEPTION WHEN
	DUP_VAL_ON_INDEX THEN
		NULL;
END;
/
BEGIN
	INSERT INTO CSR.EST_SPACE_TYPE (EST_SPACE_TYPE, LABEL) VALUES ('drinkingWaterTreatmentAndDistribution', 'Drinking Water Treatment And Distribution');
EXCEPTION WHEN
	DUP_VAL_ON_INDEX THEN
		NULL;
END;
/
BEGIN
	INSERT INTO CSR.EST_SPACE_TYPE (EST_SPACE_TYPE, LABEL) VALUES ('enclosedMall', 'Enclosed Mall');
EXCEPTION WHEN
	DUP_VAL_ON_INDEX THEN
		NULL;
END;
/
BEGIN
	INSERT INTO CSR.EST_SPACE_TYPE (EST_SPACE_TYPE, LABEL) VALUES ('energyPowerStation', 'Energy Power Station');
EXCEPTION WHEN
	DUP_VAL_ON_INDEX THEN
		NULL;
END;
/
BEGIN
	INSERT INTO CSR.EST_SPACE_TYPE (EST_SPACE_TYPE, LABEL) VALUES ('fastFoodRestaurant', 'Fast Food Restaurant');
EXCEPTION WHEN
	DUP_VAL_ON_INDEX THEN
		NULL;
END;
/
BEGIN
	INSERT INTO CSR.EST_SPACE_TYPE (EST_SPACE_TYPE, LABEL) VALUES ('financialOffice', 'Financial Office');
EXCEPTION WHEN
	DUP_VAL_ON_INDEX THEN
		NULL;
END;
/
BEGIN
	INSERT INTO CSR.EST_SPACE_TYPE (EST_SPACE_TYPE, LABEL) VALUES ('fireStation', 'Fire Station');
EXCEPTION WHEN
	DUP_VAL_ON_INDEX THEN
		NULL;
END;
/
BEGIN
	INSERT INTO CSR.EST_SPACE_TYPE (EST_SPACE_TYPE, LABEL) VALUES ('fitnessCenterHealthClubGym', 'Fitness Center Health Club Gym');
EXCEPTION WHEN
	DUP_VAL_ON_INDEX THEN
		NULL;
END;
/
BEGIN
	INSERT INTO CSR.EST_SPACE_TYPE (EST_SPACE_TYPE, LABEL) VALUES ('foodSales', 'Food Sales');
EXCEPTION WHEN
	DUP_VAL_ON_INDEX THEN
		NULL;
END;
/
BEGIN
	INSERT INTO CSR.EST_SPACE_TYPE (EST_SPACE_TYPE, LABEL) VALUES ('foodService', 'Food Service');
EXCEPTION WHEN
	DUP_VAL_ON_INDEX THEN
		NULL;
END;
/
BEGIN
	INSERT INTO CSR.EST_SPACE_TYPE (EST_SPACE_TYPE, LABEL) VALUES ('hospital', 'Hospital');
EXCEPTION WHEN
	DUP_VAL_ON_INDEX THEN
		NULL;
END;
/
BEGIN
	INSERT INTO CSR.EST_SPACE_TYPE (EST_SPACE_TYPE, LABEL) VALUES ('hotel', 'Hotel');
EXCEPTION WHEN
	DUP_VAL_ON_INDEX THEN
		NULL;
END;
/
BEGIN
	INSERT INTO CSR.EST_SPACE_TYPE (EST_SPACE_TYPE, LABEL) VALUES ('iceCurlingRink', 'Ice Curling Rink');
EXCEPTION WHEN
	DUP_VAL_ON_INDEX THEN
		NULL;
END;
/
BEGIN
	INSERT INTO CSR.EST_SPACE_TYPE (EST_SPACE_TYPE, LABEL) VALUES ('indoorArena', 'Indoor Arena');
EXCEPTION WHEN
	DUP_VAL_ON_INDEX THEN
		NULL;
END;
/
BEGIN
	INSERT INTO CSR.EST_SPACE_TYPE (EST_SPACE_TYPE, LABEL) VALUES ('k12School', 'K12 School');
EXCEPTION WHEN
	DUP_VAL_ON_INDEX THEN
		NULL;
END;
/
BEGIN
	INSERT INTO CSR.EST_SPACE_TYPE (EST_SPACE_TYPE, LABEL) VALUES ('laboratory', 'Laboratory');
EXCEPTION WHEN
	DUP_VAL_ON_INDEX THEN
		NULL;
END;
/
BEGIN
	INSERT INTO CSR.EST_SPACE_TYPE (EST_SPACE_TYPE, LABEL) VALUES ('library', 'Library');
EXCEPTION WHEN
	DUP_VAL_ON_INDEX THEN
		NULL;
END;
/
BEGIN
	INSERT INTO CSR.EST_SPACE_TYPE (EST_SPACE_TYPE, LABEL) VALUES ('lifestyleCenter', 'Lifestyle Center');
EXCEPTION WHEN
	DUP_VAL_ON_INDEX THEN
		NULL;
END;
/
BEGIN
	INSERT INTO CSR.EST_SPACE_TYPE (EST_SPACE_TYPE, LABEL) VALUES ('mailingCenterPostOffice', 'Mailing Center Post Office');
EXCEPTION WHEN
	DUP_VAL_ON_INDEX THEN
		NULL;
END;
/
BEGIN
	INSERT INTO CSR.EST_SPACE_TYPE (EST_SPACE_TYPE, LABEL) VALUES ('manufacturingIndustrialPlant', 'Manufacturing Industrial Plant');
EXCEPTION WHEN
	DUP_VAL_ON_INDEX THEN
		NULL;
END;
/
BEGIN
	INSERT INTO CSR.EST_SPACE_TYPE (EST_SPACE_TYPE, LABEL) VALUES ('medicalOffice', 'Medical Office');
EXCEPTION WHEN
	DUP_VAL_ON_INDEX THEN
		NULL;
END;
/
BEGIN
	INSERT INTO CSR.EST_SPACE_TYPE (EST_SPACE_TYPE, LABEL) VALUES ('movieTheater', 'Movie Theater');
EXCEPTION WHEN
	DUP_VAL_ON_INDEX THEN
		NULL;
END;
/
BEGIN
	INSERT INTO CSR.EST_SPACE_TYPE (EST_SPACE_TYPE, LABEL) VALUES ('multifamilyHousing', 'Multifamily Housing');
EXCEPTION WHEN
	DUP_VAL_ON_INDEX THEN
		NULL;
END;
/
BEGIN
	INSERT INTO CSR.EST_SPACE_TYPE (EST_SPACE_TYPE, LABEL) VALUES ('museum', 'Museum');
EXCEPTION WHEN
	DUP_VAL_ON_INDEX THEN
		NULL;
END;
/
BEGIN
	INSERT INTO CSR.EST_SPACE_TYPE (EST_SPACE_TYPE, LABEL) VALUES ('nonRefrigeratedWarehouse', 'Non Refrigerated Warehouse');
EXCEPTION WHEN
	DUP_VAL_ON_INDEX THEN
		NULL;
END;
/
BEGIN
	INSERT INTO CSR.EST_SPACE_TYPE (EST_SPACE_TYPE, LABEL) VALUES ('office', 'Office');
EXCEPTION WHEN
	DUP_VAL_ON_INDEX THEN
		NULL;
END;
/
BEGIN
	INSERT INTO CSR.EST_SPACE_TYPE (EST_SPACE_TYPE, LABEL) VALUES ('other', 'Other');
EXCEPTION WHEN
	DUP_VAL_ON_INDEX THEN
		NULL;
END;
/
BEGIN
	INSERT INTO CSR.EST_SPACE_TYPE (EST_SPACE_TYPE, LABEL) VALUES ('otherEducation', 'Other Education');
EXCEPTION WHEN
	DUP_VAL_ON_INDEX THEN
		NULL;
END;
/
BEGIN
	INSERT INTO CSR.EST_SPACE_TYPE (EST_SPACE_TYPE, LABEL) VALUES ('otherEntertainmentPublicAssembly', 'Other Entertainment Public Assembly');
EXCEPTION WHEN
	DUP_VAL_ON_INDEX THEN
		NULL;
END;
/
BEGIN
	INSERT INTO CSR.EST_SPACE_TYPE (EST_SPACE_TYPE, LABEL) VALUES ('otherLodgingResidential', 'Other Lodging Residential');
EXCEPTION WHEN
	DUP_VAL_ON_INDEX THEN
		NULL;
END;
/
BEGIN
	INSERT INTO CSR.EST_SPACE_TYPE (EST_SPACE_TYPE, LABEL) VALUES ('otherMall', 'Other Mall');
EXCEPTION WHEN
	DUP_VAL_ON_INDEX THEN
		NULL;
END;
/
BEGIN
	INSERT INTO CSR.EST_SPACE_TYPE (EST_SPACE_TYPE, LABEL) VALUES ('otherPublicServices', 'Other Public Services');
EXCEPTION WHEN
	DUP_VAL_ON_INDEX THEN
		NULL;
END;
/
BEGIN
	INSERT INTO CSR.EST_SPACE_TYPE (EST_SPACE_TYPE, LABEL) VALUES ('otherRecreation', 'Other Recreation');
EXCEPTION WHEN
	DUP_VAL_ON_INDEX THEN
		NULL;
END;
/
BEGIN
	INSERT INTO CSR.EST_SPACE_TYPE (EST_SPACE_TYPE, LABEL) VALUES ('otherRestaurantBar', 'Other Restaurant Bar');
EXCEPTION WHEN
	DUP_VAL_ON_INDEX THEN
		NULL;
END;
/
BEGIN
	INSERT INTO CSR.EST_SPACE_TYPE (EST_SPACE_TYPE, LABEL) VALUES ('otherServices', 'Other Services');
EXCEPTION WHEN
	DUP_VAL_ON_INDEX THEN
		NULL;
END;
/
BEGIN
	INSERT INTO CSR.EST_SPACE_TYPE (EST_SPACE_TYPE, LABEL) VALUES ('otherSpecialityHospital', 'Other Speciality Hospital');
EXCEPTION WHEN
	DUP_VAL_ON_INDEX THEN
		NULL;
END;
/
BEGIN
	INSERT INTO CSR.EST_SPACE_TYPE (EST_SPACE_TYPE, LABEL) VALUES ('otherStadium', 'Other Stadium');
EXCEPTION WHEN
	DUP_VAL_ON_INDEX THEN
		NULL;
END;
/
BEGIN
	INSERT INTO CSR.EST_SPACE_TYPE (EST_SPACE_TYPE, LABEL) VALUES ('otherTechnologyScience', 'Other Technology Science');
EXCEPTION WHEN
	DUP_VAL_ON_INDEX THEN
		NULL;
END;
/
BEGIN
	INSERT INTO CSR.EST_SPACE_TYPE (EST_SPACE_TYPE, LABEL) VALUES ('otherUtility', 'Other Utility');
EXCEPTION WHEN
	DUP_VAL_ON_INDEX THEN
		NULL;
END;
/
BEGIN
	INSERT INTO CSR.EST_SPACE_TYPE (EST_SPACE_TYPE, LABEL) VALUES ('outpatientRehabilitationPhysicalTherapy', 'Outpatient Rehabilitation Physical Therapy');
EXCEPTION WHEN
	DUP_VAL_ON_INDEX THEN
		NULL;
END;
/
BEGIN
	INSERT INTO CSR.EST_SPACE_TYPE (EST_SPACE_TYPE, LABEL) VALUES ('parking', 'Parking');
EXCEPTION WHEN
	DUP_VAL_ON_INDEX THEN
		NULL;
END;
/
BEGIN
	INSERT INTO CSR.EST_SPACE_TYPE (EST_SPACE_TYPE, LABEL) VALUES ('performingArts', 'Performing Arts');
EXCEPTION WHEN
	DUP_VAL_ON_INDEX THEN
		NULL;
END;
/
BEGIN
	INSERT INTO CSR.EST_SPACE_TYPE (EST_SPACE_TYPE, LABEL) VALUES ('personalServices', 'Personal Services');
EXCEPTION WHEN
	DUP_VAL_ON_INDEX THEN
		NULL;
END;
/
BEGIN
	INSERT INTO CSR.EST_SPACE_TYPE (EST_SPACE_TYPE, LABEL) VALUES ('policeStation', 'Police Station');
EXCEPTION WHEN
	DUP_VAL_ON_INDEX THEN
		NULL;
END;
/
BEGIN
	INSERT INTO CSR.EST_SPACE_TYPE (EST_SPACE_TYPE, LABEL) VALUES ('preschoolDaycare', 'Preschool Daycare');
EXCEPTION WHEN
	DUP_VAL_ON_INDEX THEN
		NULL;
END;
/
BEGIN
	INSERT INTO CSR.EST_SPACE_TYPE (EST_SPACE_TYPE, LABEL) VALUES ('prison', 'Prison');
EXCEPTION WHEN
	DUP_VAL_ON_INDEX THEN
		NULL;
END;
/
BEGIN
	INSERT INTO CSR.EST_SPACE_TYPE (EST_SPACE_TYPE, LABEL) VALUES ('raceTrack', 'Race Track');
EXCEPTION WHEN
	DUP_VAL_ON_INDEX THEN
		NULL;
END;
/
BEGIN
	INSERT INTO CSR.EST_SPACE_TYPE (EST_SPACE_TYPE, LABEL) VALUES ('refrigeratedWarehouse', 'Refrigerated Warehouse');
EXCEPTION WHEN
	DUP_VAL_ON_INDEX THEN
		NULL;
END;
/
BEGIN
	INSERT INTO CSR.EST_SPACE_TYPE (EST_SPACE_TYPE, LABEL) VALUES ('repairServices', 'Repair Services');
EXCEPTION WHEN
	DUP_VAL_ON_INDEX THEN
		NULL;
END;
/
BEGIN
	INSERT INTO CSR.EST_SPACE_TYPE (EST_SPACE_TYPE, LABEL) VALUES ('residenceHallDormitory', 'Residence Hall Dormitory');
EXCEPTION WHEN
	DUP_VAL_ON_INDEX THEN
		NULL;
END;
/
BEGIN
	INSERT INTO CSR.EST_SPACE_TYPE (EST_SPACE_TYPE, LABEL) VALUES ('residentialCareFacility', 'Residential Care Facility');
EXCEPTION WHEN
	DUP_VAL_ON_INDEX THEN
		NULL;
END;
/
BEGIN
	INSERT INTO CSR.EST_SPACE_TYPE (EST_SPACE_TYPE, LABEL) VALUES ('restaurant', 'Restaurant');
EXCEPTION WHEN
	DUP_VAL_ON_INDEX THEN
		NULL;
END;
/
BEGIN
	INSERT INTO CSR.EST_SPACE_TYPE (EST_SPACE_TYPE, LABEL) VALUES ('retail', 'Retail');
EXCEPTION WHEN
	DUP_VAL_ON_INDEX THEN
		NULL;
END;
/
BEGIN
	INSERT INTO CSR.EST_SPACE_TYPE (EST_SPACE_TYPE, LABEL) VALUES ('rollerRink', 'Roller Rink');
EXCEPTION WHEN
	DUP_VAL_ON_INDEX THEN
		NULL;
END;
/
BEGIN
	INSERT INTO CSR.EST_SPACE_TYPE (EST_SPACE_TYPE, LABEL) VALUES ('selfStorageFacility', 'Self Storage Facility');
EXCEPTION WHEN
	DUP_VAL_ON_INDEX THEN
		NULL;
END;
/
BEGIN
	INSERT INTO CSR.EST_SPACE_TYPE (EST_SPACE_TYPE, LABEL) VALUES ('seniorCareCommunity', 'Senior Care Community');
EXCEPTION WHEN
	DUP_VAL_ON_INDEX THEN
		NULL;
END;
/
BEGIN
	INSERT INTO CSR.EST_SPACE_TYPE (EST_SPACE_TYPE, LABEL) VALUES ('singleFamilyHome', 'Single Family Home');
EXCEPTION WHEN
	DUP_VAL_ON_INDEX THEN
		NULL;
END;
/
BEGIN
	INSERT INTO CSR.EST_SPACE_TYPE (EST_SPACE_TYPE, LABEL) VALUES ('socialMeetingHall', 'Social Meeting Hall');
EXCEPTION WHEN
	DUP_VAL_ON_INDEX THEN
		NULL;
END;
/
BEGIN
	INSERT INTO CSR.EST_SPACE_TYPE (EST_SPACE_TYPE, LABEL) VALUES ('stadiumClosed', 'Stadium Closed');
EXCEPTION WHEN
	DUP_VAL_ON_INDEX THEN
		NULL;
END;
/
BEGIN
	INSERT INTO CSR.EST_SPACE_TYPE (EST_SPACE_TYPE, LABEL) VALUES ('stadiumOpen', 'Stadium Open');
EXCEPTION WHEN
	DUP_VAL_ON_INDEX THEN
		NULL;
END;
/
BEGIN
	INSERT INTO CSR.EST_SPACE_TYPE (EST_SPACE_TYPE, LABEL) VALUES ('stripMall', 'Strip Mall');
EXCEPTION WHEN
	DUP_VAL_ON_INDEX THEN
		NULL;
END;
/
BEGIN
	INSERT INTO CSR.EST_SPACE_TYPE (EST_SPACE_TYPE, LABEL) VALUES ('supermarket', 'Supermarket');
EXCEPTION WHEN
	DUP_VAL_ON_INDEX THEN
		NULL;
END;
/
BEGIN
	INSERT INTO CSR.EST_SPACE_TYPE (EST_SPACE_TYPE, LABEL) VALUES ('swimmingPool', 'Swimming Pool');
EXCEPTION WHEN
	DUP_VAL_ON_INDEX THEN
		NULL;
END;
/
BEGIN
	INSERT INTO CSR.EST_SPACE_TYPE (EST_SPACE_TYPE, LABEL) VALUES ('transportationTerminalStation', 'Transportation Terminal Station');
EXCEPTION WHEN
	DUP_VAL_ON_INDEX THEN
		NULL;
END;
/
BEGIN
	INSERT INTO CSR.EST_SPACE_TYPE (EST_SPACE_TYPE, LABEL) VALUES ('urgentCareClinicOtherOutpatient', 'Urgent Care Clinic Other Outpatient');
EXCEPTION WHEN
	DUP_VAL_ON_INDEX THEN
		NULL;
END;
/
BEGIN
	INSERT INTO CSR.EST_SPACE_TYPE (EST_SPACE_TYPE, LABEL) VALUES ('veterinaryOffice', 'Veterinary Office');
EXCEPTION WHEN
	DUP_VAL_ON_INDEX THEN
		NULL;
END;
/
BEGIN
	INSERT INTO CSR.EST_SPACE_TYPE (EST_SPACE_TYPE, LABEL) VALUES ('vocationalSchool', 'Vocational School');
EXCEPTION WHEN
	DUP_VAL_ON_INDEX THEN
		NULL;
END;
/
BEGIN
	INSERT INTO CSR.EST_SPACE_TYPE (EST_SPACE_TYPE, LABEL) VALUES ('wastewaterTreatmentPlant', 'Wastewater Treatment Plant');
EXCEPTION WHEN
	DUP_VAL_ON_INDEX THEN
		NULL;
END;
/
BEGIN
	INSERT INTO CSR.EST_SPACE_TYPE (EST_SPACE_TYPE, LABEL) VALUES ('wholesaleClubSupercenter', 'Wholesale Club Supercenter');
EXCEPTION WHEN
	DUP_VAL_ON_INDEX THEN
		NULL;
END;
/
BEGIN
	INSERT INTO CSR.EST_SPACE_TYPE (EST_SPACE_TYPE, LABEL) VALUES ('worshipFacility', 'Worship Facility');
EXCEPTION WHEN
	DUP_VAL_ON_INDEX THEN
		NULL;
END;
/
BEGIN
	INSERT INTO CSR.EST_SPACE_TYPE (EST_SPACE_TYPE, LABEL) VALUES ('zoo', 'Zoo');
EXCEPTION WHEN
	DUP_VAL_ON_INDEX THEN
		NULL;
END;
/

BEGIN
	INSERT INTO CSR.EST_PROPERTY_TYPE (EST_PROPERTY_TYPE) VALUES ('Adult Education');
EXCEPTION WHEN
	DUP_VAL_ON_INDEX THEN
		NULL;
END;
/
BEGIN
	INSERT INTO CSR.EST_PROPERTY_TYPE (EST_PROPERTY_TYPE) VALUES ('Ambulatory Surgical Center');
EXCEPTION WHEN
	DUP_VAL_ON_INDEX THEN
		NULL;
END;
/
BEGIN
	INSERT INTO CSR.EST_PROPERTY_TYPE (EST_PROPERTY_TYPE) VALUES ('Aquarium');
EXCEPTION WHEN
	DUP_VAL_ON_INDEX THEN
		NULL;
END;
/
BEGIN
	INSERT INTO CSR.EST_PROPERTY_TYPE (EST_PROPERTY_TYPE) VALUES ('Automobile Dealership');
EXCEPTION WHEN
	DUP_VAL_ON_INDEX THEN
		NULL;
END;
/
BEGIN
	INSERT INTO CSR.EST_PROPERTY_TYPE (EST_PROPERTY_TYPE) VALUES ('Bank Branch');
EXCEPTION WHEN
	DUP_VAL_ON_INDEX THEN
		NULL;
END;
/
BEGIN
	INSERT INTO CSR.EST_PROPERTY_TYPE (EST_PROPERTY_TYPE) VALUES ('Bar/Nightclub');
EXCEPTION WHEN
	DUP_VAL_ON_INDEX THEN
		NULL;
END;
/
BEGIN
	INSERT INTO CSR.EST_PROPERTY_TYPE (EST_PROPERTY_TYPE) VALUES ('Barracks');
EXCEPTION WHEN
	DUP_VAL_ON_INDEX THEN
		NULL;
END;
/
BEGIN
	INSERT INTO CSR.EST_PROPERTY_TYPE (EST_PROPERTY_TYPE) VALUES ('Bowling Alley');
EXCEPTION WHEN
	DUP_VAL_ON_INDEX THEN
		NULL;
END;
/
BEGIN
	INSERT INTO CSR.EST_PROPERTY_TYPE (EST_PROPERTY_TYPE) VALUES ('Casino');
EXCEPTION WHEN
	DUP_VAL_ON_INDEX THEN
		NULL;
END;
/
BEGIN
	INSERT INTO CSR.EST_PROPERTY_TYPE (EST_PROPERTY_TYPE) VALUES ('College/University');
EXCEPTION WHEN
	DUP_VAL_ON_INDEX THEN
		NULL;
END;
/
BEGIN
	INSERT INTO CSR.EST_PROPERTY_TYPE (EST_PROPERTY_TYPE) VALUES ('Convenience Store with Gas Station');
EXCEPTION WHEN
	DUP_VAL_ON_INDEX THEN
		NULL;
END;
/
BEGIN
	INSERT INTO CSR.EST_PROPERTY_TYPE (EST_PROPERTY_TYPE) VALUES ('Convenience Store without Gas Station');
EXCEPTION WHEN
	DUP_VAL_ON_INDEX THEN
		NULL;
END;
/
BEGIN
	INSERT INTO CSR.EST_PROPERTY_TYPE (EST_PROPERTY_TYPE) VALUES ('Convention Center');
EXCEPTION WHEN
	DUP_VAL_ON_INDEX THEN
		NULL;
END;
/
BEGIN
	INSERT INTO CSR.EST_PROPERTY_TYPE (EST_PROPERTY_TYPE) VALUES ('Courthouse');
EXCEPTION WHEN
	DUP_VAL_ON_INDEX THEN
		NULL;
END;
/
BEGIN
	INSERT INTO CSR.EST_PROPERTY_TYPE (EST_PROPERTY_TYPE) VALUES ('Data Center');
EXCEPTION WHEN
	DUP_VAL_ON_INDEX THEN
		NULL;
END;
/
BEGIN
	INSERT INTO CSR.EST_PROPERTY_TYPE (EST_PROPERTY_TYPE) VALUES ('Distribution Center');
EXCEPTION WHEN
	DUP_VAL_ON_INDEX THEN
		NULL;
END;
/
BEGIN
	INSERT INTO CSR.EST_PROPERTY_TYPE (EST_PROPERTY_TYPE) VALUES ('Drinking Water Treatment '||'&'||' Distribution');
EXCEPTION WHEN
	DUP_VAL_ON_INDEX THEN
		NULL;
END;
/
BEGIN
	INSERT INTO CSR.EST_PROPERTY_TYPE (EST_PROPERTY_TYPE) VALUES ('Enclosed Mall');
EXCEPTION WHEN
	DUP_VAL_ON_INDEX THEN
		NULL;
END;
/
BEGIN
	INSERT INTO CSR.EST_PROPERTY_TYPE (EST_PROPERTY_TYPE) VALUES ('Energy/Power Station');
EXCEPTION WHEN
	DUP_VAL_ON_INDEX THEN
		NULL;
END;
/
BEGIN
	INSERT INTO CSR.EST_PROPERTY_TYPE (EST_PROPERTY_TYPE) VALUES ('Fast Food Restaurant');
EXCEPTION WHEN
	DUP_VAL_ON_INDEX THEN
		NULL;
END;
/
BEGIN
	INSERT INTO CSR.EST_PROPERTY_TYPE (EST_PROPERTY_TYPE) VALUES ('Financial Office');
EXCEPTION WHEN
	DUP_VAL_ON_INDEX THEN
		NULL;
END;
/
BEGIN
	INSERT INTO CSR.EST_PROPERTY_TYPE (EST_PROPERTY_TYPE) VALUES ('Fire Station');
EXCEPTION WHEN
	DUP_VAL_ON_INDEX THEN
		NULL;
END;
/
BEGIN
	INSERT INTO CSR.EST_PROPERTY_TYPE (EST_PROPERTY_TYPE) VALUES ('Fitness Center/Health Club/Gym');
EXCEPTION WHEN
	DUP_VAL_ON_INDEX THEN
		NULL;
END;
/
BEGIN
	INSERT INTO CSR.EST_PROPERTY_TYPE (EST_PROPERTY_TYPE) VALUES ('Food Sales');
EXCEPTION WHEN
	DUP_VAL_ON_INDEX THEN
		NULL;
END;
/
BEGIN
	INSERT INTO CSR.EST_PROPERTY_TYPE (EST_PROPERTY_TYPE) VALUES ('Food Service');
EXCEPTION WHEN
	DUP_VAL_ON_INDEX THEN
		NULL;
END;
/
BEGIN
	INSERT INTO CSR.EST_PROPERTY_TYPE (EST_PROPERTY_TYPE) VALUES ('Hospital (General Medical '||'&'||' Surgical)');
EXCEPTION WHEN
	DUP_VAL_ON_INDEX THEN
		NULL;
END;
/
BEGIN
	INSERT INTO CSR.EST_PROPERTY_TYPE (EST_PROPERTY_TYPE) VALUES ('Hotel');
EXCEPTION WHEN
	DUP_VAL_ON_INDEX THEN
		NULL;
END;
/
BEGIN
	INSERT INTO CSR.EST_PROPERTY_TYPE (EST_PROPERTY_TYPE) VALUES ('Ice/Curling Rink');
EXCEPTION WHEN
	DUP_VAL_ON_INDEX THEN
		NULL;
END;
/
BEGIN
	INSERT INTO CSR.EST_PROPERTY_TYPE (EST_PROPERTY_TYPE) VALUES ('Indoor Arena');
EXCEPTION WHEN
	DUP_VAL_ON_INDEX THEN
		NULL;
END;
/
BEGIN
	INSERT INTO CSR.EST_PROPERTY_TYPE (EST_PROPERTY_TYPE) VALUES ('K-12 School');
EXCEPTION WHEN
	DUP_VAL_ON_INDEX THEN
		NULL;
END;
/
BEGIN
	INSERT INTO CSR.EST_PROPERTY_TYPE (EST_PROPERTY_TYPE) VALUES ('Laboratory');
EXCEPTION WHEN
	DUP_VAL_ON_INDEX THEN
		NULL;
END;
/
BEGIN
	INSERT INTO CSR.EST_PROPERTY_TYPE (EST_PROPERTY_TYPE) VALUES ('Library');
EXCEPTION WHEN
	DUP_VAL_ON_INDEX THEN
		NULL;
END;
/
BEGIN
	INSERT INTO CSR.EST_PROPERTY_TYPE (EST_PROPERTY_TYPE) VALUES ('Lifestyle Center');
EXCEPTION WHEN
	DUP_VAL_ON_INDEX THEN
		NULL;
END;
/
BEGIN
	INSERT INTO CSR.EST_PROPERTY_TYPE (EST_PROPERTY_TYPE) VALUES ('Mailing Center/Post Office');
EXCEPTION WHEN
	DUP_VAL_ON_INDEX THEN
		NULL;
END;
/
BEGIN
	INSERT INTO CSR.EST_PROPERTY_TYPE (EST_PROPERTY_TYPE) VALUES ('Manufacturing/Industrial Plant');
EXCEPTION WHEN
	DUP_VAL_ON_INDEX THEN
		NULL;
END;
/
BEGIN
	INSERT INTO CSR.EST_PROPERTY_TYPE (EST_PROPERTY_TYPE) VALUES ('Medical Office');
EXCEPTION WHEN
	DUP_VAL_ON_INDEX THEN
		NULL;
END;
/
BEGIN
	INSERT INTO CSR.EST_PROPERTY_TYPE (EST_PROPERTY_TYPE) VALUES ('Mixed Use Property');
EXCEPTION WHEN
	DUP_VAL_ON_INDEX THEN
		NULL;
END;
/
BEGIN
	INSERT INTO CSR.EST_PROPERTY_TYPE (EST_PROPERTY_TYPE) VALUES ('Movie Theater');
EXCEPTION WHEN
	DUP_VAL_ON_INDEX THEN
		NULL;
END;
/
BEGIN
	INSERT INTO CSR.EST_PROPERTY_TYPE (EST_PROPERTY_TYPE) VALUES ('Multifamily Housing');
EXCEPTION WHEN
	DUP_VAL_ON_INDEX THEN
		NULL;
END;
/
BEGIN
	INSERT INTO CSR.EST_PROPERTY_TYPE (EST_PROPERTY_TYPE) VALUES ('Museum');
EXCEPTION WHEN
	DUP_VAL_ON_INDEX THEN
		NULL;
END;
/
BEGIN
	INSERT INTO CSR.EST_PROPERTY_TYPE (EST_PROPERTY_TYPE) VALUES ('Non-Refrigerated Warehouse');
EXCEPTION WHEN
	DUP_VAL_ON_INDEX THEN
		NULL;
END;
/
BEGIN
	INSERT INTO CSR.EST_PROPERTY_TYPE (EST_PROPERTY_TYPE) VALUES ('Office');
EXCEPTION WHEN
	DUP_VAL_ON_INDEX THEN
		NULL;
END;
/
BEGIN
	INSERT INTO CSR.EST_PROPERTY_TYPE (EST_PROPERTY_TYPE) VALUES ('Other');
EXCEPTION WHEN
	DUP_VAL_ON_INDEX THEN
		NULL;
END;
/
BEGIN
	INSERT INTO CSR.EST_PROPERTY_TYPE (EST_PROPERTY_TYPE) VALUES ('Other - Education');
EXCEPTION WHEN
	DUP_VAL_ON_INDEX THEN
		NULL;
END;
/
BEGIN
	INSERT INTO CSR.EST_PROPERTY_TYPE (EST_PROPERTY_TYPE) VALUES ('Other - Entertainment/Public Assembly');
EXCEPTION WHEN
	DUP_VAL_ON_INDEX THEN
		NULL;
END;
/
BEGIN
	INSERT INTO CSR.EST_PROPERTY_TYPE (EST_PROPERTY_TYPE) VALUES ('Other - Lodging/Residential');
EXCEPTION WHEN
	DUP_VAL_ON_INDEX THEN
		NULL;
END;
/
BEGIN
	INSERT INTO CSR.EST_PROPERTY_TYPE (EST_PROPERTY_TYPE) VALUES ('Other - Mall');
EXCEPTION WHEN
	DUP_VAL_ON_INDEX THEN
		NULL;
END;
/
BEGIN
	INSERT INTO CSR.EST_PROPERTY_TYPE (EST_PROPERTY_TYPE) VALUES ('Other - Public Services');
EXCEPTION WHEN
	DUP_VAL_ON_INDEX THEN
		NULL;
END;
/
BEGIN
	INSERT INTO CSR.EST_PROPERTY_TYPE (EST_PROPERTY_TYPE) VALUES ('Other - Recreation');
EXCEPTION WHEN
	DUP_VAL_ON_INDEX THEN
		NULL;
END;
/
BEGIN
	INSERT INTO CSR.EST_PROPERTY_TYPE (EST_PROPERTY_TYPE) VALUES ('Other - Restaurant/Bar');
EXCEPTION WHEN
	DUP_VAL_ON_INDEX THEN
		NULL;
END;
/
BEGIN
	INSERT INTO CSR.EST_PROPERTY_TYPE (EST_PROPERTY_TYPE) VALUES ('Other - Services');
EXCEPTION WHEN
	DUP_VAL_ON_INDEX THEN
		NULL;
END;
/
BEGIN
	INSERT INTO CSR.EST_PROPERTY_TYPE (EST_PROPERTY_TYPE) VALUES ('Other - Stadium');
EXCEPTION WHEN
	DUP_VAL_ON_INDEX THEN
		NULL;
END;
/
BEGIN
	INSERT INTO CSR.EST_PROPERTY_TYPE (EST_PROPERTY_TYPE) VALUES ('Other - Technology/Science');
EXCEPTION WHEN
	DUP_VAL_ON_INDEX THEN
		NULL;
END;
/
BEGIN
	INSERT INTO CSR.EST_PROPERTY_TYPE (EST_PROPERTY_TYPE) VALUES ('Other - Utility');
EXCEPTION WHEN
	DUP_VAL_ON_INDEX THEN
		NULL;
END;
/
BEGIN
	INSERT INTO CSR.EST_PROPERTY_TYPE (EST_PROPERTY_TYPE) VALUES ('Other/Specialty Hospital');
EXCEPTION WHEN
	DUP_VAL_ON_INDEX THEN
		NULL;
END;
/
BEGIN
	INSERT INTO CSR.EST_PROPERTY_TYPE (EST_PROPERTY_TYPE) VALUES ('Outpatient Rehabilitation/Physical Therapy');
EXCEPTION WHEN
	DUP_VAL_ON_INDEX THEN
		NULL;
END;
/
BEGIN
	INSERT INTO CSR.EST_PROPERTY_TYPE (EST_PROPERTY_TYPE) VALUES ('Parking');
EXCEPTION WHEN
	DUP_VAL_ON_INDEX THEN
		NULL;
END;
/
BEGIN
	INSERT INTO CSR.EST_PROPERTY_TYPE (EST_PROPERTY_TYPE) VALUES ('Performing Arts');
EXCEPTION WHEN
	DUP_VAL_ON_INDEX THEN
		NULL;
END;
/
BEGIN
	INSERT INTO CSR.EST_PROPERTY_TYPE (EST_PROPERTY_TYPE) VALUES ('Personal Services (Health/Beauty, Dry Cleaning, etc)');
EXCEPTION WHEN
	DUP_VAL_ON_INDEX THEN
		NULL;
END;
/
BEGIN
	INSERT INTO CSR.EST_PROPERTY_TYPE (EST_PROPERTY_TYPE) VALUES ('Police Station');
EXCEPTION WHEN
	DUP_VAL_ON_INDEX THEN
		NULL;
END;
/
BEGIN
	INSERT INTO CSR.EST_PROPERTY_TYPE (EST_PROPERTY_TYPE) VALUES ('Pre-school/Daycare');
EXCEPTION WHEN
	DUP_VAL_ON_INDEX THEN
		NULL;
END;
/
BEGIN
	INSERT INTO CSR.EST_PROPERTY_TYPE (EST_PROPERTY_TYPE) VALUES ('Prison/Incarceration');
EXCEPTION WHEN
	DUP_VAL_ON_INDEX THEN
		NULL;
END;
/
BEGIN
	INSERT INTO CSR.EST_PROPERTY_TYPE (EST_PROPERTY_TYPE) VALUES ('Race Track');
EXCEPTION WHEN
	DUP_VAL_ON_INDEX THEN
		NULL;
END;
/
BEGIN
	INSERT INTO CSR.EST_PROPERTY_TYPE (EST_PROPERTY_TYPE) VALUES ('Refrigerated Warehouse');
EXCEPTION WHEN
	DUP_VAL_ON_INDEX THEN
		NULL;
END;
/
BEGIN
	INSERT INTO CSR.EST_PROPERTY_TYPE (EST_PROPERTY_TYPE) VALUES ('Repair Services (Vehicle, Shoe, Locksmith, etc)');
EXCEPTION WHEN
	DUP_VAL_ON_INDEX THEN
		NULL;
END;
/
BEGIN
	INSERT INTO CSR.EST_PROPERTY_TYPE (EST_PROPERTY_TYPE) VALUES ('Residence Hall/Dormitory');
EXCEPTION WHEN
	DUP_VAL_ON_INDEX THEN
		NULL;
END;
/
BEGIN
	INSERT INTO CSR.EST_PROPERTY_TYPE (EST_PROPERTY_TYPE) VALUES ('Residential Care Facility');
EXCEPTION WHEN
	DUP_VAL_ON_INDEX THEN
		NULL;
END;
/
BEGIN
	INSERT INTO CSR.EST_PROPERTY_TYPE (EST_PROPERTY_TYPE) VALUES ('Restaurant');
EXCEPTION WHEN
	DUP_VAL_ON_INDEX THEN
		NULL;
END;
/
BEGIN
	INSERT INTO CSR.EST_PROPERTY_TYPE (EST_PROPERTY_TYPE) VALUES ('Retail Store');
EXCEPTION WHEN
	DUP_VAL_ON_INDEX THEN
		NULL;
END;
/
BEGIN
	INSERT INTO CSR.EST_PROPERTY_TYPE (EST_PROPERTY_TYPE) VALUES ('Roller Rink');
EXCEPTION WHEN
	DUP_VAL_ON_INDEX THEN
		NULL;
END;
/
BEGIN
	INSERT INTO CSR.EST_PROPERTY_TYPE (EST_PROPERTY_TYPE) VALUES ('Self-Storage Facility');
EXCEPTION WHEN
	DUP_VAL_ON_INDEX THEN
		NULL;
END;
/
BEGIN
	INSERT INTO CSR.EST_PROPERTY_TYPE (EST_PROPERTY_TYPE) VALUES ('Senior Care Community');
EXCEPTION WHEN
	DUP_VAL_ON_INDEX THEN
		NULL;
END;
/
BEGIN
	INSERT INTO CSR.EST_PROPERTY_TYPE (EST_PROPERTY_TYPE) VALUES ('Single Family Home');
EXCEPTION WHEN
	DUP_VAL_ON_INDEX THEN
		NULL;
END;
/
BEGIN
	INSERT INTO CSR.EST_PROPERTY_TYPE (EST_PROPERTY_TYPE) VALUES ('Social/Meeting Hall');
EXCEPTION WHEN
	DUP_VAL_ON_INDEX THEN
		NULL;
END;
/
BEGIN
	INSERT INTO CSR.EST_PROPERTY_TYPE (EST_PROPERTY_TYPE) VALUES ('Stadium (Closed)');
EXCEPTION WHEN
	DUP_VAL_ON_INDEX THEN
		NULL;
END;
/
BEGIN
	INSERT INTO CSR.EST_PROPERTY_TYPE (EST_PROPERTY_TYPE) VALUES ('Stadium (Open)');
EXCEPTION WHEN
	DUP_VAL_ON_INDEX THEN
		NULL;
END;
/
BEGIN
	INSERT INTO CSR.EST_PROPERTY_TYPE (EST_PROPERTY_TYPE) VALUES ('Strip Mall');
EXCEPTION WHEN
	DUP_VAL_ON_INDEX THEN
		NULL;
END;
/
BEGIN
	INSERT INTO CSR.EST_PROPERTY_TYPE (EST_PROPERTY_TYPE) VALUES ('Supermarket/Grocery Store');
EXCEPTION WHEN
	DUP_VAL_ON_INDEX THEN
		NULL;
END;
/
BEGIN
	INSERT INTO CSR.EST_PROPERTY_TYPE (EST_PROPERTY_TYPE) VALUES ('Swimming Pool');
EXCEPTION WHEN
	DUP_VAL_ON_INDEX THEN
		NULL;
END;
/
BEGIN
	INSERT INTO CSR.EST_PROPERTY_TYPE (EST_PROPERTY_TYPE) VALUES ('Transportation Terminal/Station');
EXCEPTION WHEN
	DUP_VAL_ON_INDEX THEN
		NULL;
END;
/
BEGIN
	INSERT INTO CSR.EST_PROPERTY_TYPE (EST_PROPERTY_TYPE) VALUES ('Urgent Care/Clinic/Other Outpatient');
EXCEPTION WHEN
	DUP_VAL_ON_INDEX THEN
		NULL;
END;
/
BEGIN
	INSERT INTO CSR.EST_PROPERTY_TYPE (EST_PROPERTY_TYPE) VALUES ('Veterinary Office');
EXCEPTION WHEN
	DUP_VAL_ON_INDEX THEN
		NULL;
END;
/
BEGIN
	INSERT INTO CSR.EST_PROPERTY_TYPE (EST_PROPERTY_TYPE) VALUES ('Vocational School');
EXCEPTION WHEN
	DUP_VAL_ON_INDEX THEN
		NULL;
END;
/
BEGIN
	INSERT INTO CSR.EST_PROPERTY_TYPE (EST_PROPERTY_TYPE) VALUES ('Wastewater Treatment Plant');
EXCEPTION WHEN
	DUP_VAL_ON_INDEX THEN
		NULL;
END;
/
BEGIN
	INSERT INTO CSR.EST_PROPERTY_TYPE (EST_PROPERTY_TYPE) VALUES ('Wholesale Club/Supercenter');
EXCEPTION WHEN
	DUP_VAL_ON_INDEX THEN
		NULL;
END;
/
BEGIN
	INSERT INTO CSR.EST_PROPERTY_TYPE (EST_PROPERTY_TYPE) VALUES ('Worship Facility');
EXCEPTION WHEN
	DUP_VAL_ON_INDEX THEN
		NULL;
END;
/
BEGIN
	INSERT INTO CSR.EST_PROPERTY_TYPE (EST_PROPERTY_TYPE) VALUES ('Zoo');
EXCEPTION WHEN
	DUP_VAL_ON_INDEX THEN
		NULL;
END;
/

BEGIN
	INSERT INTO CSR.EST_SPACE_TYPE_ATTR (EST_SPACE_TYPE, ATTR_NAME, IS_MANDATORY) VALUES ('supermarket', 'areaOfAllWalkInRefrigerationUnits', 0);
EXCEPTION WHEN
	DUP_VAL_ON_INDEX THEN
		NULL;
END;
/
BEGIN
	INSERT INTO CSR.EST_SPACE_TYPE_ATTR (EST_SPACE_TYPE, ATTR_NAME, IS_MANDATORY) VALUES ('supermarket', 'lengthOfAllOpenClosedRefrigerationUnits', 0);
EXCEPTION WHEN
	DUP_VAL_ON_INDEX THEN
		NULL;
END;
/
BEGIN
	INSERT INTO CSR.EST_SPACE_TYPE_ATTR (EST_SPACE_TYPE, ATTR_NAME, IS_MANDATORY) VALUES ('foodSales', 'cookingFacilities', 0);
EXCEPTION WHEN
	DUP_VAL_ON_INDEX THEN
		NULL;
END;
/
BEGIN
	INSERT INTO CSR.EST_SPACE_TYPE_ATTR (EST_SPACE_TYPE, ATTR_NAME, IS_MANDATORY) VALUES ('foodSales', 'numberOfWalkInRefrigerationUnits', 0);
EXCEPTION WHEN
	DUP_VAL_ON_INDEX THEN
		NULL;
END;
/
BEGIN
	INSERT INTO CSR.EST_SPACE_TYPE_ATTR (EST_SPACE_TYPE, ATTR_NAME, IS_MANDATORY) VALUES ('foodSales', 'numberOfOpenClosedRefrigerationUnits', 0);
EXCEPTION WHEN
	DUP_VAL_ON_INDEX THEN
		NULL;
END;
/
BEGIN
	INSERT INTO CSR.EST_SPACE_TYPE_ATTR (EST_SPACE_TYPE, ATTR_NAME, IS_MANDATORY) VALUES ('foodSales', 'numberOfCashRegisters', 0);
EXCEPTION WHEN
	DUP_VAL_ON_INDEX THEN
		NULL;
END;
/
BEGIN
	INSERT INTO CSR.EST_SPACE_TYPE_ATTR (EST_SPACE_TYPE, ATTR_NAME, IS_MANDATORY) VALUES ('foodSales', 'percentCooled', 0);
EXCEPTION WHEN
	DUP_VAL_ON_INDEX THEN
		NULL;
END;
/
BEGIN
	INSERT INTO CSR.EST_SPACE_TYPE_ATTR (EST_SPACE_TYPE, ATTR_NAME, IS_MANDATORY) VALUES ('foodSales', 'percentHeated', 0);
EXCEPTION WHEN
	DUP_VAL_ON_INDEX THEN
		NULL;
END;
/
BEGIN
	INSERT INTO CSR.EST_SPACE_TYPE_ATTR (EST_SPACE_TYPE, ATTR_NAME, IS_MANDATORY) VALUES ('foodSales', 'areaOfAllWalkInRefrigerationUnits', 0);
EXCEPTION WHEN
	DUP_VAL_ON_INDEX THEN
		NULL;
END;
/
BEGIN
	INSERT INTO CSR.EST_SPACE_TYPE_ATTR (EST_SPACE_TYPE, ATTR_NAME, IS_MANDATORY) VALUES ('foodSales', 'lengthOfAllOpenClosedRefrigerationUnits', 0);
EXCEPTION WHEN
	DUP_VAL_ON_INDEX THEN
		NULL;
END;
/
BEGIN
	INSERT INTO CSR.EST_SPACE_TYPE_ATTR (EST_SPACE_TYPE, ATTR_NAME, IS_MANDATORY) VALUES ('convenienceStoreWithGasStation', 'cookingFacilities', 0);
EXCEPTION WHEN
	DUP_VAL_ON_INDEX THEN
		NULL;
END;
/
BEGIN
	INSERT INTO CSR.EST_SPACE_TYPE_ATTR (EST_SPACE_TYPE, ATTR_NAME, IS_MANDATORY) VALUES ('convenienceStoreWithGasStation', 'numberOfWalkInRefrigerationUnits', 0);
EXCEPTION WHEN
	DUP_VAL_ON_INDEX THEN
		NULL;
END;
/
BEGIN
	INSERT INTO CSR.EST_SPACE_TYPE_ATTR (EST_SPACE_TYPE, ATTR_NAME, IS_MANDATORY) VALUES ('convenienceStoreWithGasStation', 'numberOfOpenClosedRefrigerationUnits', 0);
EXCEPTION WHEN
	DUP_VAL_ON_INDEX THEN
		NULL;
END;
/
BEGIN
	INSERT INTO CSR.EST_SPACE_TYPE_ATTR (EST_SPACE_TYPE, ATTR_NAME, IS_MANDATORY) VALUES ('convenienceStoreWithGasStation', 'numberOfCashRegisters', 0);
EXCEPTION WHEN
	DUP_VAL_ON_INDEX THEN
		NULL;
END;
/
BEGIN
	INSERT INTO CSR.EST_SPACE_TYPE_ATTR (EST_SPACE_TYPE, ATTR_NAME, IS_MANDATORY) VALUES ('convenienceStoreWithGasStation', 'percentCooled', 0);
EXCEPTION WHEN
	DUP_VAL_ON_INDEX THEN
		NULL;
END;
/
BEGIN
	INSERT INTO CSR.EST_SPACE_TYPE_ATTR (EST_SPACE_TYPE, ATTR_NAME, IS_MANDATORY) VALUES ('convenienceStoreWithGasStation', 'percentHeated', 0);
EXCEPTION WHEN
	DUP_VAL_ON_INDEX THEN
		NULL;
END;
/
BEGIN
	INSERT INTO CSR.EST_SPACE_TYPE_ATTR (EST_SPACE_TYPE, ATTR_NAME, IS_MANDATORY) VALUES ('convenienceStoreWithGasStation', 'areaOfAllWalkInRefrigerationUnits', 0);
EXCEPTION WHEN
	DUP_VAL_ON_INDEX THEN
		NULL;
END;
/
BEGIN
	INSERT INTO CSR.EST_SPACE_TYPE_ATTR (EST_SPACE_TYPE, ATTR_NAME, IS_MANDATORY) VALUES ('convenienceStoreWithGasStation', 'lengthOfAllOpenClosedRefrigerationUnits', 0);
EXCEPTION WHEN
	DUP_VAL_ON_INDEX THEN
		NULL;
END;
/
BEGIN
	INSERT INTO CSR.EST_SPACE_TYPE_ATTR (EST_SPACE_TYPE, ATTR_NAME, IS_MANDATORY) VALUES ('convenienceStoreWithoutGasStation', 'cookingFacilities', 0);
EXCEPTION WHEN
	DUP_VAL_ON_INDEX THEN
		NULL;
END;
/
BEGIN
	INSERT INTO CSR.EST_SPACE_TYPE_ATTR (EST_SPACE_TYPE, ATTR_NAME, IS_MANDATORY) VALUES ('convenienceStoreWithoutGasStation', 'numberOfWalkInRefrigerationUnits', 0);
EXCEPTION WHEN
	DUP_VAL_ON_INDEX THEN
		NULL;
END;
/
BEGIN
	INSERT INTO CSR.EST_SPACE_TYPE_ATTR (EST_SPACE_TYPE, ATTR_NAME, IS_MANDATORY) VALUES ('convenienceStoreWithoutGasStation', 'numberOfOpenClosedRefrigerationUnits', 0);
EXCEPTION WHEN
	DUP_VAL_ON_INDEX THEN
		NULL;
END;
/
BEGIN
	INSERT INTO CSR.EST_SPACE_TYPE_ATTR (EST_SPACE_TYPE, ATTR_NAME, IS_MANDATORY) VALUES ('convenienceStoreWithoutGasStation', 'numberOfCashRegisters', 0);
EXCEPTION WHEN
	DUP_VAL_ON_INDEX THEN
		NULL;
END;
/
BEGIN
	INSERT INTO CSR.EST_SPACE_TYPE_ATTR (EST_SPACE_TYPE, ATTR_NAME, IS_MANDATORY) VALUES ('convenienceStoreWithoutGasStation', 'percentCooled', 0);
EXCEPTION WHEN
	DUP_VAL_ON_INDEX THEN
		NULL;
END;
/
BEGIN
	INSERT INTO CSR.EST_SPACE_TYPE_ATTR (EST_SPACE_TYPE, ATTR_NAME, IS_MANDATORY) VALUES ('convenienceStoreWithoutGasStation', 'percentHeated', 0);
EXCEPTION WHEN
	DUP_VAL_ON_INDEX THEN
		NULL;
END;
/
BEGIN
	INSERT INTO CSR.EST_SPACE_TYPE_ATTR (EST_SPACE_TYPE, ATTR_NAME, IS_MANDATORY) VALUES ('convenienceStoreWithoutGasStation', 'areaOfAllWalkInRefrigerationUnits', 0);
EXCEPTION WHEN
	DUP_VAL_ON_INDEX THEN
		NULL;
END;
/
BEGIN
	INSERT INTO CSR.EST_SPACE_TYPE_ATTR (EST_SPACE_TYPE, ATTR_NAME, IS_MANDATORY) VALUES ('convenienceStoreWithoutGasStation', 'lengthOfAllOpenClosedRefrigerationUnits', 0);
EXCEPTION WHEN
	DUP_VAL_ON_INDEX THEN
		NULL;
END;
/
BEGIN
	INSERT INTO CSR.EST_SPACE_TYPE_ATTR (EST_SPACE_TYPE, ATTR_NAME, IS_MANDATORY) VALUES ('retail', 'areaOfAllWalkInRefrigerationUnits', 0);
EXCEPTION WHEN
	DUP_VAL_ON_INDEX THEN
		NULL;
END;
/
BEGIN
	INSERT INTO CSR.EST_SPACE_TYPE_ATTR (EST_SPACE_TYPE, ATTR_NAME, IS_MANDATORY) VALUES ('retail', 'lengthOfAllOpenClosedRefrigerationUnits', 0);
EXCEPTION WHEN
	DUP_VAL_ON_INDEX THEN
		NULL;
END;
/
BEGIN
	INSERT INTO CSR.EST_SPACE_TYPE_ATTR (EST_SPACE_TYPE, ATTR_NAME, IS_MANDATORY) VALUES ('retail', 'cookingFacilities', 0);
EXCEPTION WHEN
	DUP_VAL_ON_INDEX THEN
		NULL;
END;
/
BEGIN
	INSERT INTO CSR.EST_SPACE_TYPE_ATTR (EST_SPACE_TYPE, ATTR_NAME, IS_MANDATORY) VALUES ('wholesaleClubSupercenter', 'singleStore', 0);
EXCEPTION WHEN
	DUP_VAL_ON_INDEX THEN
		NULL;
END;
/
BEGIN
	INSERT INTO CSR.EST_SPACE_TYPE_ATTR (EST_SPACE_TYPE, ATTR_NAME, IS_MANDATORY) VALUES ('wholesaleClubSupercenter', 'areaOfAllWalkInRefrigerationUnits', 0);
EXCEPTION WHEN
	DUP_VAL_ON_INDEX THEN
		NULL;
END;
/
BEGIN
	INSERT INTO CSR.EST_SPACE_TYPE_ATTR (EST_SPACE_TYPE, ATTR_NAME, IS_MANDATORY) VALUES ('wholesaleClubSupercenter', 'lengthOfAllOpenClosedRefrigerationUnits', 0);
EXCEPTION WHEN
	DUP_VAL_ON_INDEX THEN
		NULL;
END;
/
BEGIN
	INSERT INTO CSR.EST_SPACE_TYPE_ATTR (EST_SPACE_TYPE, ATTR_NAME, IS_MANDATORY) VALUES ('wholesaleClubSupercenter', 'cookingFacilities', 0);
EXCEPTION WHEN
	DUP_VAL_ON_INDEX THEN
		NULL;
END;
/
BEGIN
	INSERT INTO CSR.EST_SPACE_TYPE_ATTR (EST_SPACE_TYPE, ATTR_NAME, IS_MANDATORY) VALUES ('seniorCareCommunity', 'licensedBedCapacity', 0);
EXCEPTION WHEN
	DUP_VAL_ON_INDEX THEN
		NULL;
END;
/
BEGIN
	INSERT INTO CSR.EST_SPACE_TYPE_ATTR (EST_SPACE_TYPE, ATTR_NAME, IS_MANDATORY) VALUES ('residentialCareFacility', 'totalGrossFloorArea', 1);
EXCEPTION WHEN
	DUP_VAL_ON_INDEX THEN
		NULL;
END;
/
BEGIN
	INSERT INTO CSR.EST_SPACE_TYPE_ATTR (EST_SPACE_TYPE, ATTR_NAME, IS_MANDATORY) VALUES ('residentialCareFacility', 'numberOfResidentialLivingUnits', 0);
EXCEPTION WHEN
	DUP_VAL_ON_INDEX THEN
		NULL;
END;
/
BEGIN
	INSERT INTO CSR.EST_SPACE_TYPE_ATTR (EST_SPACE_TYPE, ATTR_NAME, IS_MANDATORY) VALUES ('residentialCareFacility', 'averageNumberOfResidents', 0);
EXCEPTION WHEN
	DUP_VAL_ON_INDEX THEN
		NULL;
END;
/
BEGIN
	INSERT INTO CSR.EST_SPACE_TYPE_ATTR (EST_SPACE_TYPE, ATTR_NAME, IS_MANDATORY) VALUES ('residentialCareFacility', 'maximumResidentCapacity', 0);
EXCEPTION WHEN
	DUP_VAL_ON_INDEX THEN
		NULL;
END;
/
BEGIN
	INSERT INTO CSR.EST_SPACE_TYPE_ATTR (EST_SPACE_TYPE, ATTR_NAME, IS_MANDATORY) VALUES ('residentialCareFacility', 'numberOfWorkers', 0);
EXCEPTION WHEN
	DUP_VAL_ON_INDEX THEN
		NULL;
END;
/
BEGIN
	INSERT INTO CSR.EST_SPACE_TYPE_ATTR (EST_SPACE_TYPE, ATTR_NAME, IS_MANDATORY) VALUES ('residentialCareFacility', 'numberOfComputers', 0);
EXCEPTION WHEN
	DUP_VAL_ON_INDEX THEN
		NULL;
END;
/
BEGIN
	INSERT INTO CSR.EST_SPACE_TYPE_ATTR (EST_SPACE_TYPE, ATTR_NAME, IS_MANDATORY) VALUES ('residentialCareFacility', 'numberOfCommercialRefrigerationUnits', 0);
EXCEPTION WHEN
	DUP_VAL_ON_INDEX THEN
		NULL;
END;
/
BEGIN
	INSERT INTO CSR.EST_SPACE_TYPE_ATTR (EST_SPACE_TYPE, ATTR_NAME, IS_MANDATORY) VALUES ('residentialCareFacility', 'numberOfCommercialWashingMachines', 0);
EXCEPTION WHEN
	DUP_VAL_ON_INDEX THEN
		NULL;
END;
/
BEGIN
	INSERT INTO CSR.EST_SPACE_TYPE_ATTR (EST_SPACE_TYPE, ATTR_NAME, IS_MANDATORY) VALUES ('residentialCareFacility', 'numberOfResidentialWashingMachines', 0);
EXCEPTION WHEN
	DUP_VAL_ON_INDEX THEN
		NULL;
END;
/
BEGIN
	INSERT INTO CSR.EST_SPACE_TYPE_ATTR (EST_SPACE_TYPE, ATTR_NAME, IS_MANDATORY) VALUES ('residentialCareFacility', 'numberOfResidentialLiftSystems', 0);
EXCEPTION WHEN
	DUP_VAL_ON_INDEX THEN
		NULL;
END;
/
BEGIN
	INSERT INTO CSR.EST_SPACE_TYPE_ATTR (EST_SPACE_TYPE, ATTR_NAME, IS_MANDATORY) VALUES ('residentialCareFacility', 'percentCooled', 0);
EXCEPTION WHEN
	DUP_VAL_ON_INDEX THEN
		NULL;
END;
/
BEGIN
	INSERT INTO CSR.EST_SPACE_TYPE_ATTR (EST_SPACE_TYPE, ATTR_NAME, IS_MANDATORY) VALUES ('residentialCareFacility', 'percentHeated', 0);
EXCEPTION WHEN
	DUP_VAL_ON_INDEX THEN
		NULL;
END;
/
BEGIN
	INSERT INTO CSR.EST_SPACE_TYPE_ATTR (EST_SPACE_TYPE, ATTR_NAME, IS_MANDATORY) VALUES ('residentialCareFacility', 'licensedBedCapacity', 0);
EXCEPTION WHEN
	DUP_VAL_ON_INDEX THEN
		NULL;
END;
/
BEGIN
	INSERT INTO CSR.EST_SPACE_TYPE_ATTR (EST_SPACE_TYPE, ATTR_NAME, IS_MANDATORY) VALUES ('refrigeratedWarehouse', 'totalGrossFloorArea', 1);
EXCEPTION WHEN
	DUP_VAL_ON_INDEX THEN
		NULL;
END;
/
BEGIN
	INSERT INTO CSR.EST_SPACE_TYPE_ATTR (EST_SPACE_TYPE, ATTR_NAME, IS_MANDATORY) VALUES ('refrigeratedWarehouse', 'numberOfWorkers', 0);
EXCEPTION WHEN
	DUP_VAL_ON_INDEX THEN
		NULL;
END;
/
BEGIN
	INSERT INTO CSR.EST_SPACE_TYPE_ATTR (EST_SPACE_TYPE, ATTR_NAME, IS_MANDATORY) VALUES ('refrigeratedWarehouse', 'weeklyOperatingHours', 0);
EXCEPTION WHEN
	DUP_VAL_ON_INDEX THEN
		NULL;
END;
/
BEGIN
	INSERT INTO CSR.EST_SPACE_TYPE_ATTR (EST_SPACE_TYPE, ATTR_NAME, IS_MANDATORY) VALUES ('retail', 'totalGrossFloorArea', 1);
EXCEPTION WHEN
	DUP_VAL_ON_INDEX THEN
		NULL;
END;
/
BEGIN
	INSERT INTO CSR.EST_SPACE_TYPE_ATTR (EST_SPACE_TYPE, ATTR_NAME, IS_MANDATORY) VALUES ('retail', 'weeklyOperatingHours', 0);
EXCEPTION WHEN
	DUP_VAL_ON_INDEX THEN
		NULL;
END;
/
BEGIN
	INSERT INTO CSR.EST_SPACE_TYPE_ATTR (EST_SPACE_TYPE, ATTR_NAME, IS_MANDATORY) VALUES ('retail', 'numberOfWorkers', 0);
EXCEPTION WHEN
	DUP_VAL_ON_INDEX THEN
		NULL;
END;
/
BEGIN
	INSERT INTO CSR.EST_SPACE_TYPE_ATTR (EST_SPACE_TYPE, ATTR_NAME, IS_MANDATORY) VALUES ('retail', 'numberOfComputers', 0);
EXCEPTION WHEN
	DUP_VAL_ON_INDEX THEN
		NULL;
END;
/
BEGIN
	INSERT INTO CSR.EST_SPACE_TYPE_ATTR (EST_SPACE_TYPE, ATTR_NAME, IS_MANDATORY) VALUES ('retail', 'numberOfCashRegisters', 0);
EXCEPTION WHEN
	DUP_VAL_ON_INDEX THEN
		NULL;
END;
/
BEGIN
	INSERT INTO CSR.EST_SPACE_TYPE_ATTR (EST_SPACE_TYPE, ATTR_NAME, IS_MANDATORY) VALUES ('retail', 'numberOfWalkInRefrigerationUnits', 0);
EXCEPTION WHEN
	DUP_VAL_ON_INDEX THEN
		NULL;
END;
/
BEGIN
	INSERT INTO CSR.EST_SPACE_TYPE_ATTR (EST_SPACE_TYPE, ATTR_NAME, IS_MANDATORY) VALUES ('retail', 'numberOfOpenClosedRefrigerationUnits', 0);
EXCEPTION WHEN
	DUP_VAL_ON_INDEX THEN
		NULL;
END;
/
BEGIN
	INSERT INTO CSR.EST_SPACE_TYPE_ATTR (EST_SPACE_TYPE, ATTR_NAME, IS_MANDATORY) VALUES ('retail', 'percentCooled', 0);
EXCEPTION WHEN
	DUP_VAL_ON_INDEX THEN
		NULL;
END;
/
BEGIN
	INSERT INTO CSR.EST_SPACE_TYPE_ATTR (EST_SPACE_TYPE, ATTR_NAME, IS_MANDATORY) VALUES ('retail', 'percentHeated', 0);
EXCEPTION WHEN
	DUP_VAL_ON_INDEX THEN
		NULL;
END;
/
BEGIN
	INSERT INTO CSR.EST_SPACE_TYPE_ATTR (EST_SPACE_TYPE, ATTR_NAME, IS_MANDATORY) VALUES ('retail', 'singleStore', 0);
EXCEPTION WHEN
	DUP_VAL_ON_INDEX THEN
		NULL;
END;
/
BEGIN
	INSERT INTO CSR.EST_SPACE_TYPE_ATTR (EST_SPACE_TYPE, ATTR_NAME, IS_MANDATORY) VALUES ('retail', 'exteriorEntranceToThePublic', 0);
EXCEPTION WHEN
	DUP_VAL_ON_INDEX THEN
		NULL;
END;
/
BEGIN
	INSERT INTO CSR.EST_SPACE_TYPE_ATTR (EST_SPACE_TYPE, ATTR_NAME, IS_MANDATORY) VALUES ('hospital', 'totalGrossFloorArea', 1);
EXCEPTION WHEN
	DUP_VAL_ON_INDEX THEN
		NULL;
END;
/
BEGIN
	INSERT INTO CSR.EST_SPACE_TYPE_ATTR (EST_SPACE_TYPE, ATTR_NAME, IS_MANDATORY) VALUES ('hospital', 'hasLaboratory', 0);
EXCEPTION WHEN
	DUP_VAL_ON_INDEX THEN
		NULL;
END;
/
BEGIN
	INSERT INTO CSR.EST_SPACE_TYPE_ATTR (EST_SPACE_TYPE, ATTR_NAME, IS_MANDATORY) VALUES ('hospital', 'onSiteLaundryFacility', 0);
EXCEPTION WHEN
	DUP_VAL_ON_INDEX THEN
		NULL;
END;
/
BEGIN
	INSERT INTO CSR.EST_SPACE_TYPE_ATTR (EST_SPACE_TYPE, ATTR_NAME, IS_MANDATORY) VALUES ('hospital', 'maximumNumberOfFloors', 0);
EXCEPTION WHEN
	DUP_VAL_ON_INDEX THEN
		NULL;
END;
/
BEGIN
	INSERT INTO CSR.EST_SPACE_TYPE_ATTR (EST_SPACE_TYPE, ATTR_NAME, IS_MANDATORY) VALUES ('hospital', 'numberOfStaffedBeds', 0);
EXCEPTION WHEN
	DUP_VAL_ON_INDEX THEN
		NULL;
END;
/
BEGIN
	INSERT INTO CSR.EST_SPACE_TYPE_ATTR (EST_SPACE_TYPE, ATTR_NAME, IS_MANDATORY) VALUES ('hospital', 'numberOfFTEWorkers', 0);
EXCEPTION WHEN
	DUP_VAL_ON_INDEX THEN
		NULL;
END;
/
BEGIN
	INSERT INTO CSR.EST_SPACE_TYPE_ATTR (EST_SPACE_TYPE, ATTR_NAME, IS_MANDATORY) VALUES ('hospital', 'numberOfMriMachines', 0);
EXCEPTION WHEN
	DUP_VAL_ON_INDEX THEN
		NULL;
END;
/
BEGIN
	INSERT INTO CSR.EST_SPACE_TYPE_ATTR (EST_SPACE_TYPE, ATTR_NAME, IS_MANDATORY) VALUES ('hospital', 'ownedBy', 0);
EXCEPTION WHEN
	DUP_VAL_ON_INDEX THEN
		NULL;
END;
/
BEGIN
	INSERT INTO CSR.EST_SPACE_TYPE_ATTR (EST_SPACE_TYPE, ATTR_NAME, IS_MANDATORY) VALUES ('hospital', 'isTertiaryCare', 0);
EXCEPTION WHEN
	DUP_VAL_ON_INDEX THEN
		NULL;
END;
/
BEGIN
	INSERT INTO CSR.EST_SPACE_TYPE_ATTR (EST_SPACE_TYPE, ATTR_NAME, IS_MANDATORY) VALUES ('hospital', 'licensedBedCapacity', 0);
EXCEPTION WHEN
	DUP_VAL_ON_INDEX THEN
		NULL;
END;
/
BEGIN
	INSERT INTO CSR.EST_SPACE_TYPE_ATTR (EST_SPACE_TYPE, ATTR_NAME, IS_MANDATORY) VALUES ('hospital', 'numberOfWorkers', 0);
EXCEPTION WHEN
	DUP_VAL_ON_INDEX THEN
		NULL;
END;
/
BEGIN
	INSERT INTO CSR.EST_SPACE_TYPE_ATTR (EST_SPACE_TYPE, ATTR_NAME, IS_MANDATORY) VALUES ('hospital', 'percentCooled', 0);
EXCEPTION WHEN
	DUP_VAL_ON_INDEX THEN
		NULL;
END;
/
BEGIN
	INSERT INTO CSR.EST_SPACE_TYPE_ATTR (EST_SPACE_TYPE, ATTR_NAME, IS_MANDATORY) VALUES ('hospital', 'percentHeated', 0);
EXCEPTION WHEN
	DUP_VAL_ON_INDEX THEN
		NULL;
END;
/
BEGIN
	INSERT INTO CSR.EST_SPACE_TYPE_ATTR (EST_SPACE_TYPE, ATTR_NAME, IS_MANDATORY) VALUES ('medicalOffice', 'totalGrossFloorArea', 1);
EXCEPTION WHEN
	DUP_VAL_ON_INDEX THEN
		NULL;
END;
/
BEGIN
	INSERT INTO CSR.EST_SPACE_TYPE_ATTR (EST_SPACE_TYPE, ATTR_NAME, IS_MANDATORY) VALUES ('medicalOffice', 'numberOfWorkers', 0);
EXCEPTION WHEN
	DUP_VAL_ON_INDEX THEN
		NULL;
END;
/
BEGIN
	INSERT INTO CSR.EST_SPACE_TYPE_ATTR (EST_SPACE_TYPE, ATTR_NAME, IS_MANDATORY) VALUES ('medicalOffice', 'percentCooled', 0);
EXCEPTION WHEN
	DUP_VAL_ON_INDEX THEN
		NULL;
END;
/
BEGIN
	INSERT INTO CSR.EST_SPACE_TYPE_ATTR (EST_SPACE_TYPE, ATTR_NAME, IS_MANDATORY) VALUES ('medicalOffice', 'percentHeated', 0);
EXCEPTION WHEN
	DUP_VAL_ON_INDEX THEN
		NULL;
END;
/
BEGIN
	INSERT INTO CSR.EST_SPACE_TYPE_ATTR (EST_SPACE_TYPE, ATTR_NAME, IS_MANDATORY) VALUES ('medicalOffice', 'weeklyOperatingHours', 0);
EXCEPTION WHEN
	DUP_VAL_ON_INDEX THEN
		NULL;
END;
/
BEGIN
	INSERT INTO CSR.EST_SPACE_TYPE_ATTR (EST_SPACE_TYPE, ATTR_NAME, IS_MANDATORY) VALUES ('medicalOffice', 'numberOfSurgicalOperatingBeds', 0);
EXCEPTION WHEN
	DUP_VAL_ON_INDEX THEN
		NULL;
END;
/
BEGIN
	INSERT INTO CSR.EST_SPACE_TYPE_ATTR (EST_SPACE_TYPE, ATTR_NAME, IS_MANDATORY) VALUES ('medicalOffice', 'surgeryCenterFloorArea', 0);
EXCEPTION WHEN
	DUP_VAL_ON_INDEX THEN
		NULL;
END;
/
BEGIN
	INSERT INTO CSR.EST_SPACE_TYPE_ATTR (EST_SPACE_TYPE, ATTR_NAME, IS_MANDATORY) VALUES ('medicalOffice', 'numberOfMriMachines', 0);
EXCEPTION WHEN
	DUP_VAL_ON_INDEX THEN
		NULL;
END;
/
BEGIN
	INSERT INTO CSR.EST_SPACE_TYPE_ATTR (EST_SPACE_TYPE, ATTR_NAME, IS_MANDATORY) VALUES ('dataCenter', 'totalGrossFloorArea', 1);
EXCEPTION WHEN
	DUP_VAL_ON_INDEX THEN
		NULL;
END;
/
BEGIN
	INSERT INTO CSR.EST_SPACE_TYPE_ATTR (EST_SPACE_TYPE, ATTR_NAME, IS_MANDATORY) VALUES ('dataCenter', 'coolingEquipmentRedundancy', 0);
EXCEPTION WHEN
	DUP_VAL_ON_INDEX THEN
		NULL;
END;
/
BEGIN
	INSERT INTO CSR.EST_SPACE_TYPE_ATTR (EST_SPACE_TYPE, ATTR_NAME, IS_MANDATORY) VALUES ('dataCenter', 'itEnergyMeterConfiguration', 0);
EXCEPTION WHEN
	DUP_VAL_ON_INDEX THEN
		NULL;
END;
/
BEGIN
	INSERT INTO CSR.EST_SPACE_TYPE_ATTR (EST_SPACE_TYPE, ATTR_NAME, IS_MANDATORY) VALUES ('dataCenter', 'upsSystemRedundancy', 0);
EXCEPTION WHEN
	DUP_VAL_ON_INDEX THEN
		NULL;
END;
/
BEGIN
	INSERT INTO CSR.EST_SPACE_TYPE_ATTR (EST_SPACE_TYPE, ATTR_NAME, IS_MANDATORY) VALUES ('courthouse', 'totalGrossFloorArea', 1);
EXCEPTION WHEN
	DUP_VAL_ON_INDEX THEN
		NULL;
END;
/
BEGIN
	INSERT INTO CSR.EST_SPACE_TYPE_ATTR (EST_SPACE_TYPE, ATTR_NAME, IS_MANDATORY) VALUES ('courthouse', 'numberOfComputers', 0);
EXCEPTION WHEN
	DUP_VAL_ON_INDEX THEN
		NULL;
END;
/
BEGIN
	INSERT INTO CSR.EST_SPACE_TYPE_ATTR (EST_SPACE_TYPE, ATTR_NAME, IS_MANDATORY) VALUES ('courthouse', 'percentOfficeCooled', 0);
EXCEPTION WHEN
	DUP_VAL_ON_INDEX THEN
		NULL;
END;
/
BEGIN
	INSERT INTO CSR.EST_SPACE_TYPE_ATTR (EST_SPACE_TYPE, ATTR_NAME, IS_MANDATORY) VALUES ('courthouse', 'percentOfficeHeated', 0);
EXCEPTION WHEN
	DUP_VAL_ON_INDEX THEN
		NULL;
END;
/
BEGIN
	INSERT INTO CSR.EST_SPACE_TYPE_ATTR (EST_SPACE_TYPE, ATTR_NAME, IS_MANDATORY) VALUES ('courthouse', 'weeklyOperatingHours', 0);
EXCEPTION WHEN
	DUP_VAL_ON_INDEX THEN
		NULL;
END;
/
BEGIN
	INSERT INTO CSR.EST_SPACE_TYPE_ATTR (EST_SPACE_TYPE, ATTR_NAME, IS_MANDATORY) VALUES ('courthouse', 'numberOfWorkers', 0);
EXCEPTION WHEN
	DUP_VAL_ON_INDEX THEN
		NULL;
END;
/
BEGIN
	INSERT INTO CSR.EST_SPACE_TYPE_ATTR (EST_SPACE_TYPE, ATTR_NAME, IS_MANDATORY) VALUES ('singleFamilyHome', 'totalGrossFloorArea', 1);
EXCEPTION WHEN
	DUP_VAL_ON_INDEX THEN
		NULL;
END;
/
BEGIN
	INSERT INTO CSR.EST_SPACE_TYPE_ATTR (EST_SPACE_TYPE, ATTR_NAME, IS_MANDATORY) VALUES ('singleFamilyHome', 'numberOfBedrooms', 0);
EXCEPTION WHEN
	DUP_VAL_ON_INDEX THEN
		NULL;
END;
/
BEGIN
	INSERT INTO CSR.EST_SPACE_TYPE_ATTR (EST_SPACE_TYPE, ATTR_NAME, IS_MANDATORY) VALUES ('singleFamilyHome', 'numberOfPeople', 0);
EXCEPTION WHEN
	DUP_VAL_ON_INDEX THEN
		NULL;
END;
/
BEGIN
	INSERT INTO CSR.EST_SPACE_TYPE_ATTR (EST_SPACE_TYPE, ATTR_NAME, IS_MANDATORY) VALUES ('nonRefrigeratedWarehouse', 'totalGrossFloorArea', 1);
EXCEPTION WHEN
	DUP_VAL_ON_INDEX THEN
		NULL;
END;
/
BEGIN
	INSERT INTO CSR.EST_SPACE_TYPE_ATTR (EST_SPACE_TYPE, ATTR_NAME, IS_MANDATORY) VALUES ('nonRefrigeratedWarehouse', 'numberOfWorkers', 0);
EXCEPTION WHEN
	DUP_VAL_ON_INDEX THEN
		NULL;
END;
/
BEGIN
	INSERT INTO CSR.EST_SPACE_TYPE_ATTR (EST_SPACE_TYPE, ATTR_NAME, IS_MANDATORY) VALUES ('nonRefrigeratedWarehouse', 'weeklyOperatingHours', 0);
EXCEPTION WHEN
	DUP_VAL_ON_INDEX THEN
		NULL;
END;
/
BEGIN
	INSERT INTO CSR.EST_SPACE_TYPE_ATTR (EST_SPACE_TYPE, ATTR_NAME, IS_MANDATORY) VALUES ('nonRefrigeratedWarehouse', 'percentCooled', 0);
EXCEPTION WHEN
	DUP_VAL_ON_INDEX THEN
		NULL;
END;
/
BEGIN
	INSERT INTO CSR.EST_SPACE_TYPE_ATTR (EST_SPACE_TYPE, ATTR_NAME, IS_MANDATORY) VALUES ('nonRefrigeratedWarehouse', 'percentHeated', 0);
EXCEPTION WHEN
	DUP_VAL_ON_INDEX THEN
		NULL;
END;
/
BEGIN
	INSERT INTO CSR.EST_SPACE_TYPE_ATTR (EST_SPACE_TYPE, ATTR_NAME, IS_MANDATORY) VALUES ('nonRefrigeratedWarehouse', 'numberOfWalkInRefrigerationUnits', 0);
EXCEPTION WHEN
	DUP_VAL_ON_INDEX THEN
		NULL;
END;
/
BEGIN
	INSERT INTO CSR.EST_SPACE_TYPE_ATTR (EST_SPACE_TYPE, ATTR_NAME, IS_MANDATORY) VALUES ('multifamilyHousing', 'totalGrossFloorArea', 1);
EXCEPTION WHEN
	DUP_VAL_ON_INDEX THEN
		NULL;
END;
/
BEGIN
	INSERT INTO CSR.EST_SPACE_TYPE_ATTR (EST_SPACE_TYPE, ATTR_NAME, IS_MANDATORY) VALUES ('multifamilyHousing', 'numberOfResidentialLivingUnits', 0);
EXCEPTION WHEN
	DUP_VAL_ON_INDEX THEN
		NULL;
END;
/
BEGIN
	INSERT INTO CSR.EST_SPACE_TYPE_ATTR (EST_SPACE_TYPE, ATTR_NAME, IS_MANDATORY) VALUES ('multifamilyHousing', 'numberOfBedrooms', 0);
EXCEPTION WHEN
	DUP_VAL_ON_INDEX THEN
		NULL;
END;
/
BEGIN
	INSERT INTO CSR.EST_SPACE_TYPE_ATTR (EST_SPACE_TYPE, ATTR_NAME, IS_MANDATORY) VALUES ('multifamilyHousing', 'numberOfResidentialLivingUnitsMidRiseSetting', 0);
EXCEPTION WHEN
	DUP_VAL_ON_INDEX THEN
		NULL;
END;
/
BEGIN
	INSERT INTO CSR.EST_SPACE_TYPE_ATTR (EST_SPACE_TYPE, ATTR_NAME, IS_MANDATORY) VALUES ('multifamilyHousing', 'numberOfLaundryHookupsInAllUnits', 0);
EXCEPTION WHEN
	DUP_VAL_ON_INDEX THEN
		NULL;
END;
/
BEGIN
	INSERT INTO CSR.EST_SPACE_TYPE_ATTR (EST_SPACE_TYPE, ATTR_NAME, IS_MANDATORY) VALUES ('multifamilyHousing', 'numberOfLaundryHookupsInCommonArea', 0);
EXCEPTION WHEN
	DUP_VAL_ON_INDEX THEN
		NULL;
END;
/
BEGIN
	INSERT INTO CSR.EST_SPACE_TYPE_ATTR (EST_SPACE_TYPE, ATTR_NAME, IS_MANDATORY) VALUES ('multifamilyHousing', 'numberOfResidentialLivingUnitsLowRiseSetting', 0);
EXCEPTION WHEN
	DUP_VAL_ON_INDEX THEN
		NULL;
END;
/
BEGIN
	INSERT INTO CSR.EST_SPACE_TYPE_ATTR (EST_SPACE_TYPE, ATTR_NAME, IS_MANDATORY) VALUES ('multifamilyHousing', 'percentHeated', 0);
EXCEPTION WHEN
	DUP_VAL_ON_INDEX THEN
		NULL;
END;
/
BEGIN
	INSERT INTO CSR.EST_SPACE_TYPE_ATTR (EST_SPACE_TYPE, ATTR_NAME, IS_MANDATORY) VALUES ('multifamilyHousing', 'percentCooled', 0);
EXCEPTION WHEN
	DUP_VAL_ON_INDEX THEN
		NULL;
END;
/
BEGIN
	INSERT INTO CSR.EST_SPACE_TYPE_ATTR (EST_SPACE_TYPE, ATTR_NAME, IS_MANDATORY) VALUES ('multifamilyHousing', 'numberOfResidentialLivingUnitsHighRiseSetting', 0);
EXCEPTION WHEN
	DUP_VAL_ON_INDEX THEN
		NULL;
END;
/
BEGIN
	INSERT INTO CSR.EST_SPACE_TYPE_ATTR (EST_SPACE_TYPE, ATTR_NAME, IS_MANDATORY) VALUES ('multifamilyHousing', 'residentPopulation', 0);
EXCEPTION WHEN
	DUP_VAL_ON_INDEX THEN
		NULL;
END;
/
BEGIN
	INSERT INTO CSR.EST_SPACE_TYPE_ATTR (EST_SPACE_TYPE, ATTR_NAME, IS_MANDATORY) VALUES ('multifamilyHousing', 'governmentSubsidizedHousing', 0);
EXCEPTION WHEN
	DUP_VAL_ON_INDEX THEN
		NULL;
END;
/
BEGIN
	INSERT INTO CSR.EST_SPACE_TYPE_ATTR (EST_SPACE_TYPE, ATTR_NAME, IS_MANDATORY) VALUES ('office', 'totalGrossFloorArea', 1);
EXCEPTION WHEN
	DUP_VAL_ON_INDEX THEN
		NULL;
END;
/
BEGIN
	INSERT INTO CSR.EST_SPACE_TYPE_ATTR (EST_SPACE_TYPE, ATTR_NAME, IS_MANDATORY) VALUES ('office', 'weeklyOperatingHours', 0);
EXCEPTION WHEN
	DUP_VAL_ON_INDEX THEN
		NULL;
END;
/
BEGIN
	INSERT INTO CSR.EST_SPACE_TYPE_ATTR (EST_SPACE_TYPE, ATTR_NAME, IS_MANDATORY) VALUES ('office', 'numberOfWorkers', 0);
EXCEPTION WHEN
	DUP_VAL_ON_INDEX THEN
		NULL;
END;
/
BEGIN
	INSERT INTO CSR.EST_SPACE_TYPE_ATTR (EST_SPACE_TYPE, ATTR_NAME, IS_MANDATORY) VALUES ('office', 'numberOfComputers', 0);
EXCEPTION WHEN
	DUP_VAL_ON_INDEX THEN
		NULL;
END;
/
BEGIN
	INSERT INTO CSR.EST_SPACE_TYPE_ATTR (EST_SPACE_TYPE, ATTR_NAME, IS_MANDATORY) VALUES ('office', 'percentOfficeCooled', 0);
EXCEPTION WHEN
	DUP_VAL_ON_INDEX THEN
		NULL;
END;
/
BEGIN
	INSERT INTO CSR.EST_SPACE_TYPE_ATTR (EST_SPACE_TYPE, ATTR_NAME, IS_MANDATORY) VALUES ('office', 'percentOfficeHeated', 0);
EXCEPTION WHEN
	DUP_VAL_ON_INDEX THEN
		NULL;
END;
/
BEGIN
	INSERT INTO CSR.EST_SPACE_TYPE_ATTR (EST_SPACE_TYPE, ATTR_NAME, IS_MANDATORY) VALUES ('wholesaleClubSupercenter', 'totalGrossFloorArea', 1);
EXCEPTION WHEN
	DUP_VAL_ON_INDEX THEN
		NULL;
END;
/
BEGIN
	INSERT INTO CSR.EST_SPACE_TYPE_ATTR (EST_SPACE_TYPE, ATTR_NAME, IS_MANDATORY) VALUES ('wholesaleClubSupercenter', 'exteriorEntranceToThePublic', 0);
EXCEPTION WHEN
	DUP_VAL_ON_INDEX THEN
		NULL;
END;
/
BEGIN
	INSERT INTO CSR.EST_SPACE_TYPE_ATTR (EST_SPACE_TYPE, ATTR_NAME, IS_MANDATORY) VALUES ('wholesaleClubSupercenter', 'weeklyOperatingHours', 0);
EXCEPTION WHEN
	DUP_VAL_ON_INDEX THEN
		NULL;
END;
/
BEGIN
	INSERT INTO CSR.EST_SPACE_TYPE_ATTR (EST_SPACE_TYPE, ATTR_NAME, IS_MANDATORY) VALUES ('wholesaleClubSupercenter', 'numberOfWorkers', 0);
EXCEPTION WHEN
	DUP_VAL_ON_INDEX THEN
		NULL;
END;
/
BEGIN
	INSERT INTO CSR.EST_SPACE_TYPE_ATTR (EST_SPACE_TYPE, ATTR_NAME, IS_MANDATORY) VALUES ('wholesaleClubSupercenter', 'numberOfCashRegisters', 0);
EXCEPTION WHEN
	DUP_VAL_ON_INDEX THEN
		NULL;
END;
/
BEGIN
	INSERT INTO CSR.EST_SPACE_TYPE_ATTR (EST_SPACE_TYPE, ATTR_NAME, IS_MANDATORY) VALUES ('wholesaleClubSupercenter', 'numberOfComputers', 0);
EXCEPTION WHEN
	DUP_VAL_ON_INDEX THEN
		NULL;
END;
/
BEGIN
	INSERT INTO CSR.EST_SPACE_TYPE_ATTR (EST_SPACE_TYPE, ATTR_NAME, IS_MANDATORY) VALUES ('wholesaleClubSupercenter', 'numberOfOpenClosedRefrigerationUnits', 0);
EXCEPTION WHEN
	DUP_VAL_ON_INDEX THEN
		NULL;
END;
/
BEGIN
	INSERT INTO CSR.EST_SPACE_TYPE_ATTR (EST_SPACE_TYPE, ATTR_NAME, IS_MANDATORY) VALUES ('wholesaleClubSupercenter', 'numberOfWalkInRefrigerationUnits', 0);
EXCEPTION WHEN
	DUP_VAL_ON_INDEX THEN
		NULL;
END;
/
BEGIN
	INSERT INTO CSR.EST_SPACE_TYPE_ATTR (EST_SPACE_TYPE, ATTR_NAME, IS_MANDATORY) VALUES ('wholesaleClubSupercenter', 'percentHeated', 0);
EXCEPTION WHEN
	DUP_VAL_ON_INDEX THEN
		NULL;
END;
/
BEGIN
	INSERT INTO CSR.EST_SPACE_TYPE_ATTR (EST_SPACE_TYPE, ATTR_NAME, IS_MANDATORY) VALUES ('wholesaleClubSupercenter', 'percentCooled', 0);
EXCEPTION WHEN
	DUP_VAL_ON_INDEX THEN
		NULL;
END;
/
BEGIN
	INSERT INTO CSR.EST_SPACE_TYPE_ATTR (EST_SPACE_TYPE, ATTR_NAME, IS_MANDATORY) VALUES ('seniorCareCommunity', 'totalGrossFloorArea', 1);
EXCEPTION WHEN
	DUP_VAL_ON_INDEX THEN
		NULL;
END;
/
BEGIN
	INSERT INTO CSR.EST_SPACE_TYPE_ATTR (EST_SPACE_TYPE, ATTR_NAME, IS_MANDATORY) VALUES ('seniorCareCommunity', 'numberOfResidentialLivingUnits', 0);
EXCEPTION WHEN
	DUP_VAL_ON_INDEX THEN
		NULL;
END;
/
BEGIN
	INSERT INTO CSR.EST_SPACE_TYPE_ATTR (EST_SPACE_TYPE, ATTR_NAME, IS_MANDATORY) VALUES ('seniorCareCommunity', 'averageNumberOfResidents', 0);
EXCEPTION WHEN
	DUP_VAL_ON_INDEX THEN
		NULL;
END;
/
BEGIN
	INSERT INTO CSR.EST_SPACE_TYPE_ATTR (EST_SPACE_TYPE, ATTR_NAME, IS_MANDATORY) VALUES ('seniorCareCommunity', 'maximumResidentCapacity', 0);
EXCEPTION WHEN
	DUP_VAL_ON_INDEX THEN
		NULL;
END;
/
BEGIN
	INSERT INTO CSR.EST_SPACE_TYPE_ATTR (EST_SPACE_TYPE, ATTR_NAME, IS_MANDATORY) VALUES ('seniorCareCommunity', 'numberOfWorkers', 0);
EXCEPTION WHEN
	DUP_VAL_ON_INDEX THEN
		NULL;
END;
/
BEGIN
	INSERT INTO CSR.EST_SPACE_TYPE_ATTR (EST_SPACE_TYPE, ATTR_NAME, IS_MANDATORY) VALUES ('seniorCareCommunity', 'numberOfComputers', 0);
EXCEPTION WHEN
	DUP_VAL_ON_INDEX THEN
		NULL;
END;
/
BEGIN
	INSERT INTO CSR.EST_SPACE_TYPE_ATTR (EST_SPACE_TYPE, ATTR_NAME, IS_MANDATORY) VALUES ('seniorCareCommunity', 'numberOfCommercialRefrigerationUnits', 0);
EXCEPTION WHEN
	DUP_VAL_ON_INDEX THEN
		NULL;
END;
/
BEGIN
	INSERT INTO CSR.EST_SPACE_TYPE_ATTR (EST_SPACE_TYPE, ATTR_NAME, IS_MANDATORY) VALUES ('seniorCareCommunity', 'numberOfCommercialWashingMachines', 0);
EXCEPTION WHEN
	DUP_VAL_ON_INDEX THEN
		NULL;
END;
/
BEGIN
	INSERT INTO CSR.EST_SPACE_TYPE_ATTR (EST_SPACE_TYPE, ATTR_NAME, IS_MANDATORY) VALUES ('seniorCareCommunity', 'numberOfResidentialWashingMachines', 0);
EXCEPTION WHEN
	DUP_VAL_ON_INDEX THEN
		NULL;
END;
/
BEGIN
	INSERT INTO CSR.EST_SPACE_TYPE_ATTR (EST_SPACE_TYPE, ATTR_NAME, IS_MANDATORY) VALUES ('seniorCareCommunity', 'numberOfResidentialLiftSystems', 0);
EXCEPTION WHEN
	DUP_VAL_ON_INDEX THEN
		NULL;
END;
/
BEGIN
	INSERT INTO CSR.EST_SPACE_TYPE_ATTR (EST_SPACE_TYPE, ATTR_NAME, IS_MANDATORY) VALUES ('seniorCareCommunity', 'percentCooled', 0);
EXCEPTION WHEN
	DUP_VAL_ON_INDEX THEN
		NULL;
END;
/
BEGIN
	INSERT INTO CSR.EST_SPACE_TYPE_ATTR (EST_SPACE_TYPE, ATTR_NAME, IS_MANDATORY) VALUES ('seniorCareCommunity', 'percentHeated', 0);
EXCEPTION WHEN
	DUP_VAL_ON_INDEX THEN
		NULL;
END;
/
BEGIN
	INSERT INTO CSR.EST_SPACE_TYPE_ATTR (EST_SPACE_TYPE, ATTR_NAME, IS_MANDATORY) VALUES ('swimmingPool', 'poolSize', 0);
EXCEPTION WHEN
	DUP_VAL_ON_INDEX THEN
		NULL;
END;
/
BEGIN
	INSERT INTO CSR.EST_SPACE_TYPE_ATTR (EST_SPACE_TYPE, ATTR_NAME, IS_MANDATORY) VALUES ('swimmingPool', 'poolLocation', 0);
EXCEPTION WHEN
	DUP_VAL_ON_INDEX THEN
		NULL;
END;
/
BEGIN
	INSERT INTO CSR.EST_SPACE_TYPE_ATTR (EST_SPACE_TYPE, ATTR_NAME, IS_MANDATORY) VALUES ('swimmingPool', 'monthsInUse', 0);
EXCEPTION WHEN
	DUP_VAL_ON_INDEX THEN
		NULL;
END;
/
BEGIN
	INSERT INTO CSR.EST_SPACE_TYPE_ATTR (EST_SPACE_TYPE, ATTR_NAME, IS_MANDATORY) VALUES ('residenceHallDormitory', 'totalGrossFloorArea', 1);
EXCEPTION WHEN
	DUP_VAL_ON_INDEX THEN
		NULL;
END;
/
BEGIN
	INSERT INTO CSR.EST_SPACE_TYPE_ATTR (EST_SPACE_TYPE, ATTR_NAME, IS_MANDATORY) VALUES ('residenceHallDormitory', 'numberOfRooms', 0);
EXCEPTION WHEN
	DUP_VAL_ON_INDEX THEN
		NULL;
END;
/
BEGIN
	INSERT INTO CSR.EST_SPACE_TYPE_ATTR (EST_SPACE_TYPE, ATTR_NAME, IS_MANDATORY) VALUES ('residenceHallDormitory', 'percentHeated', 0);
EXCEPTION WHEN
	DUP_VAL_ON_INDEX THEN
		NULL;
END;
/
BEGIN
	INSERT INTO CSR.EST_SPACE_TYPE_ATTR (EST_SPACE_TYPE, ATTR_NAME, IS_MANDATORY) VALUES ('residenceHallDormitory', 'percentCooled', 0);
EXCEPTION WHEN
	DUP_VAL_ON_INDEX THEN
		NULL;
END;
/
BEGIN
	INSERT INTO CSR.EST_SPACE_TYPE_ATTR (EST_SPACE_TYPE, ATTR_NAME, IS_MANDATORY) VALUES ('residenceHallDormitory', 'hasComputerLab', 0);
EXCEPTION WHEN
	DUP_VAL_ON_INDEX THEN
		NULL;
END;
/
BEGIN
	INSERT INTO CSR.EST_SPACE_TYPE_ATTR (EST_SPACE_TYPE, ATTR_NAME, IS_MANDATORY) VALUES ('residenceHallDormitory', 'hasDiningHall', 0);
EXCEPTION WHEN
	DUP_VAL_ON_INDEX THEN
		NULL;
END;
/
BEGIN
	INSERT INTO CSR.EST_SPACE_TYPE_ATTR (EST_SPACE_TYPE, ATTR_NAME, IS_MANDATORY) VALUES ('wastewaterTreatmentPlant', 'totalGrossFloorArea', 1);
EXCEPTION WHEN
	DUP_VAL_ON_INDEX THEN
		NULL;
END;
/
BEGIN
	INSERT INTO CSR.EST_SPACE_TYPE_ATTR (EST_SPACE_TYPE, ATTR_NAME, IS_MANDATORY) VALUES ('wastewaterTreatmentPlant', 'averageInfluentBiologicalOxygenDemand', 0);
EXCEPTION WHEN
	DUP_VAL_ON_INDEX THEN
		NULL;
END;
/
BEGIN
	INSERT INTO CSR.EST_SPACE_TYPE_ATTR (EST_SPACE_TYPE, ATTR_NAME, IS_MANDATORY) VALUES ('wastewaterTreatmentPlant', 'averageEffluentBiologicalOxygenDemand', 0);
EXCEPTION WHEN
	DUP_VAL_ON_INDEX THEN
		NULL;
END;
/
BEGIN
	INSERT INTO CSR.EST_SPACE_TYPE_ATTR (EST_SPACE_TYPE, ATTR_NAME, IS_MANDATORY) VALUES ('wastewaterTreatmentPlant', 'plantDesignFlowRate', 0);
EXCEPTION WHEN
	DUP_VAL_ON_INDEX THEN
		NULL;
END;
/
BEGIN
	INSERT INTO CSR.EST_SPACE_TYPE_ATTR (EST_SPACE_TYPE, ATTR_NAME, IS_MANDATORY) VALUES ('wastewaterTreatmentPlant', 'fixedFilmTrickleFiltrationProcess', 0);
EXCEPTION WHEN
	DUP_VAL_ON_INDEX THEN
		NULL;
END;
/
BEGIN
	INSERT INTO CSR.EST_SPACE_TYPE_ATTR (EST_SPACE_TYPE, ATTR_NAME, IS_MANDATORY) VALUES ('wastewaterTreatmentPlant', 'nutrientRemoval', 0);
EXCEPTION WHEN
	DUP_VAL_ON_INDEX THEN
		NULL;
END;
/
BEGIN
	INSERT INTO CSR.EST_SPACE_TYPE_ATTR (EST_SPACE_TYPE, ATTR_NAME, IS_MANDATORY) VALUES ('distributionCenter', 'totalGrossFloorArea', 1);
EXCEPTION WHEN
	DUP_VAL_ON_INDEX THEN
		NULL;
END;
/
BEGIN
	INSERT INTO CSR.EST_SPACE_TYPE_ATTR (EST_SPACE_TYPE, ATTR_NAME, IS_MANDATORY) VALUES ('distributionCenter', 'weeklyOperatingHours', 0);
EXCEPTION WHEN
	DUP_VAL_ON_INDEX THEN
		NULL;
END;
/
BEGIN
	INSERT INTO CSR.EST_SPACE_TYPE_ATTR (EST_SPACE_TYPE, ATTR_NAME, IS_MANDATORY) VALUES ('distributionCenter', 'numberOfWorkers', 0);
EXCEPTION WHEN
	DUP_VAL_ON_INDEX THEN
		NULL;
END;
/
BEGIN
	INSERT INTO CSR.EST_SPACE_TYPE_ATTR (EST_SPACE_TYPE, ATTR_NAME, IS_MANDATORY) VALUES ('distributionCenter', 'numberOfWalkInRefrigerationUnits', 0);
EXCEPTION WHEN
	DUP_VAL_ON_INDEX THEN
		NULL;
END;
/
BEGIN
	INSERT INTO CSR.EST_SPACE_TYPE_ATTR (EST_SPACE_TYPE, ATTR_NAME, IS_MANDATORY) VALUES ('distributionCenter', 'percentHeated', 0);
EXCEPTION WHEN
	DUP_VAL_ON_INDEX THEN
		NULL;
END;
/
BEGIN
	INSERT INTO CSR.EST_SPACE_TYPE_ATTR (EST_SPACE_TYPE, ATTR_NAME, IS_MANDATORY) VALUES ('distributionCenter', 'percentCooled', 0);
EXCEPTION WHEN
	DUP_VAL_ON_INDEX THEN
		NULL;
END;
/
BEGIN
	INSERT INTO CSR.EST_SPACE_TYPE_ATTR (EST_SPACE_TYPE, ATTR_NAME, IS_MANDATORY) VALUES ('worshipFacility', 'totalGrossFloorArea', 1);
EXCEPTION WHEN
	DUP_VAL_ON_INDEX THEN
		NULL;
END;
/
BEGIN
	INSERT INTO CSR.EST_SPACE_TYPE_ATTR (EST_SPACE_TYPE, ATTR_NAME, IS_MANDATORY) VALUES ('worshipFacility', 'weeklyOperatingHours', 0);
EXCEPTION WHEN
	DUP_VAL_ON_INDEX THEN
		NULL;
END;
/
BEGIN
	INSERT INTO CSR.EST_SPACE_TYPE_ATTR (EST_SPACE_TYPE, ATTR_NAME, IS_MANDATORY) VALUES ('worshipFacility', 'numberOfCommercialRefrigerationUnits', 0);
EXCEPTION WHEN
	DUP_VAL_ON_INDEX THEN
		NULL;
END;
/
BEGIN
	INSERT INTO CSR.EST_SPACE_TYPE_ATTR (EST_SPACE_TYPE, ATTR_NAME, IS_MANDATORY) VALUES ('worshipFacility', 'numberOfComputers', 0);
EXCEPTION WHEN
	DUP_VAL_ON_INDEX THEN
		NULL;
END;
/
BEGIN
	INSERT INTO CSR.EST_SPACE_TYPE_ATTR (EST_SPACE_TYPE, ATTR_NAME, IS_MANDATORY) VALUES ('worshipFacility', 'cookingFacilities', 0);
EXCEPTION WHEN
	DUP_VAL_ON_INDEX THEN
		NULL;
END;
/
BEGIN
	INSERT INTO CSR.EST_SPACE_TYPE_ATTR (EST_SPACE_TYPE, ATTR_NAME, IS_MANDATORY) VALUES ('worshipFacility', 'seatingCapacity', 0);
EXCEPTION WHEN
	DUP_VAL_ON_INDEX THEN
		NULL;
END;
/
BEGIN
	INSERT INTO CSR.EST_SPACE_TYPE_ATTR (EST_SPACE_TYPE, ATTR_NAME, IS_MANDATORY) VALUES ('worshipFacility', 'numberOfWeekdaysOpen', 0);
EXCEPTION WHEN
	DUP_VAL_ON_INDEX THEN
		NULL;
END;
/
BEGIN
	INSERT INTO CSR.EST_SPACE_TYPE_ATTR (EST_SPACE_TYPE, ATTR_NAME, IS_MANDATORY) VALUES ('financialOffice', 'totalGrossFloorArea', 1);
EXCEPTION WHEN
	DUP_VAL_ON_INDEX THEN
		NULL;
END;
/
BEGIN
	INSERT INTO CSR.EST_SPACE_TYPE_ATTR (EST_SPACE_TYPE, ATTR_NAME, IS_MANDATORY) VALUES ('financialOffice', 'numberOfComputers', 0);
EXCEPTION WHEN
	DUP_VAL_ON_INDEX THEN
		NULL;
END;
/
BEGIN
	INSERT INTO CSR.EST_SPACE_TYPE_ATTR (EST_SPACE_TYPE, ATTR_NAME, IS_MANDATORY) VALUES ('financialOffice', 'percentOfficeCooled', 0);
EXCEPTION WHEN
	DUP_VAL_ON_INDEX THEN
		NULL;
END;
/
BEGIN
	INSERT INTO CSR.EST_SPACE_TYPE_ATTR (EST_SPACE_TYPE, ATTR_NAME, IS_MANDATORY) VALUES ('financialOffice', 'percentOfficeHeated', 0);
EXCEPTION WHEN
	DUP_VAL_ON_INDEX THEN
		NULL;
END;
/
BEGIN
	INSERT INTO CSR.EST_SPACE_TYPE_ATTR (EST_SPACE_TYPE, ATTR_NAME, IS_MANDATORY) VALUES ('financialOffice', 'weeklyOperatingHours', 0);
EXCEPTION WHEN
	DUP_VAL_ON_INDEX THEN
		NULL;
END;
/
BEGIN
	INSERT INTO CSR.EST_SPACE_TYPE_ATTR (EST_SPACE_TYPE, ATTR_NAME, IS_MANDATORY) VALUES ('financialOffice', 'numberOfWorkers', 0);
EXCEPTION WHEN
	DUP_VAL_ON_INDEX THEN
		NULL;
END;
/
BEGIN
	INSERT INTO CSR.EST_SPACE_TYPE_ATTR (EST_SPACE_TYPE, ATTR_NAME, IS_MANDATORY) VALUES ('drinkingWaterTreatmentAndDistribution', 'totalGrossFloorArea', 1);
EXCEPTION WHEN
	DUP_VAL_ON_INDEX THEN
		NULL;
END;
/
BEGIN
	INSERT INTO CSR.EST_SPACE_TYPE_ATTR (EST_SPACE_TYPE, ATTR_NAME, IS_MANDATORY) VALUES ('parking', 'supplementalHeating', 0);
EXCEPTION WHEN
	DUP_VAL_ON_INDEX THEN
		NULL;
END;
/
BEGIN
	INSERT INTO CSR.EST_SPACE_TYPE_ATTR (EST_SPACE_TYPE, ATTR_NAME, IS_MANDATORY) VALUES ('parking', 'openFootage', 0);
EXCEPTION WHEN
	DUP_VAL_ON_INDEX THEN
		NULL;
END;
/
BEGIN
	INSERT INTO CSR.EST_SPACE_TYPE_ATTR (EST_SPACE_TYPE, ATTR_NAME, IS_MANDATORY) VALUES ('parking', 'completelyEnclosedFootage', 0);
EXCEPTION WHEN
	DUP_VAL_ON_INDEX THEN
		NULL;
END;
/
BEGIN
	INSERT INTO CSR.EST_SPACE_TYPE_ATTR (EST_SPACE_TYPE, ATTR_NAME, IS_MANDATORY) VALUES ('parking', 'partiallyEnclosedFootage', 0);
EXCEPTION WHEN
	DUP_VAL_ON_INDEX THEN
		NULL;
END;
/
BEGIN
	INSERT INTO CSR.EST_SPACE_TYPE_ATTR (EST_SPACE_TYPE, ATTR_NAME, IS_MANDATORY) VALUES ('supermarket', 'totalGrossFloorArea', 1);
EXCEPTION WHEN
	DUP_VAL_ON_INDEX THEN
		NULL;
END;
/
BEGIN
	INSERT INTO CSR.EST_SPACE_TYPE_ATTR (EST_SPACE_TYPE, ATTR_NAME, IS_MANDATORY) VALUES ('supermarket', 'weeklyOperatingHours', 0);
EXCEPTION WHEN
	DUP_VAL_ON_INDEX THEN
		NULL;
END;
/
BEGIN
	INSERT INTO CSR.EST_SPACE_TYPE_ATTR (EST_SPACE_TYPE, ATTR_NAME, IS_MANDATORY) VALUES ('supermarket', 'numberOfWorkers', 0);
EXCEPTION WHEN
	DUP_VAL_ON_INDEX THEN
		NULL;
END;
/
BEGIN
	INSERT INTO CSR.EST_SPACE_TYPE_ATTR (EST_SPACE_TYPE, ATTR_NAME, IS_MANDATORY) VALUES ('supermarket', 'numberOfComputers', 0);
EXCEPTION WHEN
	DUP_VAL_ON_INDEX THEN
		NULL;
END;
/
BEGIN
	INSERT INTO CSR.EST_SPACE_TYPE_ATTR (EST_SPACE_TYPE, ATTR_NAME, IS_MANDATORY) VALUES ('supermarket', 'cookingFacilities', 0);
EXCEPTION WHEN
	DUP_VAL_ON_INDEX THEN
		NULL;
END;
/
BEGIN
	INSERT INTO CSR.EST_SPACE_TYPE_ATTR (EST_SPACE_TYPE, ATTR_NAME, IS_MANDATORY) VALUES ('supermarket', 'numberOfWalkInRefrigerationUnits', 0);
EXCEPTION WHEN
	DUP_VAL_ON_INDEX THEN
		NULL;
END;
/
BEGIN
	INSERT INTO CSR.EST_SPACE_TYPE_ATTR (EST_SPACE_TYPE, ATTR_NAME, IS_MANDATORY) VALUES ('supermarket', 'numberOfOpenClosedRefrigerationUnits', 0);
EXCEPTION WHEN
	DUP_VAL_ON_INDEX THEN
		NULL;
END;
/
BEGIN
	INSERT INTO CSR.EST_SPACE_TYPE_ATTR (EST_SPACE_TYPE, ATTR_NAME, IS_MANDATORY) VALUES ('supermarket', 'numberOfCashRegisters', 0);
EXCEPTION WHEN
	DUP_VAL_ON_INDEX THEN
		NULL;
END;
/
BEGIN
	INSERT INTO CSR.EST_SPACE_TYPE_ATTR (EST_SPACE_TYPE, ATTR_NAME, IS_MANDATORY) VALUES ('supermarket', 'percentCooled', 0);
EXCEPTION WHEN
	DUP_VAL_ON_INDEX THEN
		NULL;
END;
/
BEGIN
	INSERT INTO CSR.EST_SPACE_TYPE_ATTR (EST_SPACE_TYPE, ATTR_NAME, IS_MANDATORY) VALUES ('supermarket', 'percentHeated', 0);
EXCEPTION WHEN
	DUP_VAL_ON_INDEX THEN
		NULL;
END;
/
BEGIN
	INSERT INTO CSR.EST_SPACE_TYPE_ATTR (EST_SPACE_TYPE, ATTR_NAME, IS_MANDATORY) VALUES ('barracks', 'totalGrossFloorArea', 1);
EXCEPTION WHEN
	DUP_VAL_ON_INDEX THEN
		NULL;
END;
/
BEGIN
	INSERT INTO CSR.EST_SPACE_TYPE_ATTR (EST_SPACE_TYPE, ATTR_NAME, IS_MANDATORY) VALUES ('barracks', 'hasComputerLab', 0);
EXCEPTION WHEN
	DUP_VAL_ON_INDEX THEN
		NULL;
END;
/
BEGIN
	INSERT INTO CSR.EST_SPACE_TYPE_ATTR (EST_SPACE_TYPE, ATTR_NAME, IS_MANDATORY) VALUES ('barracks', 'hasDiningHall', 0);
EXCEPTION WHEN
	DUP_VAL_ON_INDEX THEN
		NULL;
END;
/
BEGIN
	INSERT INTO CSR.EST_SPACE_TYPE_ATTR (EST_SPACE_TYPE, ATTR_NAME, IS_MANDATORY) VALUES ('barracks', 'numberOfRooms', 0);
EXCEPTION WHEN
	DUP_VAL_ON_INDEX THEN
		NULL;
END;
/
BEGIN
	INSERT INTO CSR.EST_SPACE_TYPE_ATTR (EST_SPACE_TYPE, ATTR_NAME, IS_MANDATORY) VALUES ('barracks', 'percentCooled', 0);
EXCEPTION WHEN
	DUP_VAL_ON_INDEX THEN
		NULL;
END;
/
BEGIN
	INSERT INTO CSR.EST_SPACE_TYPE_ATTR (EST_SPACE_TYPE, ATTR_NAME, IS_MANDATORY) VALUES ('barracks', 'percentHeated', 0);
EXCEPTION WHEN
	DUP_VAL_ON_INDEX THEN
		NULL;
END;
/
BEGIN
	INSERT INTO CSR.EST_SPACE_TYPE_ATTR (EST_SPACE_TYPE, ATTR_NAME, IS_MANDATORY) VALUES ('hotel', 'totalGrossFloorArea', 1);
EXCEPTION WHEN
	DUP_VAL_ON_INDEX THEN
		NULL;
END;
/
BEGIN
	INSERT INTO CSR.EST_SPACE_TYPE_ATTR (EST_SPACE_TYPE, ATTR_NAME, IS_MANDATORY) VALUES ('hotel', 'fullServiceSpaFloorArea', 0);
EXCEPTION WHEN
	DUP_VAL_ON_INDEX THEN
		NULL;
END;
/
BEGIN
	INSERT INTO CSR.EST_SPACE_TYPE_ATTR (EST_SPACE_TYPE, ATTR_NAME, IS_MANDATORY) VALUES ('hotel', 'gymCenterFloorArea', 0);
EXCEPTION WHEN
	DUP_VAL_ON_INDEX THEN
		NULL;
END;
/
BEGIN
	INSERT INTO CSR.EST_SPACE_TYPE_ATTR (EST_SPACE_TYPE, ATTR_NAME, IS_MANDATORY) VALUES ('hotel', 'hoursPerDayGuestsOnsite', 0);
EXCEPTION WHEN
	DUP_VAL_ON_INDEX THEN
		NULL;
END;
/
BEGIN
	INSERT INTO CSR.EST_SPACE_TYPE_ATTR (EST_SPACE_TYPE, ATTR_NAME, IS_MANDATORY) VALUES ('hotel', 'numberOfCommercialRefrigerationUnits', 0);
EXCEPTION WHEN
	DUP_VAL_ON_INDEX THEN
		NULL;
END;
/
BEGIN
	INSERT INTO CSR.EST_SPACE_TYPE_ATTR (EST_SPACE_TYPE, ATTR_NAME, IS_MANDATORY) VALUES ('hotel', 'numberOfGuestMealsServedPerYear', 0);
EXCEPTION WHEN
	DUP_VAL_ON_INDEX THEN
		NULL;
END;
/
BEGIN
	INSERT INTO CSR.EST_SPACE_TYPE_ATTR (EST_SPACE_TYPE, ATTR_NAME, IS_MANDATORY) VALUES ('hotel', 'numberOfHotelRooms', 0);
EXCEPTION WHEN
	DUP_VAL_ON_INDEX THEN
		NULL;
END;
/
BEGIN
	INSERT INTO CSR.EST_SPACE_TYPE_ATTR (EST_SPACE_TYPE, ATTR_NAME, IS_MANDATORY) VALUES ('hotel', 'laundryFacility', 0);
EXCEPTION WHEN
	DUP_VAL_ON_INDEX THEN
		NULL;
END;
/
BEGIN
	INSERT INTO CSR.EST_SPACE_TYPE_ATTR (EST_SPACE_TYPE, ATTR_NAME, IS_MANDATORY) VALUES ('hotel', 'percentCooled', 0);
EXCEPTION WHEN
	DUP_VAL_ON_INDEX THEN
		NULL;
END;
/
BEGIN
	INSERT INTO CSR.EST_SPACE_TYPE_ATTR (EST_SPACE_TYPE, ATTR_NAME, IS_MANDATORY) VALUES ('hotel', 'percentHeated', 0);
EXCEPTION WHEN
	DUP_VAL_ON_INDEX THEN
		NULL;
END;
/
BEGIN
	INSERT INTO CSR.EST_SPACE_TYPE_ATTR (EST_SPACE_TYPE, ATTR_NAME, IS_MANDATORY) VALUES ('hotel', 'cookingFacilities', 0);
EXCEPTION WHEN
	DUP_VAL_ON_INDEX THEN
		NULL;
END;
/
BEGIN
	INSERT INTO CSR.EST_SPACE_TYPE_ATTR (EST_SPACE_TYPE, ATTR_NAME, IS_MANDATORY) VALUES ('hotel', 'amountOfLaundryProcessedAnnually', 0);
EXCEPTION WHEN
	DUP_VAL_ON_INDEX THEN
		NULL;
END;
/
BEGIN
	INSERT INTO CSR.EST_SPACE_TYPE_ATTR (EST_SPACE_TYPE, ATTR_NAME, IS_MANDATORY) VALUES ('hotel', 'numberOfWorkers', 0);
EXCEPTION WHEN
	DUP_VAL_ON_INDEX THEN
		NULL;
END;
/
BEGIN
	INSERT INTO CSR.EST_SPACE_TYPE_ATTR (EST_SPACE_TYPE, ATTR_NAME, IS_MANDATORY) VALUES ('k12School', 'totalGrossFloorArea', 1);
EXCEPTION WHEN
	DUP_VAL_ON_INDEX THEN
		NULL;
END;
/
BEGIN
	INSERT INTO CSR.EST_SPACE_TYPE_ATTR (EST_SPACE_TYPE, ATTR_NAME, IS_MANDATORY) VALUES ('k12School', 'openOnWeekends', 0);
EXCEPTION WHEN
	DUP_VAL_ON_INDEX THEN
		NULL;
END;
/
BEGIN
	INSERT INTO CSR.EST_SPACE_TYPE_ATTR (EST_SPACE_TYPE, ATTR_NAME, IS_MANDATORY) VALUES ('k12School', 'numberOfWalkInRefrigerationUnits', 0);
EXCEPTION WHEN
	DUP_VAL_ON_INDEX THEN
		NULL;
END;
/
BEGIN
	INSERT INTO CSR.EST_SPACE_TYPE_ATTR (EST_SPACE_TYPE, ATTR_NAME, IS_MANDATORY) VALUES ('k12School', 'percentCooled', 0);
EXCEPTION WHEN
	DUP_VAL_ON_INDEX THEN
		NULL;
END;
/
BEGIN
	INSERT INTO CSR.EST_SPACE_TYPE_ATTR (EST_SPACE_TYPE, ATTR_NAME, IS_MANDATORY) VALUES ('k12School', 'percentHeated', 0);
EXCEPTION WHEN
	DUP_VAL_ON_INDEX THEN
		NULL;
END;
/
BEGIN
	INSERT INTO CSR.EST_SPACE_TYPE_ATTR (EST_SPACE_TYPE, ATTR_NAME, IS_MANDATORY) VALUES ('k12School', 'numberOfComputers', 0);
EXCEPTION WHEN
	DUP_VAL_ON_INDEX THEN
		NULL;
END;
/
BEGIN
	INSERT INTO CSR.EST_SPACE_TYPE_ATTR (EST_SPACE_TYPE, ATTR_NAME, IS_MANDATORY) VALUES ('k12School', 'cookingFacilities', 0);
EXCEPTION WHEN
	DUP_VAL_ON_INDEX THEN
		NULL;
END;
/
BEGIN
	INSERT INTO CSR.EST_SPACE_TYPE_ATTR (EST_SPACE_TYPE, ATTR_NAME, IS_MANDATORY) VALUES ('k12School', 'isHighSchool', 0);
EXCEPTION WHEN
	DUP_VAL_ON_INDEX THEN
		NULL;
END;
/
BEGIN
	INSERT INTO CSR.EST_SPACE_TYPE_ATTR (EST_SPACE_TYPE, ATTR_NAME, IS_MANDATORY) VALUES ('k12School', 'monthsInUse', 0);
EXCEPTION WHEN
	DUP_VAL_ON_INDEX THEN
		NULL;
END;
/
BEGIN
	INSERT INTO CSR.EST_SPACE_TYPE_ATTR (EST_SPACE_TYPE, ATTR_NAME, IS_MANDATORY) VALUES ('k12School', 'schoolDistrict', 0);
EXCEPTION WHEN
	DUP_VAL_ON_INDEX THEN
		NULL;
END;
/
BEGIN
	INSERT INTO CSR.EST_SPACE_TYPE_ATTR (EST_SPACE_TYPE, ATTR_NAME, IS_MANDATORY) VALUES ('k12School', 'studentSeatingCapacity', 0);
EXCEPTION WHEN
	DUP_VAL_ON_INDEX THEN
		NULL;
END;
/
BEGIN
	INSERT INTO CSR.EST_SPACE_TYPE_ATTR (EST_SPACE_TYPE, ATTR_NAME, IS_MANDATORY) VALUES ('k12School', 'numberOfWorkers', 0);
EXCEPTION WHEN
	DUP_VAL_ON_INDEX THEN
		NULL;
END;
/
BEGIN
	INSERT INTO CSR.EST_SPACE_TYPE_ATTR (EST_SPACE_TYPE, ATTR_NAME, IS_MANDATORY) VALUES ('k12School', 'gymnasiumFloorArea', 0);
EXCEPTION WHEN
	DUP_VAL_ON_INDEX THEN
		NULL;
END;
/
BEGIN
	INSERT INTO CSR.EST_SPACE_TYPE_ATTR (EST_SPACE_TYPE, ATTR_NAME, IS_MANDATORY) VALUES ('bankBranch', 'totalGrossFloorArea', 1);
EXCEPTION WHEN
	DUP_VAL_ON_INDEX THEN
		NULL;
END;
/
BEGIN
	INSERT INTO CSR.EST_SPACE_TYPE_ATTR (EST_SPACE_TYPE, ATTR_NAME, IS_MANDATORY) VALUES ('bankBranch', 'numberOfComputers', 0);
EXCEPTION WHEN
	DUP_VAL_ON_INDEX THEN
		NULL;
END;
/
BEGIN
	INSERT INTO CSR.EST_SPACE_TYPE_ATTR (EST_SPACE_TYPE, ATTR_NAME, IS_MANDATORY) VALUES ('bankBranch', 'percentOfficeCooled', 0);
EXCEPTION WHEN
	DUP_VAL_ON_INDEX THEN
		NULL;
END;
/
BEGIN
	INSERT INTO CSR.EST_SPACE_TYPE_ATTR (EST_SPACE_TYPE, ATTR_NAME, IS_MANDATORY) VALUES ('bankBranch', 'percentOfficeHeated', 0);
EXCEPTION WHEN
	DUP_VAL_ON_INDEX THEN
		NULL;
END;
/
BEGIN
	INSERT INTO CSR.EST_SPACE_TYPE_ATTR (EST_SPACE_TYPE, ATTR_NAME, IS_MANDATORY) VALUES ('bankBranch', 'weeklyOperatingHours', 0);
EXCEPTION WHEN
	DUP_VAL_ON_INDEX THEN
		NULL;
END;
/
BEGIN
	INSERT INTO CSR.EST_SPACE_TYPE_ATTR (EST_SPACE_TYPE, ATTR_NAME, IS_MANDATORY) VALUES ('bankBranch', 'numberOfWorkers', 0);
EXCEPTION WHEN
	DUP_VAL_ON_INDEX THEN
		NULL;
END;
/
BEGIN
	INSERT INTO CSR.EST_SPACE_TYPE_ATTR (EST_SPACE_TYPE, ATTR_NAME, IS_MANDATORY) VALUES ('collegeUniversity', 'totalGrossFloorArea', 1);
EXCEPTION WHEN
	DUP_VAL_ON_INDEX THEN
		NULL;
END;
/
BEGIN
	INSERT INTO CSR.EST_SPACE_TYPE_ATTR (EST_SPACE_TYPE, ATTR_NAME, IS_MANDATORY) VALUES ('collegeUniversity', 'weeklyOperatingHours', 0);
EXCEPTION WHEN
	DUP_VAL_ON_INDEX THEN
		NULL;
END;
/
BEGIN
	INSERT INTO CSR.EST_SPACE_TYPE_ATTR (EST_SPACE_TYPE, ATTR_NAME, IS_MANDATORY) VALUES ('collegeUniversity', 'numberOfComputers', 0);
EXCEPTION WHEN
	DUP_VAL_ON_INDEX THEN
		NULL;
END;
/
BEGIN
	INSERT INTO CSR.EST_SPACE_TYPE_ATTR (EST_SPACE_TYPE, ATTR_NAME, IS_MANDATORY) VALUES ('collegeUniversity', 'enrollment', 0);
EXCEPTION WHEN
	DUP_VAL_ON_INDEX THEN
		NULL;
END;
/
BEGIN
	INSERT INTO CSR.EST_SPACE_TYPE_ATTR (EST_SPACE_TYPE, ATTR_NAME, IS_MANDATORY) VALUES ('collegeUniversity', 'grantDollars', 0);
EXCEPTION WHEN
	DUP_VAL_ON_INDEX THEN
		NULL;
END;
/
BEGIN
	INSERT INTO CSR.EST_SPACE_TYPE_ATTR (EST_SPACE_TYPE, ATTR_NAME, IS_MANDATORY) VALUES ('collegeUniversity', 'numberOfFTEWorkers', 0);
EXCEPTION WHEN
	DUP_VAL_ON_INDEX THEN
		NULL;
END;
/
BEGIN
	INSERT INTO CSR.EST_SPACE_TYPE_ATTR (EST_SPACE_TYPE, ATTR_NAME, IS_MANDATORY) VALUES ('indoorArena', 'totalGrossFloorArea', 1);
EXCEPTION WHEN
	DUP_VAL_ON_INDEX THEN
		NULL;
END;
/
BEGIN
	INSERT INTO CSR.EST_SPACE_TYPE_ATTR (EST_SPACE_TYPE, ATTR_NAME, IS_MANDATORY) VALUES ('indoorArena', 'enclosedFloorArea', 0);
EXCEPTION WHEN
	DUP_VAL_ON_INDEX THEN
		NULL;
END;
/
BEGIN
	INSERT INTO CSR.EST_SPACE_TYPE_ATTR (EST_SPACE_TYPE, ATTR_NAME, IS_MANDATORY) VALUES ('indoorArena', 'numberOfSportingEventsPerYear', 0);
EXCEPTION WHEN
	DUP_VAL_ON_INDEX THEN
		NULL;
END;
/
BEGIN
	INSERT INTO CSR.EST_SPACE_TYPE_ATTR (EST_SPACE_TYPE, ATTR_NAME, IS_MANDATORY) VALUES ('indoorArena', 'numberOfConcertShowEventsPerYear', 0);
EXCEPTION WHEN
	DUP_VAL_ON_INDEX THEN
		NULL;
END;
/
BEGIN
	INSERT INTO CSR.EST_SPACE_TYPE_ATTR (EST_SPACE_TYPE, ATTR_NAME, IS_MANDATORY) VALUES ('indoorArena', 'numberOfSpecialOtherEventsPerYear', 0);
EXCEPTION WHEN
	DUP_VAL_ON_INDEX THEN
		NULL;
END;
/
BEGIN
	INSERT INTO CSR.EST_SPACE_TYPE_ATTR (EST_SPACE_TYPE, ATTR_NAME, IS_MANDATORY) VALUES ('indoorArena', 'sizeOfElectronicScoreBoards', 0);
EXCEPTION WHEN
	DUP_VAL_ON_INDEX THEN
		NULL;
END;
/
BEGIN
	INSERT INTO CSR.EST_SPACE_TYPE_ATTR (EST_SPACE_TYPE, ATTR_NAME, IS_MANDATORY) VALUES ('indoorArena', 'iceEvents', 0);
EXCEPTION WHEN
	DUP_VAL_ON_INDEX THEN
		NULL;
END;
/
BEGIN
	INSERT INTO CSR.EST_SPACE_TYPE_ATTR (EST_SPACE_TYPE, ATTR_NAME, IS_MANDATORY) VALUES ('indoorArena', 'numberOfComputers', 0);
EXCEPTION WHEN
	DUP_VAL_ON_INDEX THEN
		NULL;
END;
/
BEGIN
	INSERT INTO CSR.EST_SPACE_TYPE_ATTR (EST_SPACE_TYPE, ATTR_NAME, IS_MANDATORY) VALUES ('indoorArena', 'numberOfWalkInRefrigerationUnits', 0);
EXCEPTION WHEN
	DUP_VAL_ON_INDEX THEN
		NULL;
END;
/
BEGIN
	INSERT INTO CSR.EST_SPACE_TYPE_ATTR (EST_SPACE_TYPE, ATTR_NAME, IS_MANDATORY) VALUES ('indoorArena', 'percentCooled', 0);
EXCEPTION WHEN
	DUP_VAL_ON_INDEX THEN
		NULL;
END;
/
BEGIN
	INSERT INTO CSR.EST_SPACE_TYPE_ATTR (EST_SPACE_TYPE, ATTR_NAME, IS_MANDATORY) VALUES ('indoorArena', 'percentHeated', 0);
EXCEPTION WHEN
	DUP_VAL_ON_INDEX THEN
		NULL;
END;
/
BEGIN
	INSERT INTO CSR.EST_SPACE_TYPE_ATTR (EST_SPACE_TYPE, ATTR_NAME, IS_MANDATORY) VALUES ('otherStadium', 'totalGrossFloorArea', 1);
EXCEPTION WHEN
	DUP_VAL_ON_INDEX THEN
		NULL;
END;
/
BEGIN
	INSERT INTO CSR.EST_SPACE_TYPE_ATTR (EST_SPACE_TYPE, ATTR_NAME, IS_MANDATORY) VALUES ('otherStadium', 'enclosedFloorArea', 0);
EXCEPTION WHEN
	DUP_VAL_ON_INDEX THEN
		NULL;
END;
/
BEGIN
	INSERT INTO CSR.EST_SPACE_TYPE_ATTR (EST_SPACE_TYPE, ATTR_NAME, IS_MANDATORY) VALUES ('otherStadium', 'numberOfSportingEventsPerYear', 0);
EXCEPTION WHEN
	DUP_VAL_ON_INDEX THEN
		NULL;
END;
/
BEGIN
	INSERT INTO CSR.EST_SPACE_TYPE_ATTR (EST_SPACE_TYPE, ATTR_NAME, IS_MANDATORY) VALUES ('otherStadium', 'numberOfConcertShowEventsPerYear', 0);
EXCEPTION WHEN
	DUP_VAL_ON_INDEX THEN
		NULL;
END;
/
BEGIN
	INSERT INTO CSR.EST_SPACE_TYPE_ATTR (EST_SPACE_TYPE, ATTR_NAME, IS_MANDATORY) VALUES ('otherStadium', 'numberOfSpecialOtherEventsPerYear', 0);
EXCEPTION WHEN
	DUP_VAL_ON_INDEX THEN
		NULL;
END;
/
BEGIN
	INSERT INTO CSR.EST_SPACE_TYPE_ATTR (EST_SPACE_TYPE, ATTR_NAME, IS_MANDATORY) VALUES ('otherStadium', 'sizeOfElectronicScoreBoards', 0);
EXCEPTION WHEN
	DUP_VAL_ON_INDEX THEN
		NULL;
END;
/
BEGIN
	INSERT INTO CSR.EST_SPACE_TYPE_ATTR (EST_SPACE_TYPE, ATTR_NAME, IS_MANDATORY) VALUES ('otherStadium', 'iceEvents', 0);
EXCEPTION WHEN
	DUP_VAL_ON_INDEX THEN
		NULL;
END;
/
BEGIN
	INSERT INTO CSR.EST_SPACE_TYPE_ATTR (EST_SPACE_TYPE, ATTR_NAME, IS_MANDATORY) VALUES ('otherStadium', 'numberOfComputers', 0);
EXCEPTION WHEN
	DUP_VAL_ON_INDEX THEN
		NULL;
END;
/
BEGIN
	INSERT INTO CSR.EST_SPACE_TYPE_ATTR (EST_SPACE_TYPE, ATTR_NAME, IS_MANDATORY) VALUES ('otherStadium', 'numberOfWalkInRefrigerationUnits', 0);
EXCEPTION WHEN
	DUP_VAL_ON_INDEX THEN
		NULL;
END;
/
BEGIN
	INSERT INTO CSR.EST_SPACE_TYPE_ATTR (EST_SPACE_TYPE, ATTR_NAME, IS_MANDATORY) VALUES ('otherStadium', 'percentCooled', 0);
EXCEPTION WHEN
	DUP_VAL_ON_INDEX THEN
		NULL;
END;
/
BEGIN
	INSERT INTO CSR.EST_SPACE_TYPE_ATTR (EST_SPACE_TYPE, ATTR_NAME, IS_MANDATORY) VALUES ('otherStadium', 'percentHeated', 0);
EXCEPTION WHEN
	DUP_VAL_ON_INDEX THEN
		NULL;
END;
/
BEGIN
	INSERT INTO CSR.EST_SPACE_TYPE_ATTR (EST_SPACE_TYPE, ATTR_NAME, IS_MANDATORY) VALUES ('stadiumClosed', 'totalGrossFloorArea', 1);
EXCEPTION WHEN
	DUP_VAL_ON_INDEX THEN
		NULL;
END;
/
BEGIN
	INSERT INTO CSR.EST_SPACE_TYPE_ATTR (EST_SPACE_TYPE, ATTR_NAME, IS_MANDATORY) VALUES ('stadiumClosed', 'enclosedFloorArea', 0);
EXCEPTION WHEN
	DUP_VAL_ON_INDEX THEN
		NULL;
END;
/
BEGIN
	INSERT INTO CSR.EST_SPACE_TYPE_ATTR (EST_SPACE_TYPE, ATTR_NAME, IS_MANDATORY) VALUES ('stadiumClosed', 'numberOfSportingEventsPerYear', 0);
EXCEPTION WHEN
	DUP_VAL_ON_INDEX THEN
		NULL;
END;
/
BEGIN
	INSERT INTO CSR.EST_SPACE_TYPE_ATTR (EST_SPACE_TYPE, ATTR_NAME, IS_MANDATORY) VALUES ('stadiumClosed', 'numberOfConcertShowEventsPerYear', 0);
EXCEPTION WHEN
	DUP_VAL_ON_INDEX THEN
		NULL;
END;
/
BEGIN
	INSERT INTO CSR.EST_SPACE_TYPE_ATTR (EST_SPACE_TYPE, ATTR_NAME, IS_MANDATORY) VALUES ('stadiumClosed', 'numberOfSpecialOtherEventsPerYear', 0);
EXCEPTION WHEN
	DUP_VAL_ON_INDEX THEN
		NULL;
END;
/
BEGIN
	INSERT INTO CSR.EST_SPACE_TYPE_ATTR (EST_SPACE_TYPE, ATTR_NAME, IS_MANDATORY) VALUES ('stadiumClosed', 'sizeOfElectronicScoreBoards', 0);
EXCEPTION WHEN
	DUP_VAL_ON_INDEX THEN
		NULL;
END;
/
BEGIN
	INSERT INTO CSR.EST_SPACE_TYPE_ATTR (EST_SPACE_TYPE, ATTR_NAME, IS_MANDATORY) VALUES ('stadiumClosed', 'iceEvents', 0);
EXCEPTION WHEN
	DUP_VAL_ON_INDEX THEN
		NULL;
END;
/
BEGIN
	INSERT INTO CSR.EST_SPACE_TYPE_ATTR (EST_SPACE_TYPE, ATTR_NAME, IS_MANDATORY) VALUES ('stadiumClosed', 'numberOfComputers', 0);
EXCEPTION WHEN
	DUP_VAL_ON_INDEX THEN
		NULL;
END;
/
BEGIN
	INSERT INTO CSR.EST_SPACE_TYPE_ATTR (EST_SPACE_TYPE, ATTR_NAME, IS_MANDATORY) VALUES ('stadiumClosed', 'numberOfWalkInRefrigerationUnits', 0);
EXCEPTION WHEN
	DUP_VAL_ON_INDEX THEN
		NULL;
END;
/
BEGIN
	INSERT INTO CSR.EST_SPACE_TYPE_ATTR (EST_SPACE_TYPE, ATTR_NAME, IS_MANDATORY) VALUES ('stadiumClosed', 'percentCooled', 0);
EXCEPTION WHEN
	DUP_VAL_ON_INDEX THEN
		NULL;
END;
/
BEGIN
	INSERT INTO CSR.EST_SPACE_TYPE_ATTR (EST_SPACE_TYPE, ATTR_NAME, IS_MANDATORY) VALUES ('stadiumClosed', 'percentHeated', 0);
EXCEPTION WHEN
	DUP_VAL_ON_INDEX THEN
		NULL;
END;
/
BEGIN
	INSERT INTO CSR.EST_SPACE_TYPE_ATTR (EST_SPACE_TYPE, ATTR_NAME, IS_MANDATORY) VALUES ('stadiumOpen', 'totalGrossFloorArea', 1);
EXCEPTION WHEN
	DUP_VAL_ON_INDEX THEN
		NULL;
END;
/
BEGIN
	INSERT INTO CSR.EST_SPACE_TYPE_ATTR (EST_SPACE_TYPE, ATTR_NAME, IS_MANDATORY) VALUES ('stadiumOpen', 'enclosedFloorArea', 0);
EXCEPTION WHEN
	DUP_VAL_ON_INDEX THEN
		NULL;
END;
/
BEGIN
	INSERT INTO CSR.EST_SPACE_TYPE_ATTR (EST_SPACE_TYPE, ATTR_NAME, IS_MANDATORY) VALUES ('stadiumOpen', 'numberOfSportingEventsPerYear', 0);
EXCEPTION WHEN
	DUP_VAL_ON_INDEX THEN
		NULL;
END;
/
BEGIN
	INSERT INTO CSR.EST_SPACE_TYPE_ATTR (EST_SPACE_TYPE, ATTR_NAME, IS_MANDATORY) VALUES ('stadiumOpen', 'numberOfConcertShowEventsPerYear', 0);
EXCEPTION WHEN
	DUP_VAL_ON_INDEX THEN
		NULL;
END;
/
BEGIN
	INSERT INTO CSR.EST_SPACE_TYPE_ATTR (EST_SPACE_TYPE, ATTR_NAME, IS_MANDATORY) VALUES ('stadiumOpen', 'numberOfSpecialOtherEventsPerYear', 0);
EXCEPTION WHEN
	DUP_VAL_ON_INDEX THEN
		NULL;
END;
/
BEGIN
	INSERT INTO CSR.EST_SPACE_TYPE_ATTR (EST_SPACE_TYPE, ATTR_NAME, IS_MANDATORY) VALUES ('stadiumOpen', 'sizeOfElectronicScoreBoards', 0);
EXCEPTION WHEN
	DUP_VAL_ON_INDEX THEN
		NULL;
END;
/
BEGIN
	INSERT INTO CSR.EST_SPACE_TYPE_ATTR (EST_SPACE_TYPE, ATTR_NAME, IS_MANDATORY) VALUES ('stadiumOpen', 'iceEvents', 0);
EXCEPTION WHEN
	DUP_VAL_ON_INDEX THEN
		NULL;
END;
/
BEGIN
	INSERT INTO CSR.EST_SPACE_TYPE_ATTR (EST_SPACE_TYPE, ATTR_NAME, IS_MANDATORY) VALUES ('stadiumOpen', 'numberOfComputers', 0);
EXCEPTION WHEN
	DUP_VAL_ON_INDEX THEN
		NULL;
END;
/
BEGIN
	INSERT INTO CSR.EST_SPACE_TYPE_ATTR (EST_SPACE_TYPE, ATTR_NAME, IS_MANDATORY) VALUES ('stadiumOpen', 'numberOfWalkInRefrigerationUnits', 0);
EXCEPTION WHEN
	DUP_VAL_ON_INDEX THEN
		NULL;
END;
/
BEGIN
	INSERT INTO CSR.EST_SPACE_TYPE_ATTR (EST_SPACE_TYPE, ATTR_NAME, IS_MANDATORY) VALUES ('stadiumOpen', 'percentCooled', 0);
EXCEPTION WHEN
	DUP_VAL_ON_INDEX THEN
		NULL;
END;
/
BEGIN
	INSERT INTO CSR.EST_SPACE_TYPE_ATTR (EST_SPACE_TYPE, ATTR_NAME, IS_MANDATORY) VALUES ('stadiumOpen', 'percentHeated', 0);
EXCEPTION WHEN
	DUP_VAL_ON_INDEX THEN
		NULL;
END;
/
BEGIN
	INSERT INTO CSR.EST_SPACE_TYPE_ATTR (EST_SPACE_TYPE, ATTR_NAME, IS_MANDATORY) VALUES ('prison', 'totalGrossFloorArea', 1);
EXCEPTION WHEN
	DUP_VAL_ON_INDEX THEN
		NULL;
END;
/
BEGIN
	INSERT INTO CSR.EST_SPACE_TYPE_ATTR (EST_SPACE_TYPE, ATTR_NAME, IS_MANDATORY) VALUES ('prison', 'weeklyOperatingHours', 0);
EXCEPTION WHEN
	DUP_VAL_ON_INDEX THEN
		NULL;
END;
/
BEGIN
	INSERT INTO CSR.EST_SPACE_TYPE_ATTR (EST_SPACE_TYPE, ATTR_NAME, IS_MANDATORY) VALUES ('prison', 'numberOfComputers', 0);
EXCEPTION WHEN
	DUP_VAL_ON_INDEX THEN
		NULL;
END;
/
BEGIN
	INSERT INTO CSR.EST_SPACE_TYPE_ATTR (EST_SPACE_TYPE, ATTR_NAME, IS_MANDATORY) VALUES ('prison', 'numberOfWorkers', 0);
EXCEPTION WHEN
	DUP_VAL_ON_INDEX THEN
		NULL;
END;
/
BEGIN
	INSERT INTO CSR.EST_SPACE_TYPE_ATTR (EST_SPACE_TYPE, ATTR_NAME, IS_MANDATORY) VALUES ('manufacturingIndustrialPlant', 'totalGrossFloorArea', 1);
EXCEPTION WHEN
	DUP_VAL_ON_INDEX THEN
		NULL;
END;
/
BEGIN
	INSERT INTO CSR.EST_SPACE_TYPE_ATTR (EST_SPACE_TYPE, ATTR_NAME, IS_MANDATORY) VALUES ('manufacturingIndustrialPlant', 'weeklyOperatingHours', 0);
EXCEPTION WHEN
	DUP_VAL_ON_INDEX THEN
		NULL;
END;
/
BEGIN
	INSERT INTO CSR.EST_SPACE_TYPE_ATTR (EST_SPACE_TYPE, ATTR_NAME, IS_MANDATORY) VALUES ('manufacturingIndustrialPlant', 'numberOfComputers', 0);
EXCEPTION WHEN
	DUP_VAL_ON_INDEX THEN
		NULL;
END;
/
BEGIN
	INSERT INTO CSR.EST_SPACE_TYPE_ATTR (EST_SPACE_TYPE, ATTR_NAME, IS_MANDATORY) VALUES ('manufacturingIndustrialPlant', 'numberOfWorkers', 0);
EXCEPTION WHEN
	DUP_VAL_ON_INDEX THEN
		NULL;
END;
/
BEGIN
	INSERT INTO CSR.EST_SPACE_TYPE_ATTR (EST_SPACE_TYPE, ATTR_NAME, IS_MANDATORY) VALUES ('ambulatorySurgicalCenter', 'totalGrossFloorArea', 1);
EXCEPTION WHEN
	DUP_VAL_ON_INDEX THEN
		NULL;
END;
/
BEGIN
	INSERT INTO CSR.EST_SPACE_TYPE_ATTR (EST_SPACE_TYPE, ATTR_NAME, IS_MANDATORY) VALUES ('ambulatorySurgicalCenter', 'weeklyOperatingHours', 0);
EXCEPTION WHEN
	DUP_VAL_ON_INDEX THEN
		NULL;
END;
/
BEGIN
	INSERT INTO CSR.EST_SPACE_TYPE_ATTR (EST_SPACE_TYPE, ATTR_NAME, IS_MANDATORY) VALUES ('ambulatorySurgicalCenter', 'numberOfComputers', 0);
EXCEPTION WHEN
	DUP_VAL_ON_INDEX THEN
		NULL;
END;
/
BEGIN
	INSERT INTO CSR.EST_SPACE_TYPE_ATTR (EST_SPACE_TYPE, ATTR_NAME, IS_MANDATORY) VALUES ('ambulatorySurgicalCenter', 'numberOfWorkers', 0);
EXCEPTION WHEN
	DUP_VAL_ON_INDEX THEN
		NULL;
END;
/
BEGIN
	INSERT INTO CSR.EST_SPACE_TYPE_ATTR (EST_SPACE_TYPE, ATTR_NAME, IS_MANDATORY) VALUES ('bowlingAlley', 'totalGrossFloorArea', 1);
EXCEPTION WHEN
	DUP_VAL_ON_INDEX THEN
		NULL;
END;
/
BEGIN
	INSERT INTO CSR.EST_SPACE_TYPE_ATTR (EST_SPACE_TYPE, ATTR_NAME, IS_MANDATORY) VALUES ('bowlingAlley', 'weeklyOperatingHours', 0);
EXCEPTION WHEN
	DUP_VAL_ON_INDEX THEN
		NULL;
END;
/
BEGIN
	INSERT INTO CSR.EST_SPACE_TYPE_ATTR (EST_SPACE_TYPE, ATTR_NAME, IS_MANDATORY) VALUES ('bowlingAlley', 'numberOfComputers', 0);
EXCEPTION WHEN
	DUP_VAL_ON_INDEX THEN
		NULL;
END;
/
BEGIN
	INSERT INTO CSR.EST_SPACE_TYPE_ATTR (EST_SPACE_TYPE, ATTR_NAME, IS_MANDATORY) VALUES ('bowlingAlley', 'numberOfWorkers', 0);
EXCEPTION WHEN
	DUP_VAL_ON_INDEX THEN
		NULL;
END;
/
BEGIN
	INSERT INTO CSR.EST_SPACE_TYPE_ATTR (EST_SPACE_TYPE, ATTR_NAME, IS_MANDATORY) VALUES ('otherPublicServices', 'totalGrossFloorArea', 1);
EXCEPTION WHEN
	DUP_VAL_ON_INDEX THEN
		NULL;
END;
/
BEGIN
	INSERT INTO CSR.EST_SPACE_TYPE_ATTR (EST_SPACE_TYPE, ATTR_NAME, IS_MANDATORY) VALUES ('otherPublicServices', 'weeklyOperatingHours', 0);
EXCEPTION WHEN
	DUP_VAL_ON_INDEX THEN
		NULL;
END;
/
BEGIN
	INSERT INTO CSR.EST_SPACE_TYPE_ATTR (EST_SPACE_TYPE, ATTR_NAME, IS_MANDATORY) VALUES ('otherPublicServices', 'numberOfComputers', 0);
EXCEPTION WHEN
	DUP_VAL_ON_INDEX THEN
		NULL;
END;
/
BEGIN
	INSERT INTO CSR.EST_SPACE_TYPE_ATTR (EST_SPACE_TYPE, ATTR_NAME, IS_MANDATORY) VALUES ('otherPublicServices', 'numberOfWorkers', 0);
EXCEPTION WHEN
	DUP_VAL_ON_INDEX THEN
		NULL;
END;
/
BEGIN
	INSERT INTO CSR.EST_SPACE_TYPE_ATTR (EST_SPACE_TYPE, ATTR_NAME, IS_MANDATORY) VALUES ('otherLodgingResidential', 'totalGrossFloorArea', 1);
EXCEPTION WHEN
	DUP_VAL_ON_INDEX THEN
		NULL;
END;
/
BEGIN
	INSERT INTO CSR.EST_SPACE_TYPE_ATTR (EST_SPACE_TYPE, ATTR_NAME, IS_MANDATORY) VALUES ('otherLodgingResidential', 'weeklyOperatingHours', 0);
EXCEPTION WHEN
	DUP_VAL_ON_INDEX THEN
		NULL;
END;
/
BEGIN
	INSERT INTO CSR.EST_SPACE_TYPE_ATTR (EST_SPACE_TYPE, ATTR_NAME, IS_MANDATORY) VALUES ('otherLodgingResidential', 'numberOfComputers', 0);
EXCEPTION WHEN
	DUP_VAL_ON_INDEX THEN
		NULL;
END;
/
BEGIN
	INSERT INTO CSR.EST_SPACE_TYPE_ATTR (EST_SPACE_TYPE, ATTR_NAME, IS_MANDATORY) VALUES ('otherLodgingResidential', 'numberOfWorkers', 0);
EXCEPTION WHEN
	DUP_VAL_ON_INDEX THEN
		NULL;
END;
/
BEGIN
	INSERT INTO CSR.EST_SPACE_TYPE_ATTR (EST_SPACE_TYPE, ATTR_NAME, IS_MANDATORY) VALUES ('casino', 'totalGrossFloorArea', 1);
EXCEPTION WHEN
	DUP_VAL_ON_INDEX THEN
		NULL;
END;
/
BEGIN
	INSERT INTO CSR.EST_SPACE_TYPE_ATTR (EST_SPACE_TYPE, ATTR_NAME, IS_MANDATORY) VALUES ('casino', 'weeklyOperatingHours', 0);
EXCEPTION WHEN
	DUP_VAL_ON_INDEX THEN
		NULL;
END;
/
BEGIN
	INSERT INTO CSR.EST_SPACE_TYPE_ATTR (EST_SPACE_TYPE, ATTR_NAME, IS_MANDATORY) VALUES ('casino', 'numberOfComputers', 0);
EXCEPTION WHEN
	DUP_VAL_ON_INDEX THEN
		NULL;
END;
/
BEGIN
	INSERT INTO CSR.EST_SPACE_TYPE_ATTR (EST_SPACE_TYPE, ATTR_NAME, IS_MANDATORY) VALUES ('casino', 'numberOfWorkers', 0);
EXCEPTION WHEN
	DUP_VAL_ON_INDEX THEN
		NULL;
END;
/
BEGIN
	INSERT INTO CSR.EST_SPACE_TYPE_ATTR (EST_SPACE_TYPE, ATTR_NAME, IS_MANDATORY) VALUES ('personalServices', 'totalGrossFloorArea', 1);
EXCEPTION WHEN
	DUP_VAL_ON_INDEX THEN
		NULL;
END;
/
BEGIN
	INSERT INTO CSR.EST_SPACE_TYPE_ATTR (EST_SPACE_TYPE, ATTR_NAME, IS_MANDATORY) VALUES ('personalServices', 'weeklyOperatingHours', 0);
EXCEPTION WHEN
	DUP_VAL_ON_INDEX THEN
		NULL;
END;
/
BEGIN
	INSERT INTO CSR.EST_SPACE_TYPE_ATTR (EST_SPACE_TYPE, ATTR_NAME, IS_MANDATORY) VALUES ('personalServices', 'numberOfComputers', 0);
EXCEPTION WHEN
	DUP_VAL_ON_INDEX THEN
		NULL;
END;
/
BEGIN
	INSERT INTO CSR.EST_SPACE_TYPE_ATTR (EST_SPACE_TYPE, ATTR_NAME, IS_MANDATORY) VALUES ('personalServices', 'numberOfWorkers', 0);
EXCEPTION WHEN
	DUP_VAL_ON_INDEX THEN
		NULL;
END;
/
BEGIN
	INSERT INTO CSR.EST_SPACE_TYPE_ATTR (EST_SPACE_TYPE, ATTR_NAME, IS_MANDATORY) VALUES ('mailingCenterPostOffice', 'totalGrossFloorArea', 1);
EXCEPTION WHEN
	DUP_VAL_ON_INDEX THEN
		NULL;
END;
/
BEGIN
	INSERT INTO CSR.EST_SPACE_TYPE_ATTR (EST_SPACE_TYPE, ATTR_NAME, IS_MANDATORY) VALUES ('mailingCenterPostOffice', 'weeklyOperatingHours', 0);
EXCEPTION WHEN
	DUP_VAL_ON_INDEX THEN
		NULL;
END;
/
BEGIN
	INSERT INTO CSR.EST_SPACE_TYPE_ATTR (EST_SPACE_TYPE, ATTR_NAME, IS_MANDATORY) VALUES ('mailingCenterPostOffice', 'numberOfComputers', 0);
EXCEPTION WHEN
	DUP_VAL_ON_INDEX THEN
		NULL;
END;
/
BEGIN
	INSERT INTO CSR.EST_SPACE_TYPE_ATTR (EST_SPACE_TYPE, ATTR_NAME, IS_MANDATORY) VALUES ('mailingCenterPostOffice', 'numberOfWorkers', 0);
EXCEPTION WHEN
	DUP_VAL_ON_INDEX THEN
		NULL;
END;
/
BEGIN
	INSERT INTO CSR.EST_SPACE_TYPE_ATTR (EST_SPACE_TYPE, ATTR_NAME, IS_MANDATORY) VALUES ('library', 'totalGrossFloorArea', 1);
EXCEPTION WHEN
	DUP_VAL_ON_INDEX THEN
		NULL;
END;
/
BEGIN
	INSERT INTO CSR.EST_SPACE_TYPE_ATTR (EST_SPACE_TYPE, ATTR_NAME, IS_MANDATORY) VALUES ('library', 'weeklyOperatingHours', 0);
EXCEPTION WHEN
	DUP_VAL_ON_INDEX THEN
		NULL;
END;
/
BEGIN
	INSERT INTO CSR.EST_SPACE_TYPE_ATTR (EST_SPACE_TYPE, ATTR_NAME, IS_MANDATORY) VALUES ('library', 'numberOfComputers', 0);
EXCEPTION WHEN
	DUP_VAL_ON_INDEX THEN
		NULL;
END;
/
BEGIN
	INSERT INTO CSR.EST_SPACE_TYPE_ATTR (EST_SPACE_TYPE, ATTR_NAME, IS_MANDATORY) VALUES ('library', 'numberOfWorkers', 0);
EXCEPTION WHEN
	DUP_VAL_ON_INDEX THEN
		NULL;
END;
/
BEGIN
	INSERT INTO CSR.EST_SPACE_TYPE_ATTR (EST_SPACE_TYPE, ATTR_NAME, IS_MANDATORY) VALUES ('otherSpecialityHospital', 'totalGrossFloorArea', 1);
EXCEPTION WHEN
	DUP_VAL_ON_INDEX THEN
		NULL;
END;
/
BEGIN
	INSERT INTO CSR.EST_SPACE_TYPE_ATTR (EST_SPACE_TYPE, ATTR_NAME, IS_MANDATORY) VALUES ('otherSpecialityHospital', 'weeklyOperatingHours', 0);
EXCEPTION WHEN
	DUP_VAL_ON_INDEX THEN
		NULL;
END;
/
BEGIN
	INSERT INTO CSR.EST_SPACE_TYPE_ATTR (EST_SPACE_TYPE, ATTR_NAME, IS_MANDATORY) VALUES ('otherSpecialityHospital', 'numberOfComputers', 0);
EXCEPTION WHEN
	DUP_VAL_ON_INDEX THEN
		NULL;
END;
/
BEGIN
	INSERT INTO CSR.EST_SPACE_TYPE_ATTR (EST_SPACE_TYPE, ATTR_NAME, IS_MANDATORY) VALUES ('otherSpecialityHospital', 'numberOfWorkers', 0);
EXCEPTION WHEN
	DUP_VAL_ON_INDEX THEN
		NULL;
END;
/
BEGIN
	INSERT INTO CSR.EST_SPACE_TYPE_ATTR (EST_SPACE_TYPE, ATTR_NAME, IS_MANDATORY) VALUES ('conventionCenter', 'totalGrossFloorArea', 1);
EXCEPTION WHEN
	DUP_VAL_ON_INDEX THEN
		NULL;
END;
/
BEGIN
	INSERT INTO CSR.EST_SPACE_TYPE_ATTR (EST_SPACE_TYPE, ATTR_NAME, IS_MANDATORY) VALUES ('conventionCenter', 'weeklyOperatingHours', 0);
EXCEPTION WHEN
	DUP_VAL_ON_INDEX THEN
		NULL;
END;
/
BEGIN
	INSERT INTO CSR.EST_SPACE_TYPE_ATTR (EST_SPACE_TYPE, ATTR_NAME, IS_MANDATORY) VALUES ('conventionCenter', 'numberOfComputers', 0);
EXCEPTION WHEN
	DUP_VAL_ON_INDEX THEN
		NULL;
END;
/
BEGIN
	INSERT INTO CSR.EST_SPACE_TYPE_ATTR (EST_SPACE_TYPE, ATTR_NAME, IS_MANDATORY) VALUES ('conventionCenter', 'numberOfWorkers', 0);
EXCEPTION WHEN
	DUP_VAL_ON_INDEX THEN
		NULL;
END;
/
BEGIN
	INSERT INTO CSR.EST_SPACE_TYPE_ATTR (EST_SPACE_TYPE, ATTR_NAME, IS_MANDATORY) VALUES ('veterinaryOffice', 'totalGrossFloorArea', 1);
EXCEPTION WHEN
	DUP_VAL_ON_INDEX THEN
		NULL;
END;
/
BEGIN
	INSERT INTO CSR.EST_SPACE_TYPE_ATTR (EST_SPACE_TYPE, ATTR_NAME, IS_MANDATORY) VALUES ('veterinaryOffice', 'weeklyOperatingHours', 0);
EXCEPTION WHEN
	DUP_VAL_ON_INDEX THEN
		NULL;
END;
/
BEGIN
	INSERT INTO CSR.EST_SPACE_TYPE_ATTR (EST_SPACE_TYPE, ATTR_NAME, IS_MANDATORY) VALUES ('veterinaryOffice', 'numberOfComputers', 0);
EXCEPTION WHEN
	DUP_VAL_ON_INDEX THEN
		NULL;
END;
/
BEGIN
	INSERT INTO CSR.EST_SPACE_TYPE_ATTR (EST_SPACE_TYPE, ATTR_NAME, IS_MANDATORY) VALUES ('veterinaryOffice', 'numberOfWorkers', 0);
EXCEPTION WHEN
	DUP_VAL_ON_INDEX THEN
		NULL;
END;
/
BEGIN
	INSERT INTO CSR.EST_SPACE_TYPE_ATTR (EST_SPACE_TYPE, ATTR_NAME, IS_MANDATORY) VALUES ('urgentCareClinicOtherOutpatient', 'totalGrossFloorArea', 1);
EXCEPTION WHEN
	DUP_VAL_ON_INDEX THEN
		NULL;
END;
/
BEGIN
	INSERT INTO CSR.EST_SPACE_TYPE_ATTR (EST_SPACE_TYPE, ATTR_NAME, IS_MANDATORY) VALUES ('urgentCareClinicOtherOutpatient', 'weeklyOperatingHours', 0);
EXCEPTION WHEN
	DUP_VAL_ON_INDEX THEN
		NULL;
END;
/
BEGIN
	INSERT INTO CSR.EST_SPACE_TYPE_ATTR (EST_SPACE_TYPE, ATTR_NAME, IS_MANDATORY) VALUES ('urgentCareClinicOtherOutpatient', 'numberOfComputers', 0);
EXCEPTION WHEN
	DUP_VAL_ON_INDEX THEN
		NULL;
END;
/
BEGIN
	INSERT INTO CSR.EST_SPACE_TYPE_ATTR (EST_SPACE_TYPE, ATTR_NAME, IS_MANDATORY) VALUES ('urgentCareClinicOtherOutpatient', 'numberOfWorkers', 0);
EXCEPTION WHEN
	DUP_VAL_ON_INDEX THEN
		NULL;
END;
/
BEGIN
	INSERT INTO CSR.EST_SPACE_TYPE_ATTR (EST_SPACE_TYPE, ATTR_NAME, IS_MANDATORY) VALUES ('energyPowerStation', 'totalGrossFloorArea', 1);
EXCEPTION WHEN
	DUP_VAL_ON_INDEX THEN
		NULL;
END;
/
BEGIN
	INSERT INTO CSR.EST_SPACE_TYPE_ATTR (EST_SPACE_TYPE, ATTR_NAME, IS_MANDATORY) VALUES ('energyPowerStation', 'weeklyOperatingHours', 0);
EXCEPTION WHEN
	DUP_VAL_ON_INDEX THEN
		NULL;
END;
/
BEGIN
	INSERT INTO CSR.EST_SPACE_TYPE_ATTR (EST_SPACE_TYPE, ATTR_NAME, IS_MANDATORY) VALUES ('energyPowerStation', 'numberOfComputers', 0);
EXCEPTION WHEN
	DUP_VAL_ON_INDEX THEN
		NULL;
END;
/
BEGIN
	INSERT INTO CSR.EST_SPACE_TYPE_ATTR (EST_SPACE_TYPE, ATTR_NAME, IS_MANDATORY) VALUES ('energyPowerStation', 'numberOfWorkers', 0);
EXCEPTION WHEN
	DUP_VAL_ON_INDEX THEN
		NULL;
END;
/
BEGIN
	INSERT INTO CSR.EST_SPACE_TYPE_ATTR (EST_SPACE_TYPE, ATTR_NAME, IS_MANDATORY) VALUES ('otherServices', 'totalGrossFloorArea', 1);
EXCEPTION WHEN
	DUP_VAL_ON_INDEX THEN
		NULL;
END;
/
BEGIN
	INSERT INTO CSR.EST_SPACE_TYPE_ATTR (EST_SPACE_TYPE, ATTR_NAME, IS_MANDATORY) VALUES ('otherServices', 'weeklyOperatingHours', 0);
EXCEPTION WHEN
	DUP_VAL_ON_INDEX THEN
		NULL;
END;
/
BEGIN
	INSERT INTO CSR.EST_SPACE_TYPE_ATTR (EST_SPACE_TYPE, ATTR_NAME, IS_MANDATORY) VALUES ('otherServices', 'numberOfComputers', 0);
EXCEPTION WHEN
	DUP_VAL_ON_INDEX THEN
		NULL;
END;
/
BEGIN
	INSERT INTO CSR.EST_SPACE_TYPE_ATTR (EST_SPACE_TYPE, ATTR_NAME, IS_MANDATORY) VALUES ('otherServices', 'numberOfWorkers', 0);
EXCEPTION WHEN
	DUP_VAL_ON_INDEX THEN
		NULL;
END;
/
BEGIN
	INSERT INTO CSR.EST_SPACE_TYPE_ATTR (EST_SPACE_TYPE, ATTR_NAME, IS_MANDATORY) VALUES ('barNightclub', 'totalGrossFloorArea', 1);
EXCEPTION WHEN
	DUP_VAL_ON_INDEX THEN
		NULL;
END;
/
BEGIN
	INSERT INTO CSR.EST_SPACE_TYPE_ATTR (EST_SPACE_TYPE, ATTR_NAME, IS_MANDATORY) VALUES ('barNightclub', 'weeklyOperatingHours', 0);
EXCEPTION WHEN
	DUP_VAL_ON_INDEX THEN
		NULL;
END;
/
BEGIN
	INSERT INTO CSR.EST_SPACE_TYPE_ATTR (EST_SPACE_TYPE, ATTR_NAME, IS_MANDATORY) VALUES ('barNightclub', 'numberOfComputers', 0);
EXCEPTION WHEN
	DUP_VAL_ON_INDEX THEN
		NULL;
END;
/
BEGIN
	INSERT INTO CSR.EST_SPACE_TYPE_ATTR (EST_SPACE_TYPE, ATTR_NAME, IS_MANDATORY) VALUES ('barNightclub', 'numberOfWorkers', 0);
EXCEPTION WHEN
	DUP_VAL_ON_INDEX THEN
		NULL;
END;
/
BEGIN
	INSERT INTO CSR.EST_SPACE_TYPE_ATTR (EST_SPACE_TYPE, ATTR_NAME, IS_MANDATORY) VALUES ('otherUtility', 'totalGrossFloorArea', 1);
EXCEPTION WHEN
	DUP_VAL_ON_INDEX THEN
		NULL;
END;
/
BEGIN
	INSERT INTO CSR.EST_SPACE_TYPE_ATTR (EST_SPACE_TYPE, ATTR_NAME, IS_MANDATORY) VALUES ('otherUtility', 'weeklyOperatingHours', 0);
EXCEPTION WHEN
	DUP_VAL_ON_INDEX THEN
		NULL;
END;
/
BEGIN
	INSERT INTO CSR.EST_SPACE_TYPE_ATTR (EST_SPACE_TYPE, ATTR_NAME, IS_MANDATORY) VALUES ('otherUtility', 'numberOfComputers', 0);
EXCEPTION WHEN
	DUP_VAL_ON_INDEX THEN
		NULL;
END;
/
BEGIN
	INSERT INTO CSR.EST_SPACE_TYPE_ATTR (EST_SPACE_TYPE, ATTR_NAME, IS_MANDATORY) VALUES ('otherUtility', 'numberOfWorkers', 0);
EXCEPTION WHEN
	DUP_VAL_ON_INDEX THEN
		NULL;
END;
/
BEGIN
	INSERT INTO CSR.EST_SPACE_TYPE_ATTR (EST_SPACE_TYPE, ATTR_NAME, IS_MANDATORY) VALUES ('zoo', 'totalGrossFloorArea', 1);
EXCEPTION WHEN
	DUP_VAL_ON_INDEX THEN
		NULL;
END;
/
BEGIN
	INSERT INTO CSR.EST_SPACE_TYPE_ATTR (EST_SPACE_TYPE, ATTR_NAME, IS_MANDATORY) VALUES ('zoo', 'weeklyOperatingHours', 0);
EXCEPTION WHEN
	DUP_VAL_ON_INDEX THEN
		NULL;
END;
/
BEGIN
	INSERT INTO CSR.EST_SPACE_TYPE_ATTR (EST_SPACE_TYPE, ATTR_NAME, IS_MANDATORY) VALUES ('zoo', 'numberOfComputers', 0);
EXCEPTION WHEN
	DUP_VAL_ON_INDEX THEN
		NULL;
END;
/
BEGIN
	INSERT INTO CSR.EST_SPACE_TYPE_ATTR (EST_SPACE_TYPE, ATTR_NAME, IS_MANDATORY) VALUES ('zoo', 'numberOfWorkers', 0);
EXCEPTION WHEN
	DUP_VAL_ON_INDEX THEN
		NULL;
END;
/
BEGIN
	INSERT INTO CSR.EST_SPACE_TYPE_ATTR (EST_SPACE_TYPE, ATTR_NAME, IS_MANDATORY) VALUES ('automobileDealership', 'totalGrossFloorArea', 1);
EXCEPTION WHEN
	DUP_VAL_ON_INDEX THEN
		NULL;
END;
/
BEGIN
	INSERT INTO CSR.EST_SPACE_TYPE_ATTR (EST_SPACE_TYPE, ATTR_NAME, IS_MANDATORY) VALUES ('automobileDealership', 'weeklyOperatingHours', 0);
EXCEPTION WHEN
	DUP_VAL_ON_INDEX THEN
		NULL;
END;
/
BEGIN
	INSERT INTO CSR.EST_SPACE_TYPE_ATTR (EST_SPACE_TYPE, ATTR_NAME, IS_MANDATORY) VALUES ('automobileDealership', 'numberOfComputers', 0);
EXCEPTION WHEN
	DUP_VAL_ON_INDEX THEN
		NULL;
END;
/
BEGIN
	INSERT INTO CSR.EST_SPACE_TYPE_ATTR (EST_SPACE_TYPE, ATTR_NAME, IS_MANDATORY) VALUES ('automobileDealership', 'numberOfWorkers', 0);
EXCEPTION WHEN
	DUP_VAL_ON_INDEX THEN
		NULL;
END;
/
BEGIN
	INSERT INTO CSR.EST_SPACE_TYPE_ATTR (EST_SPACE_TYPE, ATTR_NAME, IS_MANDATORY) VALUES ('museum', 'totalGrossFloorArea', 1);
EXCEPTION WHEN
	DUP_VAL_ON_INDEX THEN
		NULL;
END;
/
BEGIN
	INSERT INTO CSR.EST_SPACE_TYPE_ATTR (EST_SPACE_TYPE, ATTR_NAME, IS_MANDATORY) VALUES ('museum', 'weeklyOperatingHours', 0);
EXCEPTION WHEN
	DUP_VAL_ON_INDEX THEN
		NULL;
END;
/
BEGIN
	INSERT INTO CSR.EST_SPACE_TYPE_ATTR (EST_SPACE_TYPE, ATTR_NAME, IS_MANDATORY) VALUES ('museum', 'numberOfComputers', 0);
EXCEPTION WHEN
	DUP_VAL_ON_INDEX THEN
		NULL;
END;
/
BEGIN
	INSERT INTO CSR.EST_SPACE_TYPE_ATTR (EST_SPACE_TYPE, ATTR_NAME, IS_MANDATORY) VALUES ('museum', 'numberOfWorkers', 0);
EXCEPTION WHEN
	DUP_VAL_ON_INDEX THEN
		NULL;
END;
/
BEGIN
	INSERT INTO CSR.EST_SPACE_TYPE_ATTR (EST_SPACE_TYPE, ATTR_NAME, IS_MANDATORY) VALUES ('otherRecreation', 'totalGrossFloorArea', 1);
EXCEPTION WHEN
	DUP_VAL_ON_INDEX THEN
		NULL;
END;
/
BEGIN
	INSERT INTO CSR.EST_SPACE_TYPE_ATTR (EST_SPACE_TYPE, ATTR_NAME, IS_MANDATORY) VALUES ('otherRecreation', 'weeklyOperatingHours', 0);
EXCEPTION WHEN
	DUP_VAL_ON_INDEX THEN
		NULL;
END;
/
BEGIN
	INSERT INTO CSR.EST_SPACE_TYPE_ATTR (EST_SPACE_TYPE, ATTR_NAME, IS_MANDATORY) VALUES ('otherRecreation', 'numberOfComputers', 0);
EXCEPTION WHEN
	DUP_VAL_ON_INDEX THEN
		NULL;
END;
/
BEGIN
	INSERT INTO CSR.EST_SPACE_TYPE_ATTR (EST_SPACE_TYPE, ATTR_NAME, IS_MANDATORY) VALUES ('otherRecreation', 'numberOfWorkers', 0);
EXCEPTION WHEN
	DUP_VAL_ON_INDEX THEN
		NULL;
END;
/
BEGIN
	INSERT INTO CSR.EST_SPACE_TYPE_ATTR (EST_SPACE_TYPE, ATTR_NAME, IS_MANDATORY) VALUES ('otherRestaurantBar', 'totalGrossFloorArea', 1);
EXCEPTION WHEN
	DUP_VAL_ON_INDEX THEN
		NULL;
END;
/
BEGIN
	INSERT INTO CSR.EST_SPACE_TYPE_ATTR (EST_SPACE_TYPE, ATTR_NAME, IS_MANDATORY) VALUES ('otherRestaurantBar', 'weeklyOperatingHours', 0);
EXCEPTION WHEN
	DUP_VAL_ON_INDEX THEN
		NULL;
END;
/
BEGIN
	INSERT INTO CSR.EST_SPACE_TYPE_ATTR (EST_SPACE_TYPE, ATTR_NAME, IS_MANDATORY) VALUES ('otherRestaurantBar', 'numberOfComputers', 0);
EXCEPTION WHEN
	DUP_VAL_ON_INDEX THEN
		NULL;
END;
/
BEGIN
	INSERT INTO CSR.EST_SPACE_TYPE_ATTR (EST_SPACE_TYPE, ATTR_NAME, IS_MANDATORY) VALUES ('otherRestaurantBar', 'numberOfWorkers', 0);
EXCEPTION WHEN
	DUP_VAL_ON_INDEX THEN
		NULL;
END;
/
BEGIN
	INSERT INTO CSR.EST_SPACE_TYPE_ATTR (EST_SPACE_TYPE, ATTR_NAME, IS_MANDATORY) VALUES ('lifestyleCenter', 'totalGrossFloorArea', 1);
EXCEPTION WHEN
	DUP_VAL_ON_INDEX THEN
		NULL;
END;
/
BEGIN
	INSERT INTO CSR.EST_SPACE_TYPE_ATTR (EST_SPACE_TYPE, ATTR_NAME, IS_MANDATORY) VALUES ('lifestyleCenter', 'weeklyOperatingHours', 0);
EXCEPTION WHEN
	DUP_VAL_ON_INDEX THEN
		NULL;
END;
/
BEGIN
	INSERT INTO CSR.EST_SPACE_TYPE_ATTR (EST_SPACE_TYPE, ATTR_NAME, IS_MANDATORY) VALUES ('lifestyleCenter', 'numberOfComputers', 0);
EXCEPTION WHEN
	DUP_VAL_ON_INDEX THEN
		NULL;
END;
/
BEGIN
	INSERT INTO CSR.EST_SPACE_TYPE_ATTR (EST_SPACE_TYPE, ATTR_NAME, IS_MANDATORY) VALUES ('lifestyleCenter', 'numberOfWorkers', 0);
EXCEPTION WHEN
	DUP_VAL_ON_INDEX THEN
		NULL;
END;
/
BEGIN
	INSERT INTO CSR.EST_SPACE_TYPE_ATTR (EST_SPACE_TYPE, ATTR_NAME, IS_MANDATORY) VALUES ('policeStation', 'totalGrossFloorArea', 1);
EXCEPTION WHEN
	DUP_VAL_ON_INDEX THEN
		NULL;
END;
/
BEGIN
	INSERT INTO CSR.EST_SPACE_TYPE_ATTR (EST_SPACE_TYPE, ATTR_NAME, IS_MANDATORY) VALUES ('policeStation', 'weeklyOperatingHours', 0);
EXCEPTION WHEN
	DUP_VAL_ON_INDEX THEN
		NULL;
END;
/
BEGIN
	INSERT INTO CSR.EST_SPACE_TYPE_ATTR (EST_SPACE_TYPE, ATTR_NAME, IS_MANDATORY) VALUES ('policeStation', 'numberOfComputers', 0);
EXCEPTION WHEN
	DUP_VAL_ON_INDEX THEN
		NULL;
END;
/
BEGIN
	INSERT INTO CSR.EST_SPACE_TYPE_ATTR (EST_SPACE_TYPE, ATTR_NAME, IS_MANDATORY) VALUES ('policeStation', 'numberOfWorkers', 0);
EXCEPTION WHEN
	DUP_VAL_ON_INDEX THEN
		NULL;
END;
/
BEGIN
	INSERT INTO CSR.EST_SPACE_TYPE_ATTR (EST_SPACE_TYPE, ATTR_NAME, IS_MANDATORY) VALUES ('preschoolDaycare', 'totalGrossFloorArea', 1);
EXCEPTION WHEN
	DUP_VAL_ON_INDEX THEN
		NULL;
END;
/
BEGIN
	INSERT INTO CSR.EST_SPACE_TYPE_ATTR (EST_SPACE_TYPE, ATTR_NAME, IS_MANDATORY) VALUES ('preschoolDaycare', 'weeklyOperatingHours', 0);
EXCEPTION WHEN
	DUP_VAL_ON_INDEX THEN
		NULL;
END;
/
BEGIN
	INSERT INTO CSR.EST_SPACE_TYPE_ATTR (EST_SPACE_TYPE, ATTR_NAME, IS_MANDATORY) VALUES ('preschoolDaycare', 'numberOfComputers', 0);
EXCEPTION WHEN
	DUP_VAL_ON_INDEX THEN
		NULL;
END;
/
BEGIN
	INSERT INTO CSR.EST_SPACE_TYPE_ATTR (EST_SPACE_TYPE, ATTR_NAME, IS_MANDATORY) VALUES ('preschoolDaycare', 'numberOfWorkers', 0);
EXCEPTION WHEN
	DUP_VAL_ON_INDEX THEN
		NULL;
END;
/
BEGIN
	INSERT INTO CSR.EST_SPACE_TYPE_ATTR (EST_SPACE_TYPE, ATTR_NAME, IS_MANDATORY) VALUES ('raceTrack', 'totalGrossFloorArea', 1);
EXCEPTION WHEN
	DUP_VAL_ON_INDEX THEN
		NULL;
END;
/
BEGIN
	INSERT INTO CSR.EST_SPACE_TYPE_ATTR (EST_SPACE_TYPE, ATTR_NAME, IS_MANDATORY) VALUES ('raceTrack', 'weeklyOperatingHours', 0);
EXCEPTION WHEN
	DUP_VAL_ON_INDEX THEN
		NULL;
END;
/
BEGIN
	INSERT INTO CSR.EST_SPACE_TYPE_ATTR (EST_SPACE_TYPE, ATTR_NAME, IS_MANDATORY) VALUES ('raceTrack', 'numberOfComputers', 0);
EXCEPTION WHEN
	DUP_VAL_ON_INDEX THEN
		NULL;
END;
/
BEGIN
	INSERT INTO CSR.EST_SPACE_TYPE_ATTR (EST_SPACE_TYPE, ATTR_NAME, IS_MANDATORY) VALUES ('raceTrack', 'numberOfWorkers', 0);
EXCEPTION WHEN
	DUP_VAL_ON_INDEX THEN
		NULL;
END;
/
BEGIN
	INSERT INTO CSR.EST_SPACE_TYPE_ATTR (EST_SPACE_TYPE, ATTR_NAME, IS_MANDATORY) VALUES ('selfStorageFacility', 'totalGrossFloorArea', 1);
EXCEPTION WHEN
	DUP_VAL_ON_INDEX THEN
		NULL;
END;
/
BEGIN
	INSERT INTO CSR.EST_SPACE_TYPE_ATTR (EST_SPACE_TYPE, ATTR_NAME, IS_MANDATORY) VALUES ('selfStorageFacility', 'weeklyOperatingHours', 0);
EXCEPTION WHEN
	DUP_VAL_ON_INDEX THEN
		NULL;
END;
/
BEGIN
	INSERT INTO CSR.EST_SPACE_TYPE_ATTR (EST_SPACE_TYPE, ATTR_NAME, IS_MANDATORY) VALUES ('selfStorageFacility', 'numberOfComputers', 0);
EXCEPTION WHEN
	DUP_VAL_ON_INDEX THEN
		NULL;
END;
/
BEGIN
	INSERT INTO CSR.EST_SPACE_TYPE_ATTR (EST_SPACE_TYPE, ATTR_NAME, IS_MANDATORY) VALUES ('selfStorageFacility', 'numberOfWorkers', 0);
EXCEPTION WHEN
	DUP_VAL_ON_INDEX THEN
		NULL;
END;
/
BEGIN
	INSERT INTO CSR.EST_SPACE_TYPE_ATTR (EST_SPACE_TYPE, ATTR_NAME, IS_MANDATORY) VALUES ('fastFoodRestaurant', 'totalGrossFloorArea', 1);
EXCEPTION WHEN
	DUP_VAL_ON_INDEX THEN
		NULL;
END;
/
BEGIN
	INSERT INTO CSR.EST_SPACE_TYPE_ATTR (EST_SPACE_TYPE, ATTR_NAME, IS_MANDATORY) VALUES ('fastFoodRestaurant', 'weeklyOperatingHours', 0);
EXCEPTION WHEN
	DUP_VAL_ON_INDEX THEN
		NULL;
END;
/
BEGIN
	INSERT INTO CSR.EST_SPACE_TYPE_ATTR (EST_SPACE_TYPE, ATTR_NAME, IS_MANDATORY) VALUES ('fastFoodRestaurant', 'numberOfComputers', 0);
EXCEPTION WHEN
	DUP_VAL_ON_INDEX THEN
		NULL;
END;
/
BEGIN
	INSERT INTO CSR.EST_SPACE_TYPE_ATTR (EST_SPACE_TYPE, ATTR_NAME, IS_MANDATORY) VALUES ('fastFoodRestaurant', 'numberOfWorkers', 0);
EXCEPTION WHEN
	DUP_VAL_ON_INDEX THEN
		NULL;
END;
/
BEGIN
	INSERT INTO CSR.EST_SPACE_TYPE_ATTR (EST_SPACE_TYPE, ATTR_NAME, IS_MANDATORY) VALUES ('laboratory', 'totalGrossFloorArea', 1);
EXCEPTION WHEN
	DUP_VAL_ON_INDEX THEN
		NULL;
END;
/
BEGIN
	INSERT INTO CSR.EST_SPACE_TYPE_ATTR (EST_SPACE_TYPE, ATTR_NAME, IS_MANDATORY) VALUES ('laboratory', 'weeklyOperatingHours', 0);
EXCEPTION WHEN
	DUP_VAL_ON_INDEX THEN
		NULL;
END;
/
BEGIN
	INSERT INTO CSR.EST_SPACE_TYPE_ATTR (EST_SPACE_TYPE, ATTR_NAME, IS_MANDATORY) VALUES ('laboratory', 'numberOfComputers', 0);
EXCEPTION WHEN
	DUP_VAL_ON_INDEX THEN
		NULL;
END;
/
BEGIN
	INSERT INTO CSR.EST_SPACE_TYPE_ATTR (EST_SPACE_TYPE, ATTR_NAME, IS_MANDATORY) VALUES ('laboratory', 'numberOfWorkers', 0);
EXCEPTION WHEN
	DUP_VAL_ON_INDEX THEN
		NULL;
END;
/
BEGIN
	INSERT INTO CSR.EST_SPACE_TYPE_ATTR (EST_SPACE_TYPE, ATTR_NAME, IS_MANDATORY) VALUES ('convenienceStoreWithoutGasStation', 'totalGrossFloorArea', 1);
EXCEPTION WHEN
	DUP_VAL_ON_INDEX THEN
		NULL;
END;
/
BEGIN
	INSERT INTO CSR.EST_SPACE_TYPE_ATTR (EST_SPACE_TYPE, ATTR_NAME, IS_MANDATORY) VALUES ('convenienceStoreWithoutGasStation', 'weeklyOperatingHours', 0);
EXCEPTION WHEN
	DUP_VAL_ON_INDEX THEN
		NULL;
END;
/
BEGIN
	INSERT INTO CSR.EST_SPACE_TYPE_ATTR (EST_SPACE_TYPE, ATTR_NAME, IS_MANDATORY) VALUES ('convenienceStoreWithoutGasStation', 'numberOfComputers', 0);
EXCEPTION WHEN
	DUP_VAL_ON_INDEX THEN
		NULL;
END;
/
BEGIN
	INSERT INTO CSR.EST_SPACE_TYPE_ATTR (EST_SPACE_TYPE, ATTR_NAME, IS_MANDATORY) VALUES ('convenienceStoreWithoutGasStation', 'numberOfWorkers', 0);
EXCEPTION WHEN
	DUP_VAL_ON_INDEX THEN
		NULL;
END;
/
BEGIN
	INSERT INTO CSR.EST_SPACE_TYPE_ATTR (EST_SPACE_TYPE, ATTR_NAME, IS_MANDATORY) VALUES ('repairServices', 'totalGrossFloorArea', 1);
EXCEPTION WHEN
	DUP_VAL_ON_INDEX THEN
		NULL;
END;
/
BEGIN
	INSERT INTO CSR.EST_SPACE_TYPE_ATTR (EST_SPACE_TYPE, ATTR_NAME, IS_MANDATORY) VALUES ('repairServices', 'weeklyOperatingHours', 0);
EXCEPTION WHEN
	DUP_VAL_ON_INDEX THEN
		NULL;
END;
/
BEGIN
	INSERT INTO CSR.EST_SPACE_TYPE_ATTR (EST_SPACE_TYPE, ATTR_NAME, IS_MANDATORY) VALUES ('repairServices', 'numberOfComputers', 0);
EXCEPTION WHEN
	DUP_VAL_ON_INDEX THEN
		NULL;
END;
/
BEGIN
	INSERT INTO CSR.EST_SPACE_TYPE_ATTR (EST_SPACE_TYPE, ATTR_NAME, IS_MANDATORY) VALUES ('repairServices', 'numberOfWorkers', 0);
EXCEPTION WHEN
	DUP_VAL_ON_INDEX THEN
		NULL;
END;
/
BEGIN
	INSERT INTO CSR.EST_SPACE_TYPE_ATTR (EST_SPACE_TYPE, ATTR_NAME, IS_MANDATORY) VALUES ('otherTechnologyScience', 'totalGrossFloorArea', 1);
EXCEPTION WHEN
	DUP_VAL_ON_INDEX THEN
		NULL;
END;
/
BEGIN
	INSERT INTO CSR.EST_SPACE_TYPE_ATTR (EST_SPACE_TYPE, ATTR_NAME, IS_MANDATORY) VALUES ('otherTechnologyScience', 'weeklyOperatingHours', 0);
EXCEPTION WHEN
	DUP_VAL_ON_INDEX THEN
		NULL;
END;
/
BEGIN
	INSERT INTO CSR.EST_SPACE_TYPE_ATTR (EST_SPACE_TYPE, ATTR_NAME, IS_MANDATORY) VALUES ('otherTechnologyScience', 'numberOfComputers', 0);
EXCEPTION WHEN
	DUP_VAL_ON_INDEX THEN
		NULL;
END;
/
BEGIN
	INSERT INTO CSR.EST_SPACE_TYPE_ATTR (EST_SPACE_TYPE, ATTR_NAME, IS_MANDATORY) VALUES ('otherTechnologyScience', 'numberOfWorkers', 0);
EXCEPTION WHEN
	DUP_VAL_ON_INDEX THEN
		NULL;
END;
/
BEGIN
	INSERT INTO CSR.EST_SPACE_TYPE_ATTR (EST_SPACE_TYPE, ATTR_NAME, IS_MANDATORY) VALUES ('fireStation', 'totalGrossFloorArea', 1);
EXCEPTION WHEN
	DUP_VAL_ON_INDEX THEN
		NULL;
END;
/
BEGIN
	INSERT INTO CSR.EST_SPACE_TYPE_ATTR (EST_SPACE_TYPE, ATTR_NAME, IS_MANDATORY) VALUES ('fireStation', 'weeklyOperatingHours', 0);
EXCEPTION WHEN
	DUP_VAL_ON_INDEX THEN
		NULL;
END;
/
BEGIN
	INSERT INTO CSR.EST_SPACE_TYPE_ATTR (EST_SPACE_TYPE, ATTR_NAME, IS_MANDATORY) VALUES ('fireStation', 'numberOfComputers', 0);
EXCEPTION WHEN
	DUP_VAL_ON_INDEX THEN
		NULL;
END;
/
BEGIN
	INSERT INTO CSR.EST_SPACE_TYPE_ATTR (EST_SPACE_TYPE, ATTR_NAME, IS_MANDATORY) VALUES ('fireStation', 'numberOfWorkers', 0);
EXCEPTION WHEN
	DUP_VAL_ON_INDEX THEN
		NULL;
END;
/
BEGIN
	INSERT INTO CSR.EST_SPACE_TYPE_ATTR (EST_SPACE_TYPE, ATTR_NAME, IS_MANDATORY) VALUES ('foodSales', 'totalGrossFloorArea', 1);
EXCEPTION WHEN
	DUP_VAL_ON_INDEX THEN
		NULL;
END;
/
BEGIN
	INSERT INTO CSR.EST_SPACE_TYPE_ATTR (EST_SPACE_TYPE, ATTR_NAME, IS_MANDATORY) VALUES ('foodSales', 'weeklyOperatingHours', 0);
EXCEPTION WHEN
	DUP_VAL_ON_INDEX THEN
		NULL;
END;
/
BEGIN
	INSERT INTO CSR.EST_SPACE_TYPE_ATTR (EST_SPACE_TYPE, ATTR_NAME, IS_MANDATORY) VALUES ('foodSales', 'numberOfComputers', 0);
EXCEPTION WHEN
	DUP_VAL_ON_INDEX THEN
		NULL;
END;
/
BEGIN
	INSERT INTO CSR.EST_SPACE_TYPE_ATTR (EST_SPACE_TYPE, ATTR_NAME, IS_MANDATORY) VALUES ('foodSales', 'numberOfWorkers', 0);
EXCEPTION WHEN
	DUP_VAL_ON_INDEX THEN
		NULL;
END;
/
BEGIN
	INSERT INTO CSR.EST_SPACE_TYPE_ATTR (EST_SPACE_TYPE, ATTR_NAME, IS_MANDATORY) VALUES ('performingArts', 'totalGrossFloorArea', 1);
EXCEPTION WHEN
	DUP_VAL_ON_INDEX THEN
		NULL;
END;
/
BEGIN
	INSERT INTO CSR.EST_SPACE_TYPE_ATTR (EST_SPACE_TYPE, ATTR_NAME, IS_MANDATORY) VALUES ('performingArts', 'weeklyOperatingHours', 0);
EXCEPTION WHEN
	DUP_VAL_ON_INDEX THEN
		NULL;
END;
/
BEGIN
	INSERT INTO CSR.EST_SPACE_TYPE_ATTR (EST_SPACE_TYPE, ATTR_NAME, IS_MANDATORY) VALUES ('performingArts', 'numberOfComputers', 0);
EXCEPTION WHEN
	DUP_VAL_ON_INDEX THEN
		NULL;
END;
/
BEGIN
	INSERT INTO CSR.EST_SPACE_TYPE_ATTR (EST_SPACE_TYPE, ATTR_NAME, IS_MANDATORY) VALUES ('performingArts', 'numberOfWorkers', 0);
EXCEPTION WHEN
	DUP_VAL_ON_INDEX THEN
		NULL;
END;
/
BEGIN
	INSERT INTO CSR.EST_SPACE_TYPE_ATTR (EST_SPACE_TYPE, ATTR_NAME, IS_MANDATORY) VALUES ('outpatientRehabilitationPhysicalTherapy', 'totalGrossFloorArea', 1);
EXCEPTION WHEN
	DUP_VAL_ON_INDEX THEN
		NULL;
END;
/
BEGIN
	INSERT INTO CSR.EST_SPACE_TYPE_ATTR (EST_SPACE_TYPE, ATTR_NAME, IS_MANDATORY) VALUES ('outpatientRehabilitationPhysicalTherapy', 'weeklyOperatingHours', 0);
EXCEPTION WHEN
	DUP_VAL_ON_INDEX THEN
		NULL;
END;
/
BEGIN
	INSERT INTO CSR.EST_SPACE_TYPE_ATTR (EST_SPACE_TYPE, ATTR_NAME, IS_MANDATORY) VALUES ('outpatientRehabilitationPhysicalTherapy', 'numberOfComputers', 0);
EXCEPTION WHEN
	DUP_VAL_ON_INDEX THEN
		NULL;
END;
/
BEGIN
	INSERT INTO CSR.EST_SPACE_TYPE_ATTR (EST_SPACE_TYPE, ATTR_NAME, IS_MANDATORY) VALUES ('outpatientRehabilitationPhysicalTherapy', 'numberOfWorkers', 0);
EXCEPTION WHEN
	DUP_VAL_ON_INDEX THEN
		NULL;
END;
/
BEGIN
	INSERT INTO CSR.EST_SPACE_TYPE_ATTR (EST_SPACE_TYPE, ATTR_NAME, IS_MANDATORY) VALUES ('stripMall', 'totalGrossFloorArea', 1);
EXCEPTION WHEN
	DUP_VAL_ON_INDEX THEN
		NULL;
END;
/
BEGIN
	INSERT INTO CSR.EST_SPACE_TYPE_ATTR (EST_SPACE_TYPE, ATTR_NAME, IS_MANDATORY) VALUES ('stripMall', 'weeklyOperatingHours', 0);
EXCEPTION WHEN
	DUP_VAL_ON_INDEX THEN
		NULL;
END;
/
BEGIN
	INSERT INTO CSR.EST_SPACE_TYPE_ATTR (EST_SPACE_TYPE, ATTR_NAME, IS_MANDATORY) VALUES ('stripMall', 'numberOfComputers', 0);
EXCEPTION WHEN
	DUP_VAL_ON_INDEX THEN
		NULL;
END;
/
BEGIN
	INSERT INTO CSR.EST_SPACE_TYPE_ATTR (EST_SPACE_TYPE, ATTR_NAME, IS_MANDATORY) VALUES ('stripMall', 'numberOfWorkers', 0);
EXCEPTION WHEN
	DUP_VAL_ON_INDEX THEN
		NULL;
END;
/
BEGIN
	INSERT INTO CSR.EST_SPACE_TYPE_ATTR (EST_SPACE_TYPE, ATTR_NAME, IS_MANDATORY) VALUES ('rollerRink', 'totalGrossFloorArea', 1);
EXCEPTION WHEN
	DUP_VAL_ON_INDEX THEN
		NULL;
END;
/
BEGIN
	INSERT INTO CSR.EST_SPACE_TYPE_ATTR (EST_SPACE_TYPE, ATTR_NAME, IS_MANDATORY) VALUES ('rollerRink', 'weeklyOperatingHours', 0);
EXCEPTION WHEN
	DUP_VAL_ON_INDEX THEN
		NULL;
END;
/
BEGIN
	INSERT INTO CSR.EST_SPACE_TYPE_ATTR (EST_SPACE_TYPE, ATTR_NAME, IS_MANDATORY) VALUES ('rollerRink', 'numberOfComputers', 0);
EXCEPTION WHEN
	DUP_VAL_ON_INDEX THEN
		NULL;
END;
/
BEGIN
	INSERT INTO CSR.EST_SPACE_TYPE_ATTR (EST_SPACE_TYPE, ATTR_NAME, IS_MANDATORY) VALUES ('rollerRink', 'numberOfWorkers', 0);
EXCEPTION WHEN
	DUP_VAL_ON_INDEX THEN
		NULL;
END;
/
BEGIN
	INSERT INTO CSR.EST_SPACE_TYPE_ATTR (EST_SPACE_TYPE, ATTR_NAME, IS_MANDATORY) VALUES ('otherEducation', 'totalGrossFloorArea', 1);
EXCEPTION WHEN
	DUP_VAL_ON_INDEX THEN
		NULL;
END;
/
BEGIN
	INSERT INTO CSR.EST_SPACE_TYPE_ATTR (EST_SPACE_TYPE, ATTR_NAME, IS_MANDATORY) VALUES ('otherEducation', 'weeklyOperatingHours', 0);
EXCEPTION WHEN
	DUP_VAL_ON_INDEX THEN
		NULL;
END;
/
BEGIN
	INSERT INTO CSR.EST_SPACE_TYPE_ATTR (EST_SPACE_TYPE, ATTR_NAME, IS_MANDATORY) VALUES ('otherEducation', 'numberOfComputers', 0);
EXCEPTION WHEN
	DUP_VAL_ON_INDEX THEN
		NULL;
END;
/
BEGIN
	INSERT INTO CSR.EST_SPACE_TYPE_ATTR (EST_SPACE_TYPE, ATTR_NAME, IS_MANDATORY) VALUES ('otherEducation', 'numberOfWorkers', 0);
EXCEPTION WHEN
	DUP_VAL_ON_INDEX THEN
		NULL;
END;
/
BEGIN
	INSERT INTO CSR.EST_SPACE_TYPE_ATTR (EST_SPACE_TYPE, ATTR_NAME, IS_MANDATORY) VALUES ('fitnessCenterHealthClubGym', 'totalGrossFloorArea', 1);
EXCEPTION WHEN
	DUP_VAL_ON_INDEX THEN
		NULL;
END;
/
BEGIN
	INSERT INTO CSR.EST_SPACE_TYPE_ATTR (EST_SPACE_TYPE, ATTR_NAME, IS_MANDATORY) VALUES ('fitnessCenterHealthClubGym', 'weeklyOperatingHours', 0);
EXCEPTION WHEN
	DUP_VAL_ON_INDEX THEN
		NULL;
END;
/
BEGIN
	INSERT INTO CSR.EST_SPACE_TYPE_ATTR (EST_SPACE_TYPE, ATTR_NAME, IS_MANDATORY) VALUES ('fitnessCenterHealthClubGym', 'numberOfComputers', 0);
EXCEPTION WHEN
	DUP_VAL_ON_INDEX THEN
		NULL;
END;
/
BEGIN
	INSERT INTO CSR.EST_SPACE_TYPE_ATTR (EST_SPACE_TYPE, ATTR_NAME, IS_MANDATORY) VALUES ('fitnessCenterHealthClubGym', 'numberOfWorkers', 0);
EXCEPTION WHEN
	DUP_VAL_ON_INDEX THEN
		NULL;
END;
/
BEGIN
	INSERT INTO CSR.EST_SPACE_TYPE_ATTR (EST_SPACE_TYPE, ATTR_NAME, IS_MANDATORY) VALUES ('aquarium', 'totalGrossFloorArea', 1);
EXCEPTION WHEN
	DUP_VAL_ON_INDEX THEN
		NULL;
END;
/
BEGIN
	INSERT INTO CSR.EST_SPACE_TYPE_ATTR (EST_SPACE_TYPE, ATTR_NAME, IS_MANDATORY) VALUES ('aquarium', 'weeklyOperatingHours', 0);
EXCEPTION WHEN
	DUP_VAL_ON_INDEX THEN
		NULL;
END;
/
BEGIN
	INSERT INTO CSR.EST_SPACE_TYPE_ATTR (EST_SPACE_TYPE, ATTR_NAME, IS_MANDATORY) VALUES ('aquarium', 'numberOfComputers', 0);
EXCEPTION WHEN
	DUP_VAL_ON_INDEX THEN
		NULL;
END;
/
BEGIN
	INSERT INTO CSR.EST_SPACE_TYPE_ATTR (EST_SPACE_TYPE, ATTR_NAME, IS_MANDATORY) VALUES ('aquarium', 'numberOfWorkers', 0);
EXCEPTION WHEN
	DUP_VAL_ON_INDEX THEN
		NULL;
END;
/
BEGIN
	INSERT INTO CSR.EST_SPACE_TYPE_ATTR (EST_SPACE_TYPE, ATTR_NAME, IS_MANDATORY) VALUES ('foodService', 'totalGrossFloorArea', 1);
EXCEPTION WHEN
	DUP_VAL_ON_INDEX THEN
		NULL;
END;
/
BEGIN
	INSERT INTO CSR.EST_SPACE_TYPE_ATTR (EST_SPACE_TYPE, ATTR_NAME, IS_MANDATORY) VALUES ('foodService', 'weeklyOperatingHours', 0);
EXCEPTION WHEN
	DUP_VAL_ON_INDEX THEN
		NULL;
END;
/
BEGIN
	INSERT INTO CSR.EST_SPACE_TYPE_ATTR (EST_SPACE_TYPE, ATTR_NAME, IS_MANDATORY) VALUES ('foodService', 'numberOfComputers', 0);
EXCEPTION WHEN
	DUP_VAL_ON_INDEX THEN
		NULL;
END;
/
BEGIN
	INSERT INTO CSR.EST_SPACE_TYPE_ATTR (EST_SPACE_TYPE, ATTR_NAME, IS_MANDATORY) VALUES ('foodService', 'numberOfWorkers', 0);
EXCEPTION WHEN
	DUP_VAL_ON_INDEX THEN
		NULL;
END;
/
BEGIN
	INSERT INTO CSR.EST_SPACE_TYPE_ATTR (EST_SPACE_TYPE, ATTR_NAME, IS_MANDATORY) VALUES ('restaurant', 'totalGrossFloorArea', 1);
EXCEPTION WHEN
	DUP_VAL_ON_INDEX THEN
		NULL;
END;
/
BEGIN
	INSERT INTO CSR.EST_SPACE_TYPE_ATTR (EST_SPACE_TYPE, ATTR_NAME, IS_MANDATORY) VALUES ('restaurant', 'weeklyOperatingHours', 0);
EXCEPTION WHEN
	DUP_VAL_ON_INDEX THEN
		NULL;
END;
/
BEGIN
	INSERT INTO CSR.EST_SPACE_TYPE_ATTR (EST_SPACE_TYPE, ATTR_NAME, IS_MANDATORY) VALUES ('restaurant', 'numberOfComputers', 0);
EXCEPTION WHEN
	DUP_VAL_ON_INDEX THEN
		NULL;
END;
/
BEGIN
	INSERT INTO CSR.EST_SPACE_TYPE_ATTR (EST_SPACE_TYPE, ATTR_NAME, IS_MANDATORY) VALUES ('restaurant', 'numberOfWorkers', 0);
EXCEPTION WHEN
	DUP_VAL_ON_INDEX THEN
		NULL;
END;
/
BEGIN
	INSERT INTO CSR.EST_SPACE_TYPE_ATTR (EST_SPACE_TYPE, ATTR_NAME, IS_MANDATORY) VALUES ('enclosedMall', 'totalGrossFloorArea', 1);
EXCEPTION WHEN
	DUP_VAL_ON_INDEX THEN
		NULL;
END;
/
BEGIN
	INSERT INTO CSR.EST_SPACE_TYPE_ATTR (EST_SPACE_TYPE, ATTR_NAME, IS_MANDATORY) VALUES ('enclosedMall', 'weeklyOperatingHours', 0);
EXCEPTION WHEN
	DUP_VAL_ON_INDEX THEN
		NULL;
END;
/
BEGIN
	INSERT INTO CSR.EST_SPACE_TYPE_ATTR (EST_SPACE_TYPE, ATTR_NAME, IS_MANDATORY) VALUES ('enclosedMall', 'numberOfComputers', 0);
EXCEPTION WHEN
	DUP_VAL_ON_INDEX THEN
		NULL;
END;
/
BEGIN
	INSERT INTO CSR.EST_SPACE_TYPE_ATTR (EST_SPACE_TYPE, ATTR_NAME, IS_MANDATORY) VALUES ('enclosedMall', 'numberOfWorkers', 0);
EXCEPTION WHEN
	DUP_VAL_ON_INDEX THEN
		NULL;
END;
/
BEGIN
	INSERT INTO CSR.EST_SPACE_TYPE_ATTR (EST_SPACE_TYPE, ATTR_NAME, IS_MANDATORY) VALUES ('iceCurlingRink', 'totalGrossFloorArea', 1);
EXCEPTION WHEN
	DUP_VAL_ON_INDEX THEN
		NULL;
END;
/
BEGIN
	INSERT INTO CSR.EST_SPACE_TYPE_ATTR (EST_SPACE_TYPE, ATTR_NAME, IS_MANDATORY) VALUES ('iceCurlingRink', 'weeklyOperatingHours', 0);
EXCEPTION WHEN
	DUP_VAL_ON_INDEX THEN
		NULL;
END;
/
BEGIN
	INSERT INTO CSR.EST_SPACE_TYPE_ATTR (EST_SPACE_TYPE, ATTR_NAME, IS_MANDATORY) VALUES ('iceCurlingRink', 'numberOfComputers', 0);
EXCEPTION WHEN
	DUP_VAL_ON_INDEX THEN
		NULL;
END;
/
BEGIN
	INSERT INTO CSR.EST_SPACE_TYPE_ATTR (EST_SPACE_TYPE, ATTR_NAME, IS_MANDATORY) VALUES ('iceCurlingRink', 'numberOfWorkers', 0);
EXCEPTION WHEN
	DUP_VAL_ON_INDEX THEN
		NULL;
END;
/
BEGIN
	INSERT INTO CSR.EST_SPACE_TYPE_ATTR (EST_SPACE_TYPE, ATTR_NAME, IS_MANDATORY) VALUES ('adultEducation', 'totalGrossFloorArea', 1);
EXCEPTION WHEN
	DUP_VAL_ON_INDEX THEN
		NULL;
END;
/
BEGIN
	INSERT INTO CSR.EST_SPACE_TYPE_ATTR (EST_SPACE_TYPE, ATTR_NAME, IS_MANDATORY) VALUES ('adultEducation', 'weeklyOperatingHours', 0);
EXCEPTION WHEN
	DUP_VAL_ON_INDEX THEN
		NULL;
END;
/
BEGIN
	INSERT INTO CSR.EST_SPACE_TYPE_ATTR (EST_SPACE_TYPE, ATTR_NAME, IS_MANDATORY) VALUES ('adultEducation', 'numberOfComputers', 0);
EXCEPTION WHEN
	DUP_VAL_ON_INDEX THEN
		NULL;
END;
/
BEGIN
	INSERT INTO CSR.EST_SPACE_TYPE_ATTR (EST_SPACE_TYPE, ATTR_NAME, IS_MANDATORY) VALUES ('adultEducation', 'numberOfWorkers', 0);
EXCEPTION WHEN
	DUP_VAL_ON_INDEX THEN
		NULL;
END;
/
BEGIN
	INSERT INTO CSR.EST_SPACE_TYPE_ATTR (EST_SPACE_TYPE, ATTR_NAME, IS_MANDATORY) VALUES ('otherEntertainmentPublicAssembly', 'totalGrossFloorArea', 1);
EXCEPTION WHEN
	DUP_VAL_ON_INDEX THEN
		NULL;
END;
/
BEGIN
	INSERT INTO CSR.EST_SPACE_TYPE_ATTR (EST_SPACE_TYPE, ATTR_NAME, IS_MANDATORY) VALUES ('otherEntertainmentPublicAssembly', 'weeklyOperatingHours', 0);
EXCEPTION WHEN
	DUP_VAL_ON_INDEX THEN
		NULL;
END;
/
BEGIN
	INSERT INTO CSR.EST_SPACE_TYPE_ATTR (EST_SPACE_TYPE, ATTR_NAME, IS_MANDATORY) VALUES ('otherEntertainmentPublicAssembly', 'numberOfComputers', 0);
EXCEPTION WHEN
	DUP_VAL_ON_INDEX THEN
		NULL;
END;
/
BEGIN
	INSERT INTO CSR.EST_SPACE_TYPE_ATTR (EST_SPACE_TYPE, ATTR_NAME, IS_MANDATORY) VALUES ('otherEntertainmentPublicAssembly', 'numberOfWorkers', 0);
EXCEPTION WHEN
	DUP_VAL_ON_INDEX THEN
		NULL;
END;
/
BEGIN
	INSERT INTO CSR.EST_SPACE_TYPE_ATTR (EST_SPACE_TYPE, ATTR_NAME, IS_MANDATORY) VALUES ('movieTheater', 'totalGrossFloorArea', 1);
EXCEPTION WHEN
	DUP_VAL_ON_INDEX THEN
		NULL;
END;
/
BEGIN
	INSERT INTO CSR.EST_SPACE_TYPE_ATTR (EST_SPACE_TYPE, ATTR_NAME, IS_MANDATORY) VALUES ('movieTheater', 'weeklyOperatingHours', 0);
EXCEPTION WHEN
	DUP_VAL_ON_INDEX THEN
		NULL;
END;
/
BEGIN
	INSERT INTO CSR.EST_SPACE_TYPE_ATTR (EST_SPACE_TYPE, ATTR_NAME, IS_MANDATORY) VALUES ('movieTheater', 'numberOfComputers', 0);
EXCEPTION WHEN
	DUP_VAL_ON_INDEX THEN
		NULL;
END;
/
BEGIN
	INSERT INTO CSR.EST_SPACE_TYPE_ATTR (EST_SPACE_TYPE, ATTR_NAME, IS_MANDATORY) VALUES ('movieTheater', 'numberOfWorkers', 0);
EXCEPTION WHEN
	DUP_VAL_ON_INDEX THEN
		NULL;
END;
/
BEGIN
	INSERT INTO CSR.EST_SPACE_TYPE_ATTR (EST_SPACE_TYPE, ATTR_NAME, IS_MANDATORY) VALUES ('transportationTerminalStation', 'totalGrossFloorArea', 1);
EXCEPTION WHEN
	DUP_VAL_ON_INDEX THEN
		NULL;
END;
/
BEGIN
	INSERT INTO CSR.EST_SPACE_TYPE_ATTR (EST_SPACE_TYPE, ATTR_NAME, IS_MANDATORY) VALUES ('transportationTerminalStation', 'weeklyOperatingHours', 0);
EXCEPTION WHEN
	DUP_VAL_ON_INDEX THEN
		NULL;
END;
/
BEGIN
	INSERT INTO CSR.EST_SPACE_TYPE_ATTR (EST_SPACE_TYPE, ATTR_NAME, IS_MANDATORY) VALUES ('transportationTerminalStation', 'numberOfComputers', 0);
EXCEPTION WHEN
	DUP_VAL_ON_INDEX THEN
		NULL;
END;
/
BEGIN
	INSERT INTO CSR.EST_SPACE_TYPE_ATTR (EST_SPACE_TYPE, ATTR_NAME, IS_MANDATORY) VALUES ('transportationTerminalStation', 'numberOfWorkers', 0);
EXCEPTION WHEN
	DUP_VAL_ON_INDEX THEN
		NULL;
END;
/
BEGIN
	INSERT INTO CSR.EST_SPACE_TYPE_ATTR (EST_SPACE_TYPE, ATTR_NAME, IS_MANDATORY) VALUES ('vocationalSchool', 'totalGrossFloorArea', 1);
EXCEPTION WHEN
	DUP_VAL_ON_INDEX THEN
		NULL;
END;
/
BEGIN
	INSERT INTO CSR.EST_SPACE_TYPE_ATTR (EST_SPACE_TYPE, ATTR_NAME, IS_MANDATORY) VALUES ('vocationalSchool', 'weeklyOperatingHours', 0);
EXCEPTION WHEN
	DUP_VAL_ON_INDEX THEN
		NULL;
END;
/
BEGIN
	INSERT INTO CSR.EST_SPACE_TYPE_ATTR (EST_SPACE_TYPE, ATTR_NAME, IS_MANDATORY) VALUES ('vocationalSchool', 'numberOfComputers', 0);
EXCEPTION WHEN
	DUP_VAL_ON_INDEX THEN
		NULL;
END;
/
BEGIN
	INSERT INTO CSR.EST_SPACE_TYPE_ATTR (EST_SPACE_TYPE, ATTR_NAME, IS_MANDATORY) VALUES ('vocationalSchool', 'numberOfWorkers', 0);
EXCEPTION WHEN
	DUP_VAL_ON_INDEX THEN
		NULL;
END;
/
BEGIN
	INSERT INTO CSR.EST_SPACE_TYPE_ATTR (EST_SPACE_TYPE, ATTR_NAME, IS_MANDATORY) VALUES ('socialMeetingHall', 'totalGrossFloorArea', 1);
EXCEPTION WHEN
	DUP_VAL_ON_INDEX THEN
		NULL;
END;
/
BEGIN
	INSERT INTO CSR.EST_SPACE_TYPE_ATTR (EST_SPACE_TYPE, ATTR_NAME, IS_MANDATORY) VALUES ('socialMeetingHall', 'weeklyOperatingHours', 0);
EXCEPTION WHEN
	DUP_VAL_ON_INDEX THEN
		NULL;
END;
/
BEGIN
	INSERT INTO CSR.EST_SPACE_TYPE_ATTR (EST_SPACE_TYPE, ATTR_NAME, IS_MANDATORY) VALUES ('socialMeetingHall', 'numberOfComputers', 0);
EXCEPTION WHEN
	DUP_VAL_ON_INDEX THEN
		NULL;
END;
/
BEGIN
	INSERT INTO CSR.EST_SPACE_TYPE_ATTR (EST_SPACE_TYPE, ATTR_NAME, IS_MANDATORY) VALUES ('socialMeetingHall', 'numberOfWorkers', 0);
EXCEPTION WHEN
	DUP_VAL_ON_INDEX THEN
		NULL;
END;
/
BEGIN
	INSERT INTO CSR.EST_SPACE_TYPE_ATTR (EST_SPACE_TYPE, ATTR_NAME, IS_MANDATORY) VALUES ('otherMall', 'totalGrossFloorArea', 1);
EXCEPTION WHEN
	DUP_VAL_ON_INDEX THEN
		NULL;
END;
/
BEGIN
	INSERT INTO CSR.EST_SPACE_TYPE_ATTR (EST_SPACE_TYPE, ATTR_NAME, IS_MANDATORY) VALUES ('otherMall', 'weeklyOperatingHours', 0);
EXCEPTION WHEN
	DUP_VAL_ON_INDEX THEN
		NULL;
END;
/
BEGIN
	INSERT INTO CSR.EST_SPACE_TYPE_ATTR (EST_SPACE_TYPE, ATTR_NAME, IS_MANDATORY) VALUES ('otherMall', 'numberOfComputers', 0);
EXCEPTION WHEN
	DUP_VAL_ON_INDEX THEN
		NULL;
END;
/
BEGIN
	INSERT INTO CSR.EST_SPACE_TYPE_ATTR (EST_SPACE_TYPE, ATTR_NAME, IS_MANDATORY) VALUES ('otherMall', 'numberOfWorkers', 0);
EXCEPTION WHEN
	DUP_VAL_ON_INDEX THEN
		NULL;
END;
/
BEGIN
	INSERT INTO CSR.EST_SPACE_TYPE_ATTR (EST_SPACE_TYPE, ATTR_NAME, IS_MANDATORY) VALUES ('convenienceStoreWithGasStation', 'totalGrossFloorArea', 1);
EXCEPTION WHEN
	DUP_VAL_ON_INDEX THEN
		NULL;
END;
/
BEGIN
	INSERT INTO CSR.EST_SPACE_TYPE_ATTR (EST_SPACE_TYPE, ATTR_NAME, IS_MANDATORY) VALUES ('convenienceStoreWithGasStation', 'weeklyOperatingHours', 0);
EXCEPTION WHEN
	DUP_VAL_ON_INDEX THEN
		NULL;
END;
/
BEGIN
	INSERT INTO CSR.EST_SPACE_TYPE_ATTR (EST_SPACE_TYPE, ATTR_NAME, IS_MANDATORY) VALUES ('convenienceStoreWithGasStation', 'numberOfComputers', 0);
EXCEPTION WHEN
	DUP_VAL_ON_INDEX THEN
		NULL;
END;
/
BEGIN
	INSERT INTO CSR.EST_SPACE_TYPE_ATTR (EST_SPACE_TYPE, ATTR_NAME, IS_MANDATORY) VALUES ('convenienceStoreWithGasStation', 'numberOfWorkers', 0);
EXCEPTION WHEN
	DUP_VAL_ON_INDEX THEN
		NULL;
END;
/
BEGIN
	INSERT INTO CSR.EST_SPACE_TYPE_ATTR (EST_SPACE_TYPE, ATTR_NAME, IS_MANDATORY) VALUES ('other', 'totalGrossFloorArea', 1);
EXCEPTION WHEN
	DUP_VAL_ON_INDEX THEN
		NULL;
END;
/
BEGIN
	INSERT INTO CSR.EST_SPACE_TYPE_ATTR (EST_SPACE_TYPE, ATTR_NAME, IS_MANDATORY) VALUES ('other', 'weeklyOperatingHours', 0);
EXCEPTION WHEN
	DUP_VAL_ON_INDEX THEN
		NULL;
END;
/
BEGIN
	INSERT INTO CSR.EST_SPACE_TYPE_ATTR (EST_SPACE_TYPE, ATTR_NAME, IS_MANDATORY) VALUES ('other', 'numberOfComputers', 0);
EXCEPTION WHEN
	DUP_VAL_ON_INDEX THEN
		NULL;
END;
/
BEGIN
	INSERT INTO CSR.EST_SPACE_TYPE_ATTR (EST_SPACE_TYPE, ATTR_NAME, IS_MANDATORY) VALUES ('other', 'numberOfWorkers', 0);
EXCEPTION WHEN
	DUP_VAL_ON_INDEX THEN
		NULL;
END;
/

BEGIN
	INSERT INTO CSR.EST_METER_TYPE (METER_TYPE) VALUES ('Alternative Water Generated On-Site - Indoor');
EXCEPTION WHEN
	DUP_VAL_ON_INDEX THEN
		NULL;
END;
/
BEGIN
	INSERT INTO CSR.EST_METER_TYPE (METER_TYPE) VALUES ('Alternative Water Generated On-Site - Mixed Indoor/Outdoor');
EXCEPTION WHEN
	DUP_VAL_ON_INDEX THEN
		NULL;
END;
/
BEGIN
	INSERT INTO CSR.EST_METER_TYPE (METER_TYPE) VALUES ('Alternative Water Generated On-Site - Outdoor');
EXCEPTION WHEN
	DUP_VAL_ON_INDEX THEN
		NULL;
END;
/
BEGIN
	INSERT INTO CSR.EST_METER_TYPE (METER_TYPE) VALUES ('Average Influent Flow');
EXCEPTION WHEN
	DUP_VAL_ON_INDEX THEN
		NULL;
END;
/
BEGIN
	INSERT INTO CSR.EST_METER_TYPE (METER_TYPE) VALUES ('Coal Anthracite');
EXCEPTION WHEN
	DUP_VAL_ON_INDEX THEN
		NULL;
END;
/
BEGIN
	INSERT INTO CSR.EST_METER_TYPE (METER_TYPE) VALUES ('Coal Bituminous');
EXCEPTION WHEN
	DUP_VAL_ON_INDEX THEN
		NULL;
END;
/
BEGIN
	INSERT INTO CSR.EST_METER_TYPE (METER_TYPE) VALUES ('Coke');
EXCEPTION WHEN
	DUP_VAL_ON_INDEX THEN
		NULL;
END;
/
BEGIN
	INSERT INTO CSR.EST_METER_TYPE (METER_TYPE) VALUES ('Diesel');
EXCEPTION WHEN
	DUP_VAL_ON_INDEX THEN
		NULL;
END;
/
BEGIN
	INSERT INTO CSR.EST_METER_TYPE (METER_TYPE) VALUES ('District Chilled Water - Absorption Chiller using Natural Gas');
EXCEPTION WHEN
	DUP_VAL_ON_INDEX THEN
		NULL;
END;
/
BEGIN
	INSERT INTO CSR.EST_METER_TYPE (METER_TYPE) VALUES ('District Chilled Water - Electric-Driven Chiller');
EXCEPTION WHEN
	DUP_VAL_ON_INDEX THEN
		NULL;
END;
/
BEGIN
	INSERT INTO CSR.EST_METER_TYPE (METER_TYPE) VALUES ('District Chilled Water - Engine-Driven Chiller using Natural Gas');
EXCEPTION WHEN
	DUP_VAL_ON_INDEX THEN
		NULL;
END;
/
BEGIN
	INSERT INTO CSR.EST_METER_TYPE (METER_TYPE) VALUES ('District Chilled Water - Other');
EXCEPTION WHEN
	DUP_VAL_ON_INDEX THEN
		NULL;
END;
/
BEGIN
	INSERT INTO CSR.EST_METER_TYPE (METER_TYPE) VALUES ('District Hot Water');
EXCEPTION WHEN
	DUP_VAL_ON_INDEX THEN
		NULL;
END;
/
BEGIN
	INSERT INTO CSR.EST_METER_TYPE (METER_TYPE) VALUES ('District Steam');
EXCEPTION WHEN
	DUP_VAL_ON_INDEX THEN
		NULL;
END;
/
BEGIN
	INSERT INTO CSR.EST_METER_TYPE (METER_TYPE) VALUES ('Electric');
EXCEPTION WHEN
	DUP_VAL_ON_INDEX THEN
		NULL;
END;
/
BEGIN
	INSERT INTO CSR.EST_METER_TYPE (METER_TYPE) VALUES ('Electric on Site Solar');
EXCEPTION WHEN
	DUP_VAL_ON_INDEX THEN
		NULL;
END;
/
BEGIN
	INSERT INTO CSR.EST_METER_TYPE (METER_TYPE) VALUES ('Electric on Site Wind');
EXCEPTION WHEN
	DUP_VAL_ON_INDEX THEN
		NULL;
END;
/
BEGIN
	INSERT INTO CSR.EST_METER_TYPE (METER_TYPE) VALUES ('Fuel Oil No 1');
EXCEPTION WHEN
	DUP_VAL_ON_INDEX THEN
		NULL;
END;
/
BEGIN
	INSERT INTO CSR.EST_METER_TYPE (METER_TYPE) VALUES ('Fuel Oil No 2');
EXCEPTION WHEN
	DUP_VAL_ON_INDEX THEN
		NULL;
END;
/
BEGIN
	INSERT INTO CSR.EST_METER_TYPE (METER_TYPE) VALUES ('Fuel Oil No 4');
EXCEPTION WHEN
	DUP_VAL_ON_INDEX THEN
		NULL;
END;
/
BEGIN
	INSERT INTO CSR.EST_METER_TYPE (METER_TYPE) VALUES ('Fuel Oil No 5 or 6');
EXCEPTION WHEN
	DUP_VAL_ON_INDEX THEN
		NULL;
END;
/
BEGIN
	INSERT INTO CSR.EST_METER_TYPE (METER_TYPE) VALUES ('IT Equipment Input Energy (meters on each piece of equipment)');
EXCEPTION WHEN
	DUP_VAL_ON_INDEX THEN
		NULL;
END;
/
BEGIN
	INSERT INTO CSR.EST_METER_TYPE (METER_TYPE) VALUES ('Kerosene');
EXCEPTION WHEN
	DUP_VAL_ON_INDEX THEN
		NULL;
END;
/
BEGIN
	INSERT INTO CSR.EST_METER_TYPE (METER_TYPE) VALUES ('Municipally Supplied Potable Water - Indoor');
EXCEPTION WHEN
	DUP_VAL_ON_INDEX THEN
		NULL;
END;
/
BEGIN
	INSERT INTO CSR.EST_METER_TYPE (METER_TYPE) VALUES ('Municipally Supplied Potable Water - Mixed Indoor/Outdoor');
EXCEPTION WHEN
	DUP_VAL_ON_INDEX THEN
		NULL;
END;
/
BEGIN
	INSERT INTO CSR.EST_METER_TYPE (METER_TYPE) VALUES ('Municipally Supplied Potable Water - Outdoor');
EXCEPTION WHEN
	DUP_VAL_ON_INDEX THEN
		NULL;
END;
/
BEGIN
	INSERT INTO CSR.EST_METER_TYPE (METER_TYPE) VALUES ('Municipally Supplied Reclaimed Water - Indoor');
EXCEPTION WHEN
	DUP_VAL_ON_INDEX THEN
		NULL;
END;
/
BEGIN
	INSERT INTO CSR.EST_METER_TYPE (METER_TYPE) VALUES ('Municipally Supplied Reclaimed Water - Mixed Indoor/Outdoor');
EXCEPTION WHEN
	DUP_VAL_ON_INDEX THEN
		NULL;
END;
/
BEGIN
	INSERT INTO CSR.EST_METER_TYPE (METER_TYPE) VALUES ('Municipally Supplied Reclaimed Water - Outdoor');
EXCEPTION WHEN
	DUP_VAL_ON_INDEX THEN
		NULL;
END;
/
BEGIN
	INSERT INTO CSR.EST_METER_TYPE (METER_TYPE) VALUES ('Natural Gas');
EXCEPTION WHEN
	DUP_VAL_ON_INDEX THEN
		NULL;
END;
/
BEGIN
	INSERT INTO CSR.EST_METER_TYPE (METER_TYPE) VALUES ('Other (Energy)');
EXCEPTION WHEN
	DUP_VAL_ON_INDEX THEN
		NULL;
END;
/
BEGIN
	INSERT INTO CSR.EST_METER_TYPE (METER_TYPE) VALUES ('Other - Indoor');
EXCEPTION WHEN
	DUP_VAL_ON_INDEX THEN
		NULL;
END;
/
BEGIN
	INSERT INTO CSR.EST_METER_TYPE (METER_TYPE) VALUES ('Other - Mixed Indoor/Outdoor (Water)');
EXCEPTION WHEN
	DUP_VAL_ON_INDEX THEN
		NULL;
END;
/
BEGIN
	INSERT INTO CSR.EST_METER_TYPE (METER_TYPE) VALUES ('Other - Outdoor');
EXCEPTION WHEN
	DUP_VAL_ON_INDEX THEN
		NULL;
END;
/
BEGIN
	INSERT INTO CSR.EST_METER_TYPE (METER_TYPE) VALUES ('Power Distribution Unit (PDU) Input Energy');
EXCEPTION WHEN
	DUP_VAL_ON_INDEX THEN
		NULL;
END;
/
BEGIN
	INSERT INTO CSR.EST_METER_TYPE (METER_TYPE) VALUES ('Power Distribution Unit (PDU) Output Energy');
EXCEPTION WHEN
	DUP_VAL_ON_INDEX THEN
		NULL;
END;
/
BEGIN
	INSERT INTO CSR.EST_METER_TYPE (METER_TYPE) VALUES ('Propane');
EXCEPTION WHEN
	DUP_VAL_ON_INDEX THEN
		NULL;
END;
/
BEGIN
	INSERT INTO CSR.EST_METER_TYPE (METER_TYPE) VALUES ('Uninterruptible Power Supply (UPS) Output Energy');
EXCEPTION WHEN
	DUP_VAL_ON_INDEX THEN
		NULL;
END;
/
BEGIN
	INSERT INTO CSR.EST_METER_TYPE (METER_TYPE) VALUES ('Wood');
EXCEPTION WHEN
	DUP_VAL_ON_INDEX THEN
		NULL;
END;
/

BEGIN
	INSERT INTO CSR.EST_METER_CONV (METER_TYPE, UOM) VALUES ('Coke', 'GJ');
EXCEPTION WHEN
	DUP_VAL_ON_INDEX THEN
		NULL;
END;
/
BEGIN
	INSERT INTO CSR.EST_METER_CONV (METER_TYPE, UOM) VALUES ('Coke', 'KLbs. (thousand pounds)');
EXCEPTION WHEN
	DUP_VAL_ON_INDEX THEN
		NULL;
END;
/
BEGIN
	INSERT INTO CSR.EST_METER_CONV (METER_TYPE, UOM) VALUES ('Coke', 'MBtu (million Btu)');
EXCEPTION WHEN
	DUP_VAL_ON_INDEX THEN
		NULL;
END;
/
BEGIN
	INSERT INTO CSR.EST_METER_CONV (METER_TYPE, UOM) VALUES ('Coke', 'MLbs. (million pounds)');
EXCEPTION WHEN
	DUP_VAL_ON_INDEX THEN
		NULL;
END;
/
BEGIN
	INSERT INTO CSR.EST_METER_CONV (METER_TYPE, UOM) VALUES ('Coke', 'Tonnes (metric)');
EXCEPTION WHEN
	DUP_VAL_ON_INDEX THEN
		NULL;
END;
/
BEGIN
	INSERT INTO CSR.EST_METER_CONV (METER_TYPE, UOM) VALUES ('Coke', 'kBtu (thousand Btu)');
EXCEPTION WHEN
	DUP_VAL_ON_INDEX THEN
		NULL;
END;
/
BEGIN
	INSERT INTO CSR.EST_METER_CONV (METER_TYPE, UOM) VALUES ('Coke', 'pounds');
EXCEPTION WHEN
	DUP_VAL_ON_INDEX THEN
		NULL;
END;
/
BEGIN
	INSERT INTO CSR.EST_METER_CONV (METER_TYPE, UOM) VALUES ('Coke', 'tons');
EXCEPTION WHEN
	DUP_VAL_ON_INDEX THEN
		NULL;
END;
/
BEGIN
	INSERT INTO CSR.EST_METER_CONV (METER_TYPE, UOM) VALUES ('Diesel', 'GJ');
EXCEPTION WHEN
	DUP_VAL_ON_INDEX THEN
		NULL;
END;
/
BEGIN
	INSERT INTO CSR.EST_METER_CONV (METER_TYPE, UOM) VALUES ('Diesel', 'Gallons (UK)');
EXCEPTION WHEN
	DUP_VAL_ON_INDEX THEN
		NULL;
END;
/
BEGIN
	INSERT INTO CSR.EST_METER_CONV (METER_TYPE, UOM) VALUES ('Diesel', 'Gallons (US)');
EXCEPTION WHEN
	DUP_VAL_ON_INDEX THEN
		NULL;
END;
/
BEGIN
	INSERT INTO CSR.EST_METER_CONV (METER_TYPE, UOM) VALUES ('Diesel', 'Liters');
EXCEPTION WHEN
	DUP_VAL_ON_INDEX THEN
		NULL;
END;
/
BEGIN
	INSERT INTO CSR.EST_METER_CONV (METER_TYPE, UOM) VALUES ('Diesel', 'MBtu (million Btu)');
EXCEPTION WHEN
	DUP_VAL_ON_INDEX THEN
		NULL;
END;
/
BEGIN
	INSERT INTO CSR.EST_METER_CONV (METER_TYPE, UOM) VALUES ('Diesel', 'kBtu (thousand Btu)');
EXCEPTION WHEN
	DUP_VAL_ON_INDEX THEN
		NULL;
END;
/
BEGIN
	INSERT INTO CSR.EST_METER_CONV (METER_TYPE, UOM) VALUES ('District Chilled Water - Absorption Chiller using Natural Gas', 'GJ');
EXCEPTION WHEN
	DUP_VAL_ON_INDEX THEN
		NULL;
END;
/
BEGIN
	INSERT INTO CSR.EST_METER_CONV (METER_TYPE, UOM) VALUES ('District Chilled Water - Absorption Chiller using Natural Gas', 'MBtu (million Btu)');
EXCEPTION WHEN
	DUP_VAL_ON_INDEX THEN
		NULL;
END;
/
BEGIN
	INSERT INTO CSR.EST_METER_CONV (METER_TYPE, UOM) VALUES ('District Chilled Water - Absorption Chiller using Natural Gas', 'kBtu (thousand Btu)');
EXCEPTION WHEN
	DUP_VAL_ON_INDEX THEN
		NULL;
END;
/
BEGIN
	INSERT INTO CSR.EST_METER_CONV (METER_TYPE, UOM) VALUES ('District Chilled Water - Absorption Chiller using Natural Gas', 'ton hours');
EXCEPTION WHEN
	DUP_VAL_ON_INDEX THEN
		NULL;
END;
/
BEGIN
	INSERT INTO CSR.EST_METER_CONV (METER_TYPE, UOM) VALUES ('District Chilled Water - Electric-Driven Chiller', 'GJ');
EXCEPTION WHEN
	DUP_VAL_ON_INDEX THEN
		NULL;
END;
/
BEGIN
	INSERT INTO CSR.EST_METER_CONV (METER_TYPE, UOM) VALUES ('District Chilled Water - Electric-Driven Chiller', 'MBtu (million Btu)');
EXCEPTION WHEN
	DUP_VAL_ON_INDEX THEN
		NULL;
END;
/
BEGIN
	INSERT INTO CSR.EST_METER_CONV (METER_TYPE, UOM) VALUES ('District Chilled Water - Electric-Driven Chiller', 'kBtu (thousand Btu)');
EXCEPTION WHEN
	DUP_VAL_ON_INDEX THEN
		NULL;
END;
/
BEGIN
	INSERT INTO CSR.EST_METER_CONV (METER_TYPE, UOM) VALUES ('District Chilled Water - Electric-Driven Chiller', 'ton hours');
EXCEPTION WHEN
	DUP_VAL_ON_INDEX THEN
		NULL;
END;
/
BEGIN
	INSERT INTO CSR.EST_METER_CONV (METER_TYPE, UOM) VALUES ('District Chilled Water - Engine-Driven Chiller using Natural Gas', 'GJ');
EXCEPTION WHEN
	DUP_VAL_ON_INDEX THEN
		NULL;
END;
/
BEGIN
	INSERT INTO CSR.EST_METER_CONV (METER_TYPE, UOM) VALUES ('District Chilled Water - Engine-Driven Chiller using Natural Gas', 'MBtu (million Btu)');
EXCEPTION WHEN
	DUP_VAL_ON_INDEX THEN
		NULL;
END;
/
BEGIN
	INSERT INTO CSR.EST_METER_CONV (METER_TYPE, UOM) VALUES ('District Chilled Water - Engine-Driven Chiller using Natural Gas', 'kBtu (thousand Btu)');
EXCEPTION WHEN
	DUP_VAL_ON_INDEX THEN
		NULL;
END;
/
BEGIN
	INSERT INTO CSR.EST_METER_CONV (METER_TYPE, UOM) VALUES ('District Chilled Water - Engine-Driven Chiller using Natural Gas', 'ton hours');
EXCEPTION WHEN
	DUP_VAL_ON_INDEX THEN
		NULL;
END;
/
BEGIN
	INSERT INTO CSR.EST_METER_CONV (METER_TYPE, UOM) VALUES ('District Chilled Water - Other', 'GJ');
EXCEPTION WHEN
	DUP_VAL_ON_INDEX THEN
		NULL;
END;
/
BEGIN
	INSERT INTO CSR.EST_METER_CONV (METER_TYPE, UOM) VALUES ('District Chilled Water - Other', 'MBtu (million Btu)');
EXCEPTION WHEN
	DUP_VAL_ON_INDEX THEN
		NULL;
END;
/
BEGIN
	INSERT INTO CSR.EST_METER_CONV (METER_TYPE, UOM) VALUES ('District Chilled Water - Other', 'kBtu (thousand Btu)');
EXCEPTION WHEN
	DUP_VAL_ON_INDEX THEN
		NULL;
END;
/
BEGIN
	INSERT INTO CSR.EST_METER_CONV (METER_TYPE, UOM) VALUES ('District Chilled Water - Other', 'ton hours');
EXCEPTION WHEN
	DUP_VAL_ON_INDEX THEN
		NULL;
END;
/
BEGIN
	INSERT INTO CSR.EST_METER_CONV (METER_TYPE, UOM) VALUES ('District Hot Water', 'GJ');
EXCEPTION WHEN
	DUP_VAL_ON_INDEX THEN
		NULL;
END;
/
BEGIN
	INSERT INTO CSR.EST_METER_CONV (METER_TYPE, UOM) VALUES ('District Hot Water', 'MBtu (million Btu)');
EXCEPTION WHEN
	DUP_VAL_ON_INDEX THEN
		NULL;
END;
/
BEGIN
	INSERT INTO CSR.EST_METER_CONV (METER_TYPE, UOM) VALUES ('District Hot Water', 'kBtu (thousand Btu)');
EXCEPTION WHEN
	DUP_VAL_ON_INDEX THEN
		NULL;
END;
/
BEGIN
	INSERT INTO CSR.EST_METER_CONV (METER_TYPE, UOM) VALUES ('District Hot Water', 'therms');
EXCEPTION WHEN
	DUP_VAL_ON_INDEX THEN
		NULL;
END;
/
BEGIN
	INSERT INTO CSR.EST_METER_CONV (METER_TYPE, UOM) VALUES ('District Steam', 'GJ');
EXCEPTION WHEN
	DUP_VAL_ON_INDEX THEN
		NULL;
END;
/
BEGIN
	INSERT INTO CSR.EST_METER_CONV (METER_TYPE, UOM) VALUES ('District Steam', 'KLbs. (thousand pounds)');
EXCEPTION WHEN
	DUP_VAL_ON_INDEX THEN
		NULL;
END;
/
BEGIN
	INSERT INTO CSR.EST_METER_CONV (METER_TYPE, UOM) VALUES ('District Steam', 'MBtu (million Btu)');
EXCEPTION WHEN
	DUP_VAL_ON_INDEX THEN
		NULL;
END;
/
BEGIN
	INSERT INTO CSR.EST_METER_CONV (METER_TYPE, UOM) VALUES ('District Steam', 'MLbs. (million pounds)');
EXCEPTION WHEN
	DUP_VAL_ON_INDEX THEN
		NULL;
END;
/
BEGIN
	INSERT INTO CSR.EST_METER_CONV (METER_TYPE, UOM) VALUES ('District Steam', 'kBtu (thousand Btu)');
EXCEPTION WHEN
	DUP_VAL_ON_INDEX THEN
		NULL;
END;
/
BEGIN
	INSERT INTO CSR.EST_METER_CONV (METER_TYPE, UOM) VALUES ('District Steam', 'kg');
EXCEPTION WHEN
	DUP_VAL_ON_INDEX THEN
		NULL;
END;
/
BEGIN
	INSERT INTO CSR.EST_METER_CONV (METER_TYPE, UOM) VALUES ('District Steam', 'pounds');
EXCEPTION WHEN
	DUP_VAL_ON_INDEX THEN
		NULL;
END;
/
BEGIN
	INSERT INTO CSR.EST_METER_CONV (METER_TYPE, UOM) VALUES ('District Steam', 'therms');
EXCEPTION WHEN
	DUP_VAL_ON_INDEX THEN
		NULL;
END;
/
BEGIN
	INSERT INTO CSR.EST_METER_CONV (METER_TYPE, UOM) VALUES ('Electric', 'GJ');
EXCEPTION WHEN
	DUP_VAL_ON_INDEX THEN
		NULL;
END;
/
BEGIN
	INSERT INTO CSR.EST_METER_CONV (METER_TYPE, UOM) VALUES ('Electric', 'MBtu (million Btu)');
EXCEPTION WHEN
	DUP_VAL_ON_INDEX THEN
		NULL;
END;
/
BEGIN
	INSERT INTO CSR.EST_METER_CONV (METER_TYPE, UOM) VALUES ('Electric', 'MWh (million Watt-hours)');
EXCEPTION WHEN
	DUP_VAL_ON_INDEX THEN
		NULL;
END;
/
BEGIN
	INSERT INTO CSR.EST_METER_CONV (METER_TYPE, UOM) VALUES ('Electric', 'kBtu (thousand Btu)');
EXCEPTION WHEN
	DUP_VAL_ON_INDEX THEN
		NULL;
END;
/
BEGIN
	INSERT INTO CSR.EST_METER_CONV (METER_TYPE, UOM) VALUES ('Electric', 'kWh (thousand Watt-hours)');
EXCEPTION WHEN
	DUP_VAL_ON_INDEX THEN
		NULL;
END;
/
BEGIN
	INSERT INTO CSR.EST_METER_CONV (METER_TYPE, UOM) VALUES ('Electric on Site Solar', 'GJ');
EXCEPTION WHEN
	DUP_VAL_ON_INDEX THEN
		NULL;
END;
/
BEGIN
	INSERT INTO CSR.EST_METER_CONV (METER_TYPE, UOM) VALUES ('Electric on Site Solar', 'MBtu (million Btu)');
EXCEPTION WHEN
	DUP_VAL_ON_INDEX THEN
		NULL;
END;
/
BEGIN
	INSERT INTO CSR.EST_METER_CONV (METER_TYPE, UOM) VALUES ('Electric on Site Solar', 'MWh (million Watt-hours)');
EXCEPTION WHEN
	DUP_VAL_ON_INDEX THEN
		NULL;
END;
/
BEGIN
	INSERT INTO CSR.EST_METER_CONV (METER_TYPE, UOM) VALUES ('Electric on Site Solar', 'kBtu (thousand Btu)');
EXCEPTION WHEN
	DUP_VAL_ON_INDEX THEN
		NULL;
END;
/
BEGIN
	INSERT INTO CSR.EST_METER_CONV (METER_TYPE, UOM) VALUES ('Electric on Site Solar', 'kWh (thousand Watt-hours)');
EXCEPTION WHEN
	DUP_VAL_ON_INDEX THEN
		NULL;
END;
/
BEGIN
	INSERT INTO CSR.EST_METER_CONV (METER_TYPE, UOM) VALUES ('Electric on Site Wind', 'GJ');
EXCEPTION WHEN
	DUP_VAL_ON_INDEX THEN
		NULL;
END;
/
BEGIN
	INSERT INTO CSR.EST_METER_CONV (METER_TYPE, UOM) VALUES ('Electric on Site Wind', 'MBtu (million Btu)');
EXCEPTION WHEN
	DUP_VAL_ON_INDEX THEN
		NULL;
END;
/
BEGIN
	INSERT INTO CSR.EST_METER_CONV (METER_TYPE, UOM) VALUES ('Electric on Site Wind', 'MWh (million Watt-hours)');
EXCEPTION WHEN
	DUP_VAL_ON_INDEX THEN
		NULL;
END;
/
BEGIN
	INSERT INTO CSR.EST_METER_CONV (METER_TYPE, UOM) VALUES ('Electric on Site Wind', 'kBtu (thousand Btu)');
EXCEPTION WHEN
	DUP_VAL_ON_INDEX THEN
		NULL;
END;
/
BEGIN
	INSERT INTO CSR.EST_METER_CONV (METER_TYPE, UOM) VALUES ('Electric on Site Wind', 'kWh (thousand Watt-hours)');
EXCEPTION WHEN
	DUP_VAL_ON_INDEX THEN
		NULL;
END;
/
BEGIN
	INSERT INTO CSR.EST_METER_CONV (METER_TYPE, UOM) VALUES ('Fuel Oil No 1', 'GJ');
EXCEPTION WHEN
	DUP_VAL_ON_INDEX THEN
		NULL;
END;
/
BEGIN
	INSERT INTO CSR.EST_METER_CONV (METER_TYPE, UOM) VALUES ('Fuel Oil No 1', 'Gallons (UK)');
EXCEPTION WHEN
	DUP_VAL_ON_INDEX THEN
		NULL;
END;
/
BEGIN
	INSERT INTO CSR.EST_METER_CONV (METER_TYPE, UOM) VALUES ('Fuel Oil No 1', 'Gallons (US)');
EXCEPTION WHEN
	DUP_VAL_ON_INDEX THEN
		NULL;
END;
/
BEGIN
	INSERT INTO CSR.EST_METER_CONV (METER_TYPE, UOM) VALUES ('Fuel Oil No 1', 'Liters');
EXCEPTION WHEN
	DUP_VAL_ON_INDEX THEN
		NULL;
END;
/
BEGIN
	INSERT INTO CSR.EST_METER_CONV (METER_TYPE, UOM) VALUES ('Fuel Oil No 1', 'MBtu (million Btu)');
EXCEPTION WHEN
	DUP_VAL_ON_INDEX THEN
		NULL;
END;
/
BEGIN
	INSERT INTO CSR.EST_METER_CONV (METER_TYPE, UOM) VALUES ('Fuel Oil No 1', 'kBtu (thousand Btu)');
EXCEPTION WHEN
	DUP_VAL_ON_INDEX THEN
		NULL;
END;
/
BEGIN
	INSERT INTO CSR.EST_METER_CONV (METER_TYPE, UOM) VALUES ('Fuel Oil No 2', 'GJ');
EXCEPTION WHEN
	DUP_VAL_ON_INDEX THEN
		NULL;
END;
/
BEGIN
	INSERT INTO CSR.EST_METER_CONV (METER_TYPE, UOM) VALUES ('Fuel Oil No 2', 'Gallons (UK)');
EXCEPTION WHEN
	DUP_VAL_ON_INDEX THEN
		NULL;
END;
/
BEGIN
	INSERT INTO CSR.EST_METER_CONV (METER_TYPE, UOM) VALUES ('Fuel Oil No 2', 'Gallons (US)');
EXCEPTION WHEN
	DUP_VAL_ON_INDEX THEN
		NULL;
END;
/
BEGIN
	INSERT INTO CSR.EST_METER_CONV (METER_TYPE, UOM) VALUES ('Fuel Oil No 2', 'Liters');
EXCEPTION WHEN
	DUP_VAL_ON_INDEX THEN
		NULL;
END;
/
BEGIN
	INSERT INTO CSR.EST_METER_CONV (METER_TYPE, UOM) VALUES ('Fuel Oil No 2', 'MBtu (million Btu)');
EXCEPTION WHEN
	DUP_VAL_ON_INDEX THEN
		NULL;
END;
/
BEGIN
	INSERT INTO CSR.EST_METER_CONV (METER_TYPE, UOM) VALUES ('Fuel Oil No 2', 'kBtu (thousand Btu)');
EXCEPTION WHEN
	DUP_VAL_ON_INDEX THEN
		NULL;
END;
/
BEGIN
	INSERT INTO CSR.EST_METER_CONV (METER_TYPE, UOM) VALUES ('Fuel Oil No 4', 'GJ');
EXCEPTION WHEN
	DUP_VAL_ON_INDEX THEN
		NULL;
END;
/
BEGIN
	INSERT INTO CSR.EST_METER_CONV (METER_TYPE, UOM) VALUES ('Fuel Oil No 4', 'Gallons (UK)');
EXCEPTION WHEN
	DUP_VAL_ON_INDEX THEN
		NULL;
END;
/
BEGIN
	INSERT INTO CSR.EST_METER_CONV (METER_TYPE, UOM) VALUES ('Fuel Oil No 4', 'Gallons (US)');
EXCEPTION WHEN
	DUP_VAL_ON_INDEX THEN
		NULL;
END;
/
BEGIN
	INSERT INTO CSR.EST_METER_CONV (METER_TYPE, UOM) VALUES ('Fuel Oil No 4', 'Liters');
EXCEPTION WHEN
	DUP_VAL_ON_INDEX THEN
		NULL;
END;
/
BEGIN
	INSERT INTO CSR.EST_METER_CONV (METER_TYPE, UOM) VALUES ('Fuel Oil No 4', 'MBtu (million Btu)');
EXCEPTION WHEN
	DUP_VAL_ON_INDEX THEN
		NULL;
END;
/
BEGIN
	INSERT INTO CSR.EST_METER_CONV (METER_TYPE, UOM) VALUES ('Fuel Oil No 4', 'kBtu (thousand Btu)');
EXCEPTION WHEN
	DUP_VAL_ON_INDEX THEN
		NULL;
END;
/
BEGIN
	INSERT INTO CSR.EST_METER_CONV (METER_TYPE, UOM) VALUES ('Fuel Oil No 5 or 6', 'GJ');
EXCEPTION WHEN
	DUP_VAL_ON_INDEX THEN
		NULL;
END;
/
BEGIN
	INSERT INTO CSR.EST_METER_CONV (METER_TYPE, UOM) VALUES ('Fuel Oil No 5 or 6', 'Gallons (UK)');
EXCEPTION WHEN
	DUP_VAL_ON_INDEX THEN
		NULL;
END;
/
BEGIN
	INSERT INTO CSR.EST_METER_CONV (METER_TYPE, UOM) VALUES ('Fuel Oil No 5 or 6', 'Gallons (US)');
EXCEPTION WHEN
	DUP_VAL_ON_INDEX THEN
		NULL;
END;
/
BEGIN
	INSERT INTO CSR.EST_METER_CONV (METER_TYPE, UOM) VALUES ('Fuel Oil No 5 or 6', 'Liters');
EXCEPTION WHEN
	DUP_VAL_ON_INDEX THEN
		NULL;
END;
/
BEGIN
	INSERT INTO CSR.EST_METER_CONV (METER_TYPE, UOM) VALUES ('Fuel Oil No 5 or 6', 'MBtu (million Btu)');
EXCEPTION WHEN
	DUP_VAL_ON_INDEX THEN
		NULL;
END;
/
BEGIN
	INSERT INTO CSR.EST_METER_CONV (METER_TYPE, UOM) VALUES ('Fuel Oil No 5 or 6', 'kBtu (thousand Btu)');
EXCEPTION WHEN
	DUP_VAL_ON_INDEX THEN
		NULL;
END;
/
BEGIN
	INSERT INTO CSR.EST_METER_CONV (METER_TYPE, UOM) VALUES ('IT Equipment Input Energy (meters on each piece of equipment)', 'kWh (thousand Watt-hours)');
EXCEPTION WHEN
	DUP_VAL_ON_INDEX THEN
		NULL;
END;
/
BEGIN
	INSERT INTO CSR.EST_METER_CONV (METER_TYPE, UOM) VALUES ('Kerosene', 'GJ');
EXCEPTION WHEN
	DUP_VAL_ON_INDEX THEN
		NULL;
END;
/
BEGIN
	INSERT INTO CSR.EST_METER_CONV (METER_TYPE, UOM) VALUES ('Kerosene', 'Gallons (UK)');
EXCEPTION WHEN
	DUP_VAL_ON_INDEX THEN
		NULL;
END;
/
BEGIN
	INSERT INTO CSR.EST_METER_CONV (METER_TYPE, UOM) VALUES ('Kerosene', 'Gallons (US)');
EXCEPTION WHEN
	DUP_VAL_ON_INDEX THEN
		NULL;
END;
/
BEGIN
	INSERT INTO CSR.EST_METER_CONV (METER_TYPE, UOM) VALUES ('Kerosene', 'Liters');
EXCEPTION WHEN
	DUP_VAL_ON_INDEX THEN
		NULL;
END;
/
BEGIN
	INSERT INTO CSR.EST_METER_CONV (METER_TYPE, UOM) VALUES ('Kerosene', 'MBtu (million Btu)');
EXCEPTION WHEN
	DUP_VAL_ON_INDEX THEN
		NULL;
END;
/
BEGIN
	INSERT INTO CSR.EST_METER_CONV (METER_TYPE, UOM) VALUES ('Kerosene', 'kBtu (thousand Btu)');
EXCEPTION WHEN
	DUP_VAL_ON_INDEX THEN
		NULL;
END;
/
BEGIN
	INSERT INTO CSR.EST_METER_CONV (METER_TYPE, UOM) VALUES ('Municipally Supplied Potable Water - Indoor', 'Gallons (UK)');
EXCEPTION WHEN
	DUP_VAL_ON_INDEX THEN
		NULL;
END;
/
BEGIN
	INSERT INTO CSR.EST_METER_CONV (METER_TYPE, UOM) VALUES ('Municipally Supplied Potable Water - Indoor', 'Gallons (US)');
EXCEPTION WHEN
	DUP_VAL_ON_INDEX THEN
		NULL;
END;
/
BEGIN
	INSERT INTO CSR.EST_METER_CONV (METER_TYPE, UOM) VALUES ('Municipally Supplied Potable Water - Indoor', 'KGal (thousand gallons) (UK)');
EXCEPTION WHEN
	DUP_VAL_ON_INDEX THEN
		NULL;
END;
/
BEGIN
	INSERT INTO CSR.EST_METER_CONV (METER_TYPE, UOM) VALUES ('Municipally Supplied Potable Water - Indoor', 'KGal (thousand gallons) (US)');
EXCEPTION WHEN
	DUP_VAL_ON_INDEX THEN
		NULL;
END;
/
BEGIN
	INSERT INTO CSR.EST_METER_CONV (METER_TYPE, UOM) VALUES ('Municipally Supplied Potable Water - Indoor', 'Kcm (Thousand Cubic meters)');
EXCEPTION WHEN
	DUP_VAL_ON_INDEX THEN
		NULL;
END;
/
BEGIN
	INSERT INTO CSR.EST_METER_CONV (METER_TYPE, UOM) VALUES ('Municipally Supplied Potable Water - Indoor', 'Liters');
EXCEPTION WHEN
	DUP_VAL_ON_INDEX THEN
		NULL;
END;
/
BEGIN
	INSERT INTO CSR.EST_METER_CONV (METER_TYPE, UOM) VALUES ('Municipally Supplied Potable Water - Indoor', 'MCF(million cubic feet)');
EXCEPTION WHEN
	DUP_VAL_ON_INDEX THEN
		NULL;
END;
/
BEGIN
	INSERT INTO CSR.EST_METER_CONV (METER_TYPE, UOM) VALUES ('Municipally Supplied Potable Water - Indoor', 'MGal (million gallons) (UK)');
EXCEPTION WHEN
	DUP_VAL_ON_INDEX THEN
		NULL;
END;
/
BEGIN
	INSERT INTO CSR.EST_METER_CONV (METER_TYPE, UOM) VALUES ('Municipally Supplied Potable Water - Indoor', 'MGal (million gallons) (US)');
EXCEPTION WHEN
	DUP_VAL_ON_INDEX THEN
		NULL;
END;
/
BEGIN
	INSERT INTO CSR.EST_METER_CONV (METER_TYPE, UOM) VALUES ('Municipally Supplied Potable Water - Indoor', 'cGal (hundred gallons) (UK)');
EXCEPTION WHEN
	DUP_VAL_ON_INDEX THEN
		NULL;
END;
/
BEGIN
	INSERT INTO CSR.EST_METER_CONV (METER_TYPE, UOM) VALUES ('Municipally Supplied Potable Water - Indoor', 'cGal (hundred gallons) (US)');
EXCEPTION WHEN
	DUP_VAL_ON_INDEX THEN
		NULL;
END;
/
BEGIN
	INSERT INTO CSR.EST_METER_CONV (METER_TYPE, UOM) VALUES ('Municipally Supplied Potable Water - Indoor', 'ccf (hundred cubic feet)');
EXCEPTION WHEN
	DUP_VAL_ON_INDEX THEN
		NULL;
END;
/
BEGIN
	INSERT INTO CSR.EST_METER_CONV (METER_TYPE, UOM) VALUES ('Municipally Supplied Potable Water - Indoor', 'cf (cubic feet)');
EXCEPTION WHEN
	DUP_VAL_ON_INDEX THEN
		NULL;
END;
/
BEGIN
	INSERT INTO CSR.EST_METER_CONV (METER_TYPE, UOM) VALUES ('Municipally Supplied Potable Water - Indoor', 'cm (Cubic meters)');
EXCEPTION WHEN
	DUP_VAL_ON_INDEX THEN
		NULL;
END;
/
BEGIN
	INSERT INTO CSR.EST_METER_CONV (METER_TYPE, UOM) VALUES ('Municipally Supplied Potable Water - Indoor', 'kcf (thousand cubic feet)');
EXCEPTION WHEN
	DUP_VAL_ON_INDEX THEN
		NULL;
END;
/
BEGIN
	INSERT INTO CSR.EST_METER_CONV (METER_TYPE, UOM) VALUES ('Municipally Supplied Potable Water - Mixed Indoor/Outdoor', 'Gallons (UK)');
EXCEPTION WHEN
	DUP_VAL_ON_INDEX THEN
		NULL;
END;
/
BEGIN
	INSERT INTO CSR.EST_METER_CONV (METER_TYPE, UOM) VALUES ('Municipally Supplied Potable Water - Mixed Indoor/Outdoor', 'Gallons (US)');
EXCEPTION WHEN
	DUP_VAL_ON_INDEX THEN
		NULL;
END;
/
BEGIN
	INSERT INTO CSR.EST_METER_CONV (METER_TYPE, UOM) VALUES ('Municipally Supplied Potable Water - Mixed Indoor/Outdoor', 'KGal (thousand gallons) (UK)');
EXCEPTION WHEN
	DUP_VAL_ON_INDEX THEN
		NULL;
END;
/
BEGIN
	INSERT INTO CSR.EST_METER_CONV (METER_TYPE, UOM) VALUES ('Municipally Supplied Potable Water - Mixed Indoor/Outdoor', 'KGal (thousand gallons) (US)');
EXCEPTION WHEN
	DUP_VAL_ON_INDEX THEN
		NULL;
END;
/
BEGIN
	INSERT INTO CSR.EST_METER_CONV (METER_TYPE, UOM) VALUES ('Municipally Supplied Potable Water - Mixed Indoor/Outdoor', 'Kcm (Thousand Cubic meters)');
EXCEPTION WHEN
	DUP_VAL_ON_INDEX THEN
		NULL;
END;
/
BEGIN
	INSERT INTO CSR.EST_METER_CONV (METER_TYPE, UOM) VALUES ('Municipally Supplied Potable Water - Mixed Indoor/Outdoor', 'Liters');
EXCEPTION WHEN
	DUP_VAL_ON_INDEX THEN
		NULL;
END;
/
BEGIN
	INSERT INTO CSR.EST_METER_CONV (METER_TYPE, UOM) VALUES ('Municipally Supplied Potable Water - Mixed Indoor/Outdoor', 'MCF(million cubic feet)');
EXCEPTION WHEN
	DUP_VAL_ON_INDEX THEN
		NULL;
END;
/
BEGIN
	INSERT INTO CSR.EST_METER_CONV (METER_TYPE, UOM) VALUES ('Municipally Supplied Potable Water - Mixed Indoor/Outdoor', 'MGal (million gallons) (UK)');
EXCEPTION WHEN
	DUP_VAL_ON_INDEX THEN
		NULL;
END;
/
BEGIN
	INSERT INTO CSR.EST_METER_CONV (METER_TYPE, UOM) VALUES ('Municipally Supplied Potable Water - Mixed Indoor/Outdoor', 'MGal (million gallons) (US)');
EXCEPTION WHEN
	DUP_VAL_ON_INDEX THEN
		NULL;
END;
/
BEGIN
	INSERT INTO CSR.EST_METER_CONV (METER_TYPE, UOM) VALUES ('Municipally Supplied Potable Water - Mixed Indoor/Outdoor', 'cGal (hundred gallons) (UK)');
EXCEPTION WHEN
	DUP_VAL_ON_INDEX THEN
		NULL;
END;
/
BEGIN
	INSERT INTO CSR.EST_METER_CONV (METER_TYPE, UOM) VALUES ('Municipally Supplied Potable Water - Mixed Indoor/Outdoor', 'cGal (hundred gallons) (US)');
EXCEPTION WHEN
	DUP_VAL_ON_INDEX THEN
		NULL;
END;
/
BEGIN
	INSERT INTO CSR.EST_METER_CONV (METER_TYPE, UOM) VALUES ('Municipally Supplied Potable Water - Mixed Indoor/Outdoor', 'ccf (hundred cubic feet)');
EXCEPTION WHEN
	DUP_VAL_ON_INDEX THEN
		NULL;
END;
/
BEGIN
	INSERT INTO CSR.EST_METER_CONV (METER_TYPE, UOM) VALUES ('Municipally Supplied Potable Water - Mixed Indoor/Outdoor', 'cf (cubic feet)');
EXCEPTION WHEN
	DUP_VAL_ON_INDEX THEN
		NULL;
END;
/
BEGIN
	INSERT INTO CSR.EST_METER_CONV (METER_TYPE, UOM) VALUES ('Municipally Supplied Potable Water - Mixed Indoor/Outdoor', 'cm (Cubic meters)');
EXCEPTION WHEN
	DUP_VAL_ON_INDEX THEN
		NULL;
END;
/
BEGIN
	INSERT INTO CSR.EST_METER_CONV (METER_TYPE, UOM) VALUES ('Municipally Supplied Potable Water - Mixed Indoor/Outdoor', 'kcf (thousand cubic feet)');
EXCEPTION WHEN
	DUP_VAL_ON_INDEX THEN
		NULL;
END;
/
BEGIN
	INSERT INTO CSR.EST_METER_CONV (METER_TYPE, UOM) VALUES ('Municipally Supplied Potable Water - Outdoor', 'Gallons (UK)');
EXCEPTION WHEN
	DUP_VAL_ON_INDEX THEN
		NULL;
END;
/
BEGIN
	INSERT INTO CSR.EST_METER_CONV (METER_TYPE, UOM) VALUES ('Municipally Supplied Potable Water - Outdoor', 'Gallons (US)');
EXCEPTION WHEN
	DUP_VAL_ON_INDEX THEN
		NULL;
END;
/
BEGIN
	INSERT INTO CSR.EST_METER_CONV (METER_TYPE, UOM) VALUES ('Municipally Supplied Potable Water - Outdoor', 'KGal (thousand gallons) (UK)');
EXCEPTION WHEN
	DUP_VAL_ON_INDEX THEN
		NULL;
END;
/
BEGIN
	INSERT INTO CSR.EST_METER_CONV (METER_TYPE, UOM) VALUES ('Municipally Supplied Potable Water - Outdoor', 'KGal (thousand gallons) (US)');
EXCEPTION WHEN
	DUP_VAL_ON_INDEX THEN
		NULL;
END;
/
BEGIN
	INSERT INTO CSR.EST_METER_CONV (METER_TYPE, UOM) VALUES ('Municipally Supplied Potable Water - Outdoor', 'Kcm (Thousand Cubic meters)');
EXCEPTION WHEN
	DUP_VAL_ON_INDEX THEN
		NULL;
END;
/
BEGIN
	INSERT INTO CSR.EST_METER_CONV (METER_TYPE, UOM) VALUES ('Municipally Supplied Potable Water - Outdoor', 'Liters');
EXCEPTION WHEN
	DUP_VAL_ON_INDEX THEN
		NULL;
END;
/
BEGIN
	INSERT INTO CSR.EST_METER_CONV (METER_TYPE, UOM) VALUES ('Municipally Supplied Potable Water - Outdoor', 'MCF(million cubic feet)');
EXCEPTION WHEN
	DUP_VAL_ON_INDEX THEN
		NULL;
END;
/
BEGIN
	INSERT INTO CSR.EST_METER_CONV (METER_TYPE, UOM) VALUES ('Municipally Supplied Potable Water - Outdoor', 'MGal (million gallons) (UK)');
EXCEPTION WHEN
	DUP_VAL_ON_INDEX THEN
		NULL;
END;
/
BEGIN
	INSERT INTO CSR.EST_METER_CONV (METER_TYPE, UOM) VALUES ('Municipally Supplied Potable Water - Outdoor', 'MGal (million gallons) (US)');
EXCEPTION WHEN
	DUP_VAL_ON_INDEX THEN
		NULL;
END;
/
BEGIN
	INSERT INTO CSR.EST_METER_CONV (METER_TYPE, UOM) VALUES ('Municipally Supplied Potable Water - Outdoor', 'cGal (hundred gallons) (UK)');
EXCEPTION WHEN
	DUP_VAL_ON_INDEX THEN
		NULL;
END;
/
BEGIN
	INSERT INTO CSR.EST_METER_CONV (METER_TYPE, UOM) VALUES ('Municipally Supplied Potable Water - Outdoor', 'cGal (hundred gallons) (US)');
EXCEPTION WHEN
	DUP_VAL_ON_INDEX THEN
		NULL;
END;
/
BEGIN
	INSERT INTO CSR.EST_METER_CONV (METER_TYPE, UOM) VALUES ('Municipally Supplied Potable Water - Outdoor', 'ccf (hundred cubic feet)');
EXCEPTION WHEN
	DUP_VAL_ON_INDEX THEN
		NULL;
END;
/
BEGIN
	INSERT INTO CSR.EST_METER_CONV (METER_TYPE, UOM) VALUES ('Municipally Supplied Potable Water - Outdoor', 'cf (cubic feet)');
EXCEPTION WHEN
	DUP_VAL_ON_INDEX THEN
		NULL;
END;
/
BEGIN
	INSERT INTO CSR.EST_METER_CONV (METER_TYPE, UOM) VALUES ('Municipally Supplied Potable Water - Outdoor', 'cm (Cubic meters)');
EXCEPTION WHEN
	DUP_VAL_ON_INDEX THEN
		NULL;
END;
/
BEGIN
	INSERT INTO CSR.EST_METER_CONV (METER_TYPE, UOM) VALUES ('Municipally Supplied Potable Water - Outdoor', 'kcf (thousand cubic feet)');
EXCEPTION WHEN
	DUP_VAL_ON_INDEX THEN
		NULL;
END;
/
BEGIN
	INSERT INTO CSR.EST_METER_CONV (METER_TYPE, UOM) VALUES ('Municipally Supplied Reclaimed Water - Indoor', 'Gallons (UK)');
EXCEPTION WHEN
	DUP_VAL_ON_INDEX THEN
		NULL;
END;
/
BEGIN
	INSERT INTO CSR.EST_METER_CONV (METER_TYPE, UOM) VALUES ('Municipally Supplied Reclaimed Water - Indoor', 'Gallons (US)');
EXCEPTION WHEN
	DUP_VAL_ON_INDEX THEN
		NULL;
END;
/
BEGIN
	INSERT INTO CSR.EST_METER_CONV (METER_TYPE, UOM) VALUES ('Municipally Supplied Reclaimed Water - Indoor', 'KGal (thousand gallons) (UK)');
EXCEPTION WHEN
	DUP_VAL_ON_INDEX THEN
		NULL;
END;
/
BEGIN
	INSERT INTO CSR.EST_METER_CONV (METER_TYPE, UOM) VALUES ('Municipally Supplied Reclaimed Water - Indoor', 'KGal (thousand gallons) (US)');
EXCEPTION WHEN
	DUP_VAL_ON_INDEX THEN
		NULL;
END;
/
BEGIN
	INSERT INTO CSR.EST_METER_CONV (METER_TYPE, UOM) VALUES ('Municipally Supplied Reclaimed Water - Indoor', 'Kcm (Thousand Cubic meters)');
EXCEPTION WHEN
	DUP_VAL_ON_INDEX THEN
		NULL;
END;
/
BEGIN
	INSERT INTO CSR.EST_METER_CONV (METER_TYPE, UOM) VALUES ('Municipally Supplied Reclaimed Water - Indoor', 'Liters');
EXCEPTION WHEN
	DUP_VAL_ON_INDEX THEN
		NULL;
END;
/
BEGIN
	INSERT INTO CSR.EST_METER_CONV (METER_TYPE, UOM) VALUES ('Municipally Supplied Reclaimed Water - Indoor', 'MCF(million cubic feet)');
EXCEPTION WHEN
	DUP_VAL_ON_INDEX THEN
		NULL;
END;
/
BEGIN
	INSERT INTO CSR.EST_METER_CONV (METER_TYPE, UOM) VALUES ('Municipally Supplied Reclaimed Water - Indoor', 'MGal (million gallons) (UK)');
EXCEPTION WHEN
	DUP_VAL_ON_INDEX THEN
		NULL;
END;
/
BEGIN
	INSERT INTO CSR.EST_METER_CONV (METER_TYPE, UOM) VALUES ('Municipally Supplied Reclaimed Water - Indoor', 'MGal (million gallons) (US)');
EXCEPTION WHEN
	DUP_VAL_ON_INDEX THEN
		NULL;
END;
/
BEGIN
	INSERT INTO CSR.EST_METER_CONV (METER_TYPE, UOM) VALUES ('Municipally Supplied Reclaimed Water - Indoor', 'cGal (hundred gallons) (UK)');
EXCEPTION WHEN
	DUP_VAL_ON_INDEX THEN
		NULL;
END;
/
BEGIN
	INSERT INTO CSR.EST_METER_CONV (METER_TYPE, UOM) VALUES ('Municipally Supplied Reclaimed Water - Indoor', 'cGal (hundred gallons) (US)');
EXCEPTION WHEN
	DUP_VAL_ON_INDEX THEN
		NULL;
END;
/
BEGIN
	INSERT INTO CSR.EST_METER_CONV (METER_TYPE, UOM) VALUES ('Municipally Supplied Reclaimed Water - Indoor', 'ccf (hundred cubic feet)');
EXCEPTION WHEN
	DUP_VAL_ON_INDEX THEN
		NULL;
END;
/
BEGIN
	INSERT INTO CSR.EST_METER_CONV (METER_TYPE, UOM) VALUES ('Municipally Supplied Reclaimed Water - Indoor', 'cf (cubic feet)');
EXCEPTION WHEN
	DUP_VAL_ON_INDEX THEN
		NULL;
END;
/
BEGIN
	INSERT INTO CSR.EST_METER_CONV (METER_TYPE, UOM) VALUES ('Municipally Supplied Reclaimed Water - Indoor', 'cm (Cubic meters)');
EXCEPTION WHEN
	DUP_VAL_ON_INDEX THEN
		NULL;
END;
/
BEGIN
	INSERT INTO CSR.EST_METER_CONV (METER_TYPE, UOM) VALUES ('Municipally Supplied Reclaimed Water - Indoor', 'kcf (thousand cubic feet)');
EXCEPTION WHEN
	DUP_VAL_ON_INDEX THEN
		NULL;
END;
/
BEGIN
	INSERT INTO CSR.EST_METER_CONV (METER_TYPE, UOM) VALUES ('Municipally Supplied Reclaimed Water - Mixed Indoor/Outdoor', 'Gallons (UK)');
EXCEPTION WHEN
	DUP_VAL_ON_INDEX THEN
		NULL;
END;
/
BEGIN
	INSERT INTO CSR.EST_METER_CONV (METER_TYPE, UOM) VALUES ('Municipally Supplied Reclaimed Water - Mixed Indoor/Outdoor', 'Gallons (US)');
EXCEPTION WHEN
	DUP_VAL_ON_INDEX THEN
		NULL;
END;
/
BEGIN
	INSERT INTO CSR.EST_METER_CONV (METER_TYPE, UOM) VALUES ('Municipally Supplied Reclaimed Water - Mixed Indoor/Outdoor', 'KGal (thousand gallons) (UK)');
EXCEPTION WHEN
	DUP_VAL_ON_INDEX THEN
		NULL;
END;
/
BEGIN
	INSERT INTO CSR.EST_METER_CONV (METER_TYPE, UOM) VALUES ('Municipally Supplied Reclaimed Water - Mixed Indoor/Outdoor', 'KGal (thousand gallons) (US)');
EXCEPTION WHEN
	DUP_VAL_ON_INDEX THEN
		NULL;
END;
/
BEGIN
	INSERT INTO CSR.EST_METER_CONV (METER_TYPE, UOM) VALUES ('Municipally Supplied Reclaimed Water - Mixed Indoor/Outdoor', 'Kcm (Thousand Cubic meters)');
EXCEPTION WHEN
	DUP_VAL_ON_INDEX THEN
		NULL;
END;
/
BEGIN
	INSERT INTO CSR.EST_METER_CONV (METER_TYPE, UOM) VALUES ('Municipally Supplied Reclaimed Water - Mixed Indoor/Outdoor', 'Liters');
EXCEPTION WHEN
	DUP_VAL_ON_INDEX THEN
		NULL;
END;
/
BEGIN
	INSERT INTO CSR.EST_METER_CONV (METER_TYPE, UOM) VALUES ('Municipally Supplied Reclaimed Water - Mixed Indoor/Outdoor', 'MCF(million cubic feet)');
EXCEPTION WHEN
	DUP_VAL_ON_INDEX THEN
		NULL;
END;
/
BEGIN
	INSERT INTO CSR.EST_METER_CONV (METER_TYPE, UOM) VALUES ('Municipally Supplied Reclaimed Water - Mixed Indoor/Outdoor', 'MGal (million gallons) (UK)');
EXCEPTION WHEN
	DUP_VAL_ON_INDEX THEN
		NULL;
END;
/
BEGIN
	INSERT INTO CSR.EST_METER_CONV (METER_TYPE, UOM) VALUES ('Municipally Supplied Reclaimed Water - Mixed Indoor/Outdoor', 'MGal (million gallons) (US)');
EXCEPTION WHEN
	DUP_VAL_ON_INDEX THEN
		NULL;
END;
/
BEGIN
	INSERT INTO CSR.EST_METER_CONV (METER_TYPE, UOM) VALUES ('Municipally Supplied Reclaimed Water - Mixed Indoor/Outdoor', 'cGal (hundred gallons) (UK)');
EXCEPTION WHEN
	DUP_VAL_ON_INDEX THEN
		NULL;
END;
/
BEGIN
	INSERT INTO CSR.EST_METER_CONV (METER_TYPE, UOM) VALUES ('Municipally Supplied Reclaimed Water - Mixed Indoor/Outdoor', 'cGal (hundred gallons) (US)');
EXCEPTION WHEN
	DUP_VAL_ON_INDEX THEN
		NULL;
END;
/
BEGIN
	INSERT INTO CSR.EST_METER_CONV (METER_TYPE, UOM) VALUES ('Municipally Supplied Reclaimed Water - Mixed Indoor/Outdoor', 'ccf (hundred cubic feet)');
EXCEPTION WHEN
	DUP_VAL_ON_INDEX THEN
		NULL;
END;
/
BEGIN
	INSERT INTO CSR.EST_METER_CONV (METER_TYPE, UOM) VALUES ('Municipally Supplied Reclaimed Water - Mixed Indoor/Outdoor', 'cf (cubic feet)');
EXCEPTION WHEN
	DUP_VAL_ON_INDEX THEN
		NULL;
END;
/
BEGIN
	INSERT INTO CSR.EST_METER_CONV (METER_TYPE, UOM) VALUES ('Municipally Supplied Reclaimed Water - Mixed Indoor/Outdoor', 'cm (Cubic meters)');
EXCEPTION WHEN
	DUP_VAL_ON_INDEX THEN
		NULL;
END;
/
BEGIN
	INSERT INTO CSR.EST_METER_CONV (METER_TYPE, UOM) VALUES ('Municipally Supplied Reclaimed Water - Mixed Indoor/Outdoor', 'kcf (thousand cubic feet)');
EXCEPTION WHEN
	DUP_VAL_ON_INDEX THEN
		NULL;
END;
/
BEGIN
	INSERT INTO CSR.EST_METER_CONV (METER_TYPE, UOM) VALUES ('Municipally Supplied Reclaimed Water - Outdoor', 'Gallons (UK)');
EXCEPTION WHEN
	DUP_VAL_ON_INDEX THEN
		NULL;
END;
/
BEGIN
	INSERT INTO CSR.EST_METER_CONV (METER_TYPE, UOM) VALUES ('Municipally Supplied Reclaimed Water - Outdoor', 'Gallons (US)');
EXCEPTION WHEN
	DUP_VAL_ON_INDEX THEN
		NULL;
END;
/
BEGIN
	INSERT INTO CSR.EST_METER_CONV (METER_TYPE, UOM) VALUES ('Municipally Supplied Reclaimed Water - Outdoor', 'KGal (thousand gallons) (UK)');
EXCEPTION WHEN
	DUP_VAL_ON_INDEX THEN
		NULL;
END;
/
BEGIN
	INSERT INTO CSR.EST_METER_CONV (METER_TYPE, UOM) VALUES ('Municipally Supplied Reclaimed Water - Outdoor', 'KGal (thousand gallons) (US)');
EXCEPTION WHEN
	DUP_VAL_ON_INDEX THEN
		NULL;
END;
/
BEGIN
	INSERT INTO CSR.EST_METER_CONV (METER_TYPE, UOM) VALUES ('Municipally Supplied Reclaimed Water - Outdoor', 'Kcm (Thousand Cubic meters)');
EXCEPTION WHEN
	DUP_VAL_ON_INDEX THEN
		NULL;
END;
/
BEGIN
	INSERT INTO CSR.EST_METER_CONV (METER_TYPE, UOM) VALUES ('Municipally Supplied Reclaimed Water - Outdoor', 'Liters');
EXCEPTION WHEN
	DUP_VAL_ON_INDEX THEN
		NULL;
END;
/
BEGIN
	INSERT INTO CSR.EST_METER_CONV (METER_TYPE, UOM) VALUES ('Municipally Supplied Reclaimed Water - Outdoor', 'MCF(million cubic feet)');
EXCEPTION WHEN
	DUP_VAL_ON_INDEX THEN
		NULL;
END;
/
BEGIN
	INSERT INTO CSR.EST_METER_CONV (METER_TYPE, UOM) VALUES ('Municipally Supplied Reclaimed Water - Outdoor', 'MGal (million gallons) (UK)');
EXCEPTION WHEN
	DUP_VAL_ON_INDEX THEN
		NULL;
END;
/
BEGIN
	INSERT INTO CSR.EST_METER_CONV (METER_TYPE, UOM) VALUES ('Municipally Supplied Reclaimed Water - Outdoor', 'MGal (million gallons) (US)');
EXCEPTION WHEN
	DUP_VAL_ON_INDEX THEN
		NULL;
END;
/
BEGIN
	INSERT INTO CSR.EST_METER_CONV (METER_TYPE, UOM) VALUES ('Municipally Supplied Reclaimed Water - Outdoor', 'cGal (hundred gallons) (UK)');
EXCEPTION WHEN
	DUP_VAL_ON_INDEX THEN
		NULL;
END;
/
BEGIN
	INSERT INTO CSR.EST_METER_CONV (METER_TYPE, UOM) VALUES ('Municipally Supplied Reclaimed Water - Outdoor', 'cGal (hundred gallons) (US)');
EXCEPTION WHEN
	DUP_VAL_ON_INDEX THEN
		NULL;
END;
/
BEGIN
	INSERT INTO CSR.EST_METER_CONV (METER_TYPE, UOM) VALUES ('Municipally Supplied Reclaimed Water - Outdoor', 'ccf (hundred cubic feet)');
EXCEPTION WHEN
	DUP_VAL_ON_INDEX THEN
		NULL;
END;
/
BEGIN
	INSERT INTO CSR.EST_METER_CONV (METER_TYPE, UOM) VALUES ('Municipally Supplied Reclaimed Water - Outdoor', 'cf (cubic feet)');
EXCEPTION WHEN
	DUP_VAL_ON_INDEX THEN
		NULL;
END;
/
BEGIN
	INSERT INTO CSR.EST_METER_CONV (METER_TYPE, UOM) VALUES ('Municipally Supplied Reclaimed Water - Outdoor', 'cm (Cubic meters)');
EXCEPTION WHEN
	DUP_VAL_ON_INDEX THEN
		NULL;
END;
/
BEGIN
	INSERT INTO CSR.EST_METER_CONV (METER_TYPE, UOM) VALUES ('Municipally Supplied Reclaimed Water - Outdoor', 'kcf (thousand cubic feet)');
EXCEPTION WHEN
	DUP_VAL_ON_INDEX THEN
		NULL;
END;
/
BEGIN
	INSERT INTO CSR.EST_METER_CONV (METER_TYPE, UOM) VALUES ('Natural Gas', 'GJ');
EXCEPTION WHEN
	DUP_VAL_ON_INDEX THEN
		NULL;
END;
/
BEGIN
	INSERT INTO CSR.EST_METER_CONV (METER_TYPE, UOM) VALUES ('Natural Gas', 'MBtu (million Btu)');
EXCEPTION WHEN
	DUP_VAL_ON_INDEX THEN
		NULL;
END;
/
BEGIN
	INSERT INTO CSR.EST_METER_CONV (METER_TYPE, UOM) VALUES ('Natural Gas', 'MCF(million cubic feet)');
EXCEPTION WHEN
	DUP_VAL_ON_INDEX THEN
		NULL;
END;
/
BEGIN
	INSERT INTO CSR.EST_METER_CONV (METER_TYPE, UOM) VALUES ('Natural Gas', 'ccf (hundred cubic feet)');
EXCEPTION WHEN
	DUP_VAL_ON_INDEX THEN
		NULL;
END;
/
BEGIN
	INSERT INTO CSR.EST_METER_CONV (METER_TYPE, UOM) VALUES ('Natural Gas', 'cf (cubic feet)');
EXCEPTION WHEN
	DUP_VAL_ON_INDEX THEN
		NULL;
END;
/
BEGIN
	INSERT INTO CSR.EST_METER_CONV (METER_TYPE, UOM) VALUES ('Natural Gas', 'cm (Cubic meters)');
EXCEPTION WHEN
	DUP_VAL_ON_INDEX THEN
		NULL;
END;
/
BEGIN
	INSERT INTO CSR.EST_METER_CONV (METER_TYPE, UOM) VALUES ('Natural Gas', 'kBtu (thousand Btu)');
EXCEPTION WHEN
	DUP_VAL_ON_INDEX THEN
		NULL;
END;
/
BEGIN
	INSERT INTO CSR.EST_METER_CONV (METER_TYPE, UOM) VALUES ('Natural Gas', 'kcf (thousand cubic feet)');
EXCEPTION WHEN
	DUP_VAL_ON_INDEX THEN
		NULL;
END;
/
BEGIN
	INSERT INTO CSR.EST_METER_CONV (METER_TYPE, UOM) VALUES ('Natural Gas', 'therms');
EXCEPTION WHEN
	DUP_VAL_ON_INDEX THEN
		NULL;
END;
/
BEGIN
	INSERT INTO CSR.EST_METER_CONV (METER_TYPE, UOM) VALUES ('Other (Energy)', 'GJ');
EXCEPTION WHEN
	DUP_VAL_ON_INDEX THEN
		NULL;
END;
/
BEGIN
	INSERT INTO CSR.EST_METER_CONV (METER_TYPE, UOM) VALUES ('Other (Energy)', 'kBtu (thousand Btu)');
EXCEPTION WHEN
	DUP_VAL_ON_INDEX THEN
		NULL;
END;
/
BEGIN
	INSERT INTO CSR.EST_METER_CONV (METER_TYPE, UOM) VALUES ('Other - Indoor', 'Gallons (UK)');
EXCEPTION WHEN
	DUP_VAL_ON_INDEX THEN
		NULL;
END;
/
BEGIN
	INSERT INTO CSR.EST_METER_CONV (METER_TYPE, UOM) VALUES ('Other - Indoor', 'Gallons (US)');
EXCEPTION WHEN
	DUP_VAL_ON_INDEX THEN
		NULL;
END;
/
BEGIN
	INSERT INTO CSR.EST_METER_CONV (METER_TYPE, UOM) VALUES ('Other - Indoor', 'KGal (thousand gallons) (UK)');
EXCEPTION WHEN
	DUP_VAL_ON_INDEX THEN
		NULL;
END;
/
BEGIN
	INSERT INTO CSR.EST_METER_CONV (METER_TYPE, UOM) VALUES ('Other - Indoor', 'KGal (thousand gallons) (US)');
EXCEPTION WHEN
	DUP_VAL_ON_INDEX THEN
		NULL;
END;
/
BEGIN
	INSERT INTO CSR.EST_METER_CONV (METER_TYPE, UOM) VALUES ('Other - Indoor', 'Kcm (Thousand Cubic meters)');
EXCEPTION WHEN
	DUP_VAL_ON_INDEX THEN
		NULL;
END;
/
BEGIN
	INSERT INTO CSR.EST_METER_CONV (METER_TYPE, UOM) VALUES ('Other - Indoor', 'Liters');
EXCEPTION WHEN
	DUP_VAL_ON_INDEX THEN
		NULL;
END;
/
BEGIN
	INSERT INTO CSR.EST_METER_CONV (METER_TYPE, UOM) VALUES ('Other - Indoor', 'MCF(million cubic feet)');
EXCEPTION WHEN
	DUP_VAL_ON_INDEX THEN
		NULL;
END;
/
BEGIN
	INSERT INTO CSR.EST_METER_CONV (METER_TYPE, UOM) VALUES ('Other - Indoor', 'MGal (million gallons) (UK)');
EXCEPTION WHEN
	DUP_VAL_ON_INDEX THEN
		NULL;
END;
/
BEGIN
	INSERT INTO CSR.EST_METER_CONV (METER_TYPE, UOM) VALUES ('Other - Indoor', 'MGal (million gallons) (US)');
EXCEPTION WHEN
	DUP_VAL_ON_INDEX THEN
		NULL;
END;
/
BEGIN
	INSERT INTO CSR.EST_METER_CONV (METER_TYPE, UOM) VALUES ('Other - Indoor', 'cGal (hundred gallons) (UK)');
EXCEPTION WHEN
	DUP_VAL_ON_INDEX THEN
		NULL;
END;
/
BEGIN
	INSERT INTO CSR.EST_METER_CONV (METER_TYPE, UOM) VALUES ('Other - Indoor', 'cGal (hundred gallons) (US)');
EXCEPTION WHEN
	DUP_VAL_ON_INDEX THEN
		NULL;
END;
/
BEGIN
	INSERT INTO CSR.EST_METER_CONV (METER_TYPE, UOM) VALUES ('Other - Indoor', 'ccf (hundred cubic feet)');
EXCEPTION WHEN
	DUP_VAL_ON_INDEX THEN
		NULL;
END;
/
BEGIN
	INSERT INTO CSR.EST_METER_CONV (METER_TYPE, UOM) VALUES ('Other - Indoor', 'cf (cubic feet)');
EXCEPTION WHEN
	DUP_VAL_ON_INDEX THEN
		NULL;
END;
/
BEGIN
	INSERT INTO CSR.EST_METER_CONV (METER_TYPE, UOM) VALUES ('Other - Indoor', 'cm (Cubic meters)');
EXCEPTION WHEN
	DUP_VAL_ON_INDEX THEN
		NULL;
END;
/
BEGIN
	INSERT INTO CSR.EST_METER_CONV (METER_TYPE, UOM) VALUES ('Other - Indoor', 'kcf (thousand cubic feet)');
EXCEPTION WHEN
	DUP_VAL_ON_INDEX THEN
		NULL;
END;
/
BEGIN
	INSERT INTO CSR.EST_METER_CONV (METER_TYPE, UOM) VALUES ('Other - Mixed Indoor/Outdoor (Water)', 'Gallons (UK)');
EXCEPTION WHEN
	DUP_VAL_ON_INDEX THEN
		NULL;
END;
/
BEGIN
	INSERT INTO CSR.EST_METER_CONV (METER_TYPE, UOM) VALUES ('Other - Mixed Indoor/Outdoor (Water)', 'Gallons (US)');
EXCEPTION WHEN
	DUP_VAL_ON_INDEX THEN
		NULL;
END;
/
BEGIN
	INSERT INTO CSR.EST_METER_CONV (METER_TYPE, UOM) VALUES ('Other - Mixed Indoor/Outdoor (Water)', 'KGal (thousand gallons) (UK)');
EXCEPTION WHEN
	DUP_VAL_ON_INDEX THEN
		NULL;
END;
/
BEGIN
	INSERT INTO CSR.EST_METER_CONV (METER_TYPE, UOM) VALUES ('Other - Mixed Indoor/Outdoor (Water)', 'KGal (thousand gallons) (US)');
EXCEPTION WHEN
	DUP_VAL_ON_INDEX THEN
		NULL;
END;
/
BEGIN
	INSERT INTO CSR.EST_METER_CONV (METER_TYPE, UOM) VALUES ('Other - Mixed Indoor/Outdoor (Water)', 'Kcm (Thousand Cubic meters)');
EXCEPTION WHEN
	DUP_VAL_ON_INDEX THEN
		NULL;
END;
/
BEGIN
	INSERT INTO CSR.EST_METER_CONV (METER_TYPE, UOM) VALUES ('Other - Mixed Indoor/Outdoor (Water)', 'Liters');
EXCEPTION WHEN
	DUP_VAL_ON_INDEX THEN
		NULL;
END;
/
BEGIN
	INSERT INTO CSR.EST_METER_CONV (METER_TYPE, UOM) VALUES ('Other - Mixed Indoor/Outdoor (Water)', 'MCF(million cubic feet)');
EXCEPTION WHEN
	DUP_VAL_ON_INDEX THEN
		NULL;
END;
/
BEGIN
	INSERT INTO CSR.EST_METER_CONV (METER_TYPE, UOM) VALUES ('Other - Mixed Indoor/Outdoor (Water)', 'MGal (million gallons) (UK)');
EXCEPTION WHEN
	DUP_VAL_ON_INDEX THEN
		NULL;
END;
/
BEGIN
	INSERT INTO CSR.EST_METER_CONV (METER_TYPE, UOM) VALUES ('Other - Mixed Indoor/Outdoor (Water)', 'MGal (million gallons) (US)');
EXCEPTION WHEN
	DUP_VAL_ON_INDEX THEN
		NULL;
END;
/
BEGIN
	INSERT INTO CSR.EST_METER_CONV (METER_TYPE, UOM) VALUES ('Other - Mixed Indoor/Outdoor (Water)', 'cGal (hundred gallons) (UK)');
EXCEPTION WHEN
	DUP_VAL_ON_INDEX THEN
		NULL;
END;
/
BEGIN
	INSERT INTO CSR.EST_METER_CONV (METER_TYPE, UOM) VALUES ('Other - Mixed Indoor/Outdoor (Water)', 'cGal (hundred gallons) (US)');
EXCEPTION WHEN
	DUP_VAL_ON_INDEX THEN
		NULL;
END;
/
BEGIN
	INSERT INTO CSR.EST_METER_CONV (METER_TYPE, UOM) VALUES ('Other - Mixed Indoor/Outdoor (Water)', 'ccf (hundred cubic feet)');
EXCEPTION WHEN
	DUP_VAL_ON_INDEX THEN
		NULL;
END;
/
BEGIN
	INSERT INTO CSR.EST_METER_CONV (METER_TYPE, UOM) VALUES ('Other - Mixed Indoor/Outdoor (Water)', 'cf (cubic feet)');
EXCEPTION WHEN
	DUP_VAL_ON_INDEX THEN
		NULL;
END;
/
BEGIN
	INSERT INTO CSR.EST_METER_CONV (METER_TYPE, UOM) VALUES ('Other - Mixed Indoor/Outdoor (Water)', 'cm (Cubic meters)');
EXCEPTION WHEN
	DUP_VAL_ON_INDEX THEN
		NULL;
END;
/
BEGIN
	INSERT INTO CSR.EST_METER_CONV (METER_TYPE, UOM) VALUES ('Other - Mixed Indoor/Outdoor (Water)', 'kcf (thousand cubic feet)');
EXCEPTION WHEN
	DUP_VAL_ON_INDEX THEN
		NULL;
END;
/
BEGIN
	INSERT INTO CSR.EST_METER_CONV (METER_TYPE, UOM) VALUES ('Other - Outdoor', 'Gallons (UK)');
EXCEPTION WHEN
	DUP_VAL_ON_INDEX THEN
		NULL;
END;
/
BEGIN
	INSERT INTO CSR.EST_METER_CONV (METER_TYPE, UOM) VALUES ('Other - Outdoor', 'Gallons (US)');
EXCEPTION WHEN
	DUP_VAL_ON_INDEX THEN
		NULL;
END;
/
BEGIN
	INSERT INTO CSR.EST_METER_CONV (METER_TYPE, UOM) VALUES ('Other - Outdoor', 'KGal (thousand gallons) (UK)');
EXCEPTION WHEN
	DUP_VAL_ON_INDEX THEN
		NULL;
END;
/
BEGIN
	INSERT INTO CSR.EST_METER_CONV (METER_TYPE, UOM) VALUES ('Other - Outdoor', 'KGal (thousand gallons) (US)');
EXCEPTION WHEN
	DUP_VAL_ON_INDEX THEN
		NULL;
END;
/
BEGIN
	INSERT INTO CSR.EST_METER_CONV (METER_TYPE, UOM) VALUES ('Other - Outdoor', 'Kcm (Thousand Cubic meters)');
EXCEPTION WHEN
	DUP_VAL_ON_INDEX THEN
		NULL;
END;
/
BEGIN
	INSERT INTO CSR.EST_METER_CONV (METER_TYPE, UOM) VALUES ('Other - Outdoor', 'Liters');
EXCEPTION WHEN
	DUP_VAL_ON_INDEX THEN
		NULL;
END;
/
BEGIN
	INSERT INTO CSR.EST_METER_CONV (METER_TYPE, UOM) VALUES ('Other - Outdoor', 'MCF(million cubic feet)');
EXCEPTION WHEN
	DUP_VAL_ON_INDEX THEN
		NULL;
END;
/
BEGIN
	INSERT INTO CSR.EST_METER_CONV (METER_TYPE, UOM) VALUES ('Other - Outdoor', 'MGal (million gallons) (UK)');
EXCEPTION WHEN
	DUP_VAL_ON_INDEX THEN
		NULL;
END;
/
BEGIN
	INSERT INTO CSR.EST_METER_CONV (METER_TYPE, UOM) VALUES ('Other - Outdoor', 'MGal (million gallons) (US)');
EXCEPTION WHEN
	DUP_VAL_ON_INDEX THEN
		NULL;
END;
/
BEGIN
	INSERT INTO CSR.EST_METER_CONV (METER_TYPE, UOM) VALUES ('Other - Outdoor', 'cGal (hundred gallons) (UK)');
EXCEPTION WHEN
	DUP_VAL_ON_INDEX THEN
		NULL;
END;
/
BEGIN
	INSERT INTO CSR.EST_METER_CONV (METER_TYPE, UOM) VALUES ('Other - Outdoor', 'cGal (hundred gallons) (US)');
EXCEPTION WHEN
	DUP_VAL_ON_INDEX THEN
		NULL;
END;
/
BEGIN
	INSERT INTO CSR.EST_METER_CONV (METER_TYPE, UOM) VALUES ('Other - Outdoor', 'ccf (hundred cubic feet)');
EXCEPTION WHEN
	DUP_VAL_ON_INDEX THEN
		NULL;
END;
/
BEGIN
	INSERT INTO CSR.EST_METER_CONV (METER_TYPE, UOM) VALUES ('Other - Outdoor', 'cf (cubic feet)');
EXCEPTION WHEN
	DUP_VAL_ON_INDEX THEN
		NULL;
END;
/
BEGIN
	INSERT INTO CSR.EST_METER_CONV (METER_TYPE, UOM) VALUES ('Other - Outdoor', 'cm (Cubic meters)');
EXCEPTION WHEN
	DUP_VAL_ON_INDEX THEN
		NULL;
END;
/
BEGIN
	INSERT INTO CSR.EST_METER_CONV (METER_TYPE, UOM) VALUES ('Other - Outdoor', 'kcf (thousand cubic feet)');
EXCEPTION WHEN
	DUP_VAL_ON_INDEX THEN
		NULL;
END;
/
BEGIN
	INSERT INTO CSR.EST_METER_CONV (METER_TYPE, UOM) VALUES ('Power Distribution Unit (PDU) Input Energy', 'kWh (thousand Watt-hours)');
EXCEPTION WHEN
	DUP_VAL_ON_INDEX THEN
		NULL;
END;
/
BEGIN
	INSERT INTO CSR.EST_METER_CONV (METER_TYPE, UOM) VALUES ('Power Distribution Unit (PDU) Output Energy', 'kWh (thousand Watt-hours)');
EXCEPTION WHEN
	DUP_VAL_ON_INDEX THEN
		NULL;
END;
/
BEGIN
	INSERT INTO CSR.EST_METER_CONV (METER_TYPE, UOM) VALUES ('Propane', 'GJ');
EXCEPTION WHEN
	DUP_VAL_ON_INDEX THEN
		NULL;
END;
/
BEGIN
	INSERT INTO CSR.EST_METER_CONV (METER_TYPE, UOM) VALUES ('Propane', 'Gallons (UK)');
EXCEPTION WHEN
	DUP_VAL_ON_INDEX THEN
		NULL;
END;
/
BEGIN
	INSERT INTO CSR.EST_METER_CONV (METER_TYPE, UOM) VALUES ('Propane', 'Gallons (US)');
EXCEPTION WHEN
	DUP_VAL_ON_INDEX THEN
		NULL;
END;
/
BEGIN
	INSERT INTO CSR.EST_METER_CONV (METER_TYPE, UOM) VALUES ('Propane', 'Liters');
EXCEPTION WHEN
	DUP_VAL_ON_INDEX THEN
		NULL;
END;
/
BEGIN
	INSERT INTO CSR.EST_METER_CONV (METER_TYPE, UOM) VALUES ('Propane', 'MBtu (million Btu)');
EXCEPTION WHEN
	DUP_VAL_ON_INDEX THEN
		NULL;
END;
/
BEGIN
	INSERT INTO CSR.EST_METER_CONV (METER_TYPE, UOM) VALUES ('Propane', 'ccf');
EXCEPTION WHEN
	DUP_VAL_ON_INDEX THEN
		NULL;
END;
/
BEGIN
	INSERT INTO CSR.EST_METER_CONV (METER_TYPE, UOM) VALUES ('Propane', 'cf (cubic feet)');
EXCEPTION WHEN
	DUP_VAL_ON_INDEX THEN
		NULL;
END;
/
BEGIN
	INSERT INTO CSR.EST_METER_CONV (METER_TYPE, UOM) VALUES ('Propane', 'kBtu (thousand Btu)');
EXCEPTION WHEN
	DUP_VAL_ON_INDEX THEN
		NULL;
END;
/
BEGIN
	INSERT INTO CSR.EST_METER_CONV (METER_TYPE, UOM) VALUES ('Propane', 'kcf (thousand cubic feet)');
EXCEPTION WHEN
	DUP_VAL_ON_INDEX THEN
		NULL;
END;
/
BEGIN
	INSERT INTO CSR.EST_METER_CONV (METER_TYPE, UOM) VALUES ('Uninterruptible Power Supply (UPS) Output Energy', 'kWh (thousand Watt-hours)');
EXCEPTION WHEN
	DUP_VAL_ON_INDEX THEN
		NULL;
END;
/
BEGIN
	INSERT INTO CSR.EST_METER_CONV (METER_TYPE, UOM) VALUES ('Wood', 'GJ');
EXCEPTION WHEN
	DUP_VAL_ON_INDEX THEN
		NULL;
END;
/
BEGIN
	INSERT INTO CSR.EST_METER_CONV (METER_TYPE, UOM) VALUES ('Wood', 'MBtu (million Btu)');
EXCEPTION WHEN
	DUP_VAL_ON_INDEX THEN
		NULL;
END;
/
BEGIN
	INSERT INTO CSR.EST_METER_CONV (METER_TYPE, UOM) VALUES ('Wood', 'Tonnes (metric)');
EXCEPTION WHEN
	DUP_VAL_ON_INDEX THEN
		NULL;
END;
/
BEGIN
	INSERT INTO CSR.EST_METER_CONV (METER_TYPE, UOM) VALUES ('Wood', 'kBtu (thousand Btu)');
EXCEPTION WHEN
	DUP_VAL_ON_INDEX THEN
		NULL;
END;
/
BEGIN
	INSERT INTO CSR.EST_METER_CONV (METER_TYPE, UOM) VALUES ('Wood', 'tons');
EXCEPTION WHEN
	DUP_VAL_ON_INDEX THEN
		NULL;
END;
/
BEGIN
	INSERT INTO CSR.EST_METER_CONV (METER_TYPE, UOM) VALUES ('Alternative Water Generated On-Site - Indoor', 'Gallons (UK)');
EXCEPTION WHEN
	DUP_VAL_ON_INDEX THEN
		NULL;
END;
/
BEGIN
	INSERT INTO CSR.EST_METER_CONV (METER_TYPE, UOM) VALUES ('Alternative Water Generated On-Site - Indoor', 'Gallons (US)');
EXCEPTION WHEN
	DUP_VAL_ON_INDEX THEN
		NULL;
END;
/
BEGIN
	INSERT INTO CSR.EST_METER_CONV (METER_TYPE, UOM) VALUES ('Alternative Water Generated On-Site - Indoor', 'KGal (thousand gallons) (UK)');
EXCEPTION WHEN
	DUP_VAL_ON_INDEX THEN
		NULL;
END;
/
BEGIN
	INSERT INTO CSR.EST_METER_CONV (METER_TYPE, UOM) VALUES ('Alternative Water Generated On-Site - Indoor', 'KGal (thousand gallons) (US)');
EXCEPTION WHEN
	DUP_VAL_ON_INDEX THEN
		NULL;
END;
/
BEGIN
	INSERT INTO CSR.EST_METER_CONV (METER_TYPE, UOM) VALUES ('Alternative Water Generated On-Site - Indoor', 'Kcm (Thousand Cubic meters)');
EXCEPTION WHEN
	DUP_VAL_ON_INDEX THEN
		NULL;
END;
/
BEGIN
	INSERT INTO CSR.EST_METER_CONV (METER_TYPE, UOM) VALUES ('Alternative Water Generated On-Site - Indoor', 'Liters');
EXCEPTION WHEN
	DUP_VAL_ON_INDEX THEN
		NULL;
END;
/
BEGIN
	INSERT INTO CSR.EST_METER_CONV (METER_TYPE, UOM) VALUES ('Alternative Water Generated On-Site - Indoor', 'MCF(million cubic feet)');
EXCEPTION WHEN
	DUP_VAL_ON_INDEX THEN
		NULL;
END;
/
BEGIN
	INSERT INTO CSR.EST_METER_CONV (METER_TYPE, UOM) VALUES ('Alternative Water Generated On-Site - Indoor', 'MGal (million gallons) (UK)');
EXCEPTION WHEN
	DUP_VAL_ON_INDEX THEN
		NULL;
END;
/
BEGIN
	INSERT INTO CSR.EST_METER_CONV (METER_TYPE, UOM) VALUES ('Alternative Water Generated On-Site - Indoor', 'MGal (million gallons) (US)');
EXCEPTION WHEN
	DUP_VAL_ON_INDEX THEN
		NULL;
END;
/
BEGIN
	INSERT INTO CSR.EST_METER_CONV (METER_TYPE, UOM) VALUES ('Alternative Water Generated On-Site - Indoor', 'cGal (hundred gallons) (UK)');
EXCEPTION WHEN
	DUP_VAL_ON_INDEX THEN
		NULL;
END;
/
BEGIN
	INSERT INTO CSR.EST_METER_CONV (METER_TYPE, UOM) VALUES ('Alternative Water Generated On-Site - Indoor', 'cGal (hundred gallons) (US)');
EXCEPTION WHEN
	DUP_VAL_ON_INDEX THEN
		NULL;
END;
/
BEGIN
	INSERT INTO CSR.EST_METER_CONV (METER_TYPE, UOM) VALUES ('Alternative Water Generated On-Site - Indoor', 'ccf (hundred cubic feet)');
EXCEPTION WHEN
	DUP_VAL_ON_INDEX THEN
		NULL;
END;
/
BEGIN
	INSERT INTO CSR.EST_METER_CONV (METER_TYPE, UOM) VALUES ('Alternative Water Generated On-Site - Indoor', 'cf (cubic feet)');
EXCEPTION WHEN
	DUP_VAL_ON_INDEX THEN
		NULL;
END;
/
BEGIN
	INSERT INTO CSR.EST_METER_CONV (METER_TYPE, UOM) VALUES ('Alternative Water Generated On-Site - Indoor', 'cm (Cubic meters)');
EXCEPTION WHEN
	DUP_VAL_ON_INDEX THEN
		NULL;
END;
/
BEGIN
	INSERT INTO CSR.EST_METER_CONV (METER_TYPE, UOM) VALUES ('Alternative Water Generated On-Site - Indoor', 'kcf (thousand cubic feet)');
EXCEPTION WHEN
	DUP_VAL_ON_INDEX THEN
		NULL;
END;
/
BEGIN
	INSERT INTO CSR.EST_METER_CONV (METER_TYPE, UOM) VALUES ('Alternative Water Generated On-Site - Mixed Indoor/Outdoor', 'Gallons (UK)');
EXCEPTION WHEN
	DUP_VAL_ON_INDEX THEN
		NULL;
END;
/
BEGIN
	INSERT INTO CSR.EST_METER_CONV (METER_TYPE, UOM) VALUES ('Alternative Water Generated On-Site - Mixed Indoor/Outdoor', 'Gallons (US)');
EXCEPTION WHEN
	DUP_VAL_ON_INDEX THEN
		NULL;
END;
/
BEGIN
	INSERT INTO CSR.EST_METER_CONV (METER_TYPE, UOM) VALUES ('Alternative Water Generated On-Site - Mixed Indoor/Outdoor', 'KGal (thousand gallons) (UK)');
EXCEPTION WHEN
	DUP_VAL_ON_INDEX THEN
		NULL;
END;
/
BEGIN
	INSERT INTO CSR.EST_METER_CONV (METER_TYPE, UOM) VALUES ('Alternative Water Generated On-Site - Mixed Indoor/Outdoor', 'KGal (thousand gallons) (US)');
EXCEPTION WHEN
	DUP_VAL_ON_INDEX THEN
		NULL;
END;
/
BEGIN
	INSERT INTO CSR.EST_METER_CONV (METER_TYPE, UOM) VALUES ('Alternative Water Generated On-Site - Mixed Indoor/Outdoor', 'Kcm (Thousand Cubic meters)');
EXCEPTION WHEN
	DUP_VAL_ON_INDEX THEN
		NULL;
END;
/
BEGIN
	INSERT INTO CSR.EST_METER_CONV (METER_TYPE, UOM) VALUES ('Alternative Water Generated On-Site - Mixed Indoor/Outdoor', 'Liters');
EXCEPTION WHEN
	DUP_VAL_ON_INDEX THEN
		NULL;
END;
/
BEGIN
	INSERT INTO CSR.EST_METER_CONV (METER_TYPE, UOM) VALUES ('Alternative Water Generated On-Site - Mixed Indoor/Outdoor', 'MCF(million cubic feet)');
EXCEPTION WHEN
	DUP_VAL_ON_INDEX THEN
		NULL;
END;
/
BEGIN
	INSERT INTO CSR.EST_METER_CONV (METER_TYPE, UOM) VALUES ('Alternative Water Generated On-Site - Mixed Indoor/Outdoor', 'MGal (million gallons) (UK)');
EXCEPTION WHEN
	DUP_VAL_ON_INDEX THEN
		NULL;
END;
/
BEGIN
	INSERT INTO CSR.EST_METER_CONV (METER_TYPE, UOM) VALUES ('Alternative Water Generated On-Site - Mixed Indoor/Outdoor', 'MGal (million gallons) (US)');
EXCEPTION WHEN
	DUP_VAL_ON_INDEX THEN
		NULL;
END;
/
BEGIN
	INSERT INTO CSR.EST_METER_CONV (METER_TYPE, UOM) VALUES ('Alternative Water Generated On-Site - Mixed Indoor/Outdoor', 'cGal (hundred gallons) (UK)');
EXCEPTION WHEN
	DUP_VAL_ON_INDEX THEN
		NULL;
END;
/
BEGIN
	INSERT INTO CSR.EST_METER_CONV (METER_TYPE, UOM) VALUES ('Alternative Water Generated On-Site - Mixed Indoor/Outdoor', 'cGal (hundred gallons) (US)');
EXCEPTION WHEN
	DUP_VAL_ON_INDEX THEN
		NULL;
END;
/
BEGIN
	INSERT INTO CSR.EST_METER_CONV (METER_TYPE, UOM) VALUES ('Alternative Water Generated On-Site - Mixed Indoor/Outdoor', 'ccf (hundred cubic feet)');
EXCEPTION WHEN
	DUP_VAL_ON_INDEX THEN
		NULL;
END;
/
BEGIN
	INSERT INTO CSR.EST_METER_CONV (METER_TYPE, UOM) VALUES ('Alternative Water Generated On-Site - Mixed Indoor/Outdoor', 'cf (cubic feet)');
EXCEPTION WHEN
	DUP_VAL_ON_INDEX THEN
		NULL;
END;
/
BEGIN
	INSERT INTO CSR.EST_METER_CONV (METER_TYPE, UOM) VALUES ('Alternative Water Generated On-Site - Mixed Indoor/Outdoor', 'cm (Cubic meters)');
EXCEPTION WHEN
	DUP_VAL_ON_INDEX THEN
		NULL;
END;
/
BEGIN
	INSERT INTO CSR.EST_METER_CONV (METER_TYPE, UOM) VALUES ('Alternative Water Generated On-Site - Mixed Indoor/Outdoor', 'kcf (thousand cubic feet)');
EXCEPTION WHEN
	DUP_VAL_ON_INDEX THEN
		NULL;
END;
/
BEGIN
	INSERT INTO CSR.EST_METER_CONV (METER_TYPE, UOM) VALUES ('Alternative Water Generated On-Site - Outdoor', 'Gallons (UK)');
EXCEPTION WHEN
	DUP_VAL_ON_INDEX THEN
		NULL;
END;
/
BEGIN
	INSERT INTO CSR.EST_METER_CONV (METER_TYPE, UOM) VALUES ('Alternative Water Generated On-Site - Outdoor', 'Gallons (US)');
EXCEPTION WHEN
	DUP_VAL_ON_INDEX THEN
		NULL;
END;
/
BEGIN
	INSERT INTO CSR.EST_METER_CONV (METER_TYPE, UOM) VALUES ('Alternative Water Generated On-Site - Outdoor', 'KGal (thousand gallons) (UK)');
EXCEPTION WHEN
	DUP_VAL_ON_INDEX THEN
		NULL;
END;
/
BEGIN
	INSERT INTO CSR.EST_METER_CONV (METER_TYPE, UOM) VALUES ('Alternative Water Generated On-Site - Outdoor', 'KGal (thousand gallons) (US)');
EXCEPTION WHEN
	DUP_VAL_ON_INDEX THEN
		NULL;
END;
/
BEGIN
	INSERT INTO CSR.EST_METER_CONV (METER_TYPE, UOM) VALUES ('Alternative Water Generated On-Site - Outdoor', 'Kcm (Thousand Cubic meters)');
EXCEPTION WHEN
	DUP_VAL_ON_INDEX THEN
		NULL;
END;
/
BEGIN
	INSERT INTO CSR.EST_METER_CONV (METER_TYPE, UOM) VALUES ('Alternative Water Generated On-Site - Outdoor', 'Liters');
EXCEPTION WHEN
	DUP_VAL_ON_INDEX THEN
		NULL;
END;
/
BEGIN
	INSERT INTO CSR.EST_METER_CONV (METER_TYPE, UOM) VALUES ('Alternative Water Generated On-Site - Outdoor', 'MCF(million cubic feet)');
EXCEPTION WHEN
	DUP_VAL_ON_INDEX THEN
		NULL;
END;
/
BEGIN
	INSERT INTO CSR.EST_METER_CONV (METER_TYPE, UOM) VALUES ('Alternative Water Generated On-Site - Outdoor', 'MGal (million gallons) (UK)');
EXCEPTION WHEN
	DUP_VAL_ON_INDEX THEN
		NULL;
END;
/
BEGIN
	INSERT INTO CSR.EST_METER_CONV (METER_TYPE, UOM) VALUES ('Alternative Water Generated On-Site - Outdoor', 'MGal (million gallons) (US)');
EXCEPTION WHEN
	DUP_VAL_ON_INDEX THEN
		NULL;
END;
/
BEGIN
	INSERT INTO CSR.EST_METER_CONV (METER_TYPE, UOM) VALUES ('Alternative Water Generated On-Site - Outdoor', 'cGal (hundred gallons) (UK)');
EXCEPTION WHEN
	DUP_VAL_ON_INDEX THEN
		NULL;
END;
/
BEGIN
	INSERT INTO CSR.EST_METER_CONV (METER_TYPE, UOM) VALUES ('Alternative Water Generated On-Site - Outdoor', 'cGal (hundred gallons) (US)');
EXCEPTION WHEN
	DUP_VAL_ON_INDEX THEN
		NULL;
END;
/
BEGIN
	INSERT INTO CSR.EST_METER_CONV (METER_TYPE, UOM) VALUES ('Alternative Water Generated On-Site - Outdoor', 'ccf (hundred cubic feet)');
EXCEPTION WHEN
	DUP_VAL_ON_INDEX THEN
		NULL;
END;
/
BEGIN
	INSERT INTO CSR.EST_METER_CONV (METER_TYPE, UOM) VALUES ('Alternative Water Generated On-Site - Outdoor', 'cf (cubic feet)');
EXCEPTION WHEN
	DUP_VAL_ON_INDEX THEN
		NULL;
END;
/
BEGIN
	INSERT INTO CSR.EST_METER_CONV (METER_TYPE, UOM) VALUES ('Alternative Water Generated On-Site - Outdoor', 'cm (Cubic meters)');
EXCEPTION WHEN
	DUP_VAL_ON_INDEX THEN
		NULL;
END;
/
BEGIN
	INSERT INTO CSR.EST_METER_CONV (METER_TYPE, UOM) VALUES ('Alternative Water Generated On-Site - Outdoor', 'kcf (thousand cubic feet)');
EXCEPTION WHEN
	DUP_VAL_ON_INDEX THEN
		NULL;
END;
/
BEGIN
	INSERT INTO CSR.EST_METER_CONV (METER_TYPE, UOM) VALUES ('Average Influent Flow', 'Gallons (UK)');
EXCEPTION WHEN
	DUP_VAL_ON_INDEX THEN
		NULL;
END;
/
BEGIN
	INSERT INTO CSR.EST_METER_CONV (METER_TYPE, UOM) VALUES ('Average Influent Flow', 'Gallons (US)');
EXCEPTION WHEN
	DUP_VAL_ON_INDEX THEN
		NULL;
END;
/
BEGIN
	INSERT INTO CSR.EST_METER_CONV (METER_TYPE, UOM) VALUES ('Average Influent Flow', 'KGal (thousand gallons) (US)');
EXCEPTION WHEN
	DUP_VAL_ON_INDEX THEN
		NULL;
END;
/
BEGIN
	INSERT INTO CSR.EST_METER_CONV (METER_TYPE, UOM) VALUES ('Average Influent Flow', 'Liters');
EXCEPTION WHEN
	DUP_VAL_ON_INDEX THEN
		NULL;
END;
/
BEGIN
	INSERT INTO CSR.EST_METER_CONV (METER_TYPE, UOM) VALUES ('Average Influent Flow', 'ccf (hundred cubic feet)');
EXCEPTION WHEN
	DUP_VAL_ON_INDEX THEN
		NULL;
END;
/
BEGIN
	INSERT INTO CSR.EST_METER_CONV (METER_TYPE, UOM) VALUES ('Average Influent Flow', 'cf (cubic feet)');
EXCEPTION WHEN
	DUP_VAL_ON_INDEX THEN
		NULL;
END;
/
BEGIN
	INSERT INTO CSR.EST_METER_CONV (METER_TYPE, UOM) VALUES ('Average Influent Flow', 'cm (Cubic meters)');
EXCEPTION WHEN
	DUP_VAL_ON_INDEX THEN
		NULL;
END;
/
BEGIN
	INSERT INTO CSR.EST_METER_CONV (METER_TYPE, UOM) VALUES ('Average Influent Flow', 'kcf (thousand cubic feet)');
EXCEPTION WHEN
	DUP_VAL_ON_INDEX THEN
		NULL;
END;
/
BEGIN
	INSERT INTO CSR.EST_METER_CONV (METER_TYPE, UOM) VALUES ('Coal Anthracite', 'GJ');
EXCEPTION WHEN
	DUP_VAL_ON_INDEX THEN
		NULL;
END;
/
BEGIN
	INSERT INTO CSR.EST_METER_CONV (METER_TYPE, UOM) VALUES ('Coal Anthracite', 'KLbs. (thousand pounds)');
EXCEPTION WHEN
	DUP_VAL_ON_INDEX THEN
		NULL;
END;
/
BEGIN
	INSERT INTO CSR.EST_METER_CONV (METER_TYPE, UOM) VALUES ('Coal Anthracite', 'MBtu (million Btu)');
EXCEPTION WHEN
	DUP_VAL_ON_INDEX THEN
		NULL;
END;
/
BEGIN
	INSERT INTO CSR.EST_METER_CONV (METER_TYPE, UOM) VALUES ('Coal Anthracite', 'MLbs. (million pounds)');
EXCEPTION WHEN
	DUP_VAL_ON_INDEX THEN
		NULL;
END;
/
BEGIN
	INSERT INTO CSR.EST_METER_CONV (METER_TYPE, UOM) VALUES ('Coal Anthracite', 'Tonnes (metric)');
EXCEPTION WHEN
	DUP_VAL_ON_INDEX THEN
		NULL;
END;
/
BEGIN
	INSERT INTO CSR.EST_METER_CONV (METER_TYPE, UOM) VALUES ('Coal Anthracite', 'kBtu (thousand Btu)');
EXCEPTION WHEN
	DUP_VAL_ON_INDEX THEN
		NULL;
END;
/
BEGIN
	INSERT INTO CSR.EST_METER_CONV (METER_TYPE, UOM) VALUES ('Coal Anthracite', 'pounds');
EXCEPTION WHEN
	DUP_VAL_ON_INDEX THEN
		NULL;
END;
/
BEGIN
	INSERT INTO CSR.EST_METER_CONV (METER_TYPE, UOM) VALUES ('Coal Anthracite', 'tons');
EXCEPTION WHEN
	DUP_VAL_ON_INDEX THEN
		NULL;
END;
/
BEGIN
	INSERT INTO CSR.EST_METER_CONV (METER_TYPE, UOM) VALUES ('Coal Bituminous', 'GJ');
EXCEPTION WHEN
	DUP_VAL_ON_INDEX THEN
		NULL;
END;
/
BEGIN
	INSERT INTO CSR.EST_METER_CONV (METER_TYPE, UOM) VALUES ('Coal Bituminous', 'KLbs. (thousand pounds)');
EXCEPTION WHEN
	DUP_VAL_ON_INDEX THEN
		NULL;
END;
/
BEGIN
	INSERT INTO CSR.EST_METER_CONV (METER_TYPE, UOM) VALUES ('Coal Bituminous', 'MBtu (million Btu)');
EXCEPTION WHEN
	DUP_VAL_ON_INDEX THEN
		NULL;
END;
/
BEGIN
	INSERT INTO CSR.EST_METER_CONV (METER_TYPE, UOM) VALUES ('Coal Bituminous', 'MLbs. (million pounds)');
EXCEPTION WHEN
	DUP_VAL_ON_INDEX THEN
		NULL;
END;
/
BEGIN
	INSERT INTO CSR.EST_METER_CONV (METER_TYPE, UOM) VALUES ('Coal Bituminous', 'Tonnes (metric)');
EXCEPTION WHEN
	DUP_VAL_ON_INDEX THEN
		NULL;
END;
/
BEGIN
	INSERT INTO CSR.EST_METER_CONV (METER_TYPE, UOM) VALUES ('Coal Bituminous', 'kBtu (thousand Btu)');
EXCEPTION WHEN
	DUP_VAL_ON_INDEX THEN
		NULL;
END;
/
BEGIN
	INSERT INTO CSR.EST_METER_CONV (METER_TYPE, UOM) VALUES ('Coal Bituminous', 'pounds');
EXCEPTION WHEN
	DUP_VAL_ON_INDEX THEN
		NULL;
END;
/
BEGIN
	INSERT INTO CSR.EST_METER_CONV (METER_TYPE, UOM) VALUES ('Coal Bituminous', 'tons');
EXCEPTION WHEN
	DUP_VAL_ON_INDEX THEN
		NULL;
END;
/



-- ** New package grants **

-- *** Conditional Packages ***

-- *** Packages ***

@update_tail
