-- Please update version.sql too -- this keeps clean builds in sync
define version=3040
define minor_version=34
@update_header

-- *** DDL ***
-- Create tables

CREATE SEQUENCE CSR.COMPLIANCE_REGION_MAP_ID_SEQ;

CREATE TABLE CSR.COMPLIANCE_REGION_MAP
(
	COMPLIANCE_REGION_MAP_ID	NUMBER(10) NOT NULL,
	COMPLIANCE_ITEM_SOURCE_ID	NUMBER(3),
	SOURCE_COUNTRY				VARCHAR2(3),
	SOURCE_COUNTRY_LABEL		VARCHAR2(1024),
	SOURCE_REGION				VARCHAR2(3),
	SOURCE_REGION_LABEL			VARCHAR2(1024),
	COUNTRY						VARCHAR2(2),
	REGION						VARCHAR2(2),
	CONSTRAINT PK_COM_REG_MAP PRIMARY KEY (COMPLIANCE_REGION_MAP_ID),
	CONSTRAINT UK_COM_REG_MAP UNIQUE (COMPLIANCE_ITEM_SOURCE_ID, SOURCE_COUNTRY, SOURCE_REGION, COUNTRY, REGION)
);

CREATE TABLE CSR.REGION_GROUP
(
	REGION_GROUP_ID				VARCHAR2(3),
	GROUP_NAME					VARCHAR2(1024),
	CONSTRAINT PK_REG_GRP PRIMARY KEY (REGION_GROUP_ID)
);

CREATE TABLE CSR.REGION_GROUP_REGION
(
	REGION_GROUP_ID				VARCHAR2(3) NOT NULL,
	COUNTRY						VARCHAR2(2),
	REGION						VARCHAR2(2),
	CONSTRAINT PK_REG_GRP_REG PRIMARY KEY (REGION_GROUP_ID, COUNTRY, REGION)
);

CREATE INDEX CSR.IX_COMP_REG_MAP_REG ON CSR.COMPLIANCE_REGION_MAP(COUNTRY, REGION);

CREATE INDEX CSR.IX_COMP_REG_MAP_CI_SRC ON CSR.COMPLIANCE_REGION_MAP(COMPLIANCE_ITEM_SOURCE_ID);

CREATE INDEX CSR.IX_REG_GRP_REG_REG ON CSR.REGION_GROUP_REGION(COUNTRY, REGION);

CREATE INDEX CSR.IX_REG_GRP_REG_REG_GRP ON CSR.REGION_GROUP_REGION(REGION_GROUP_ID);

-- Alter tables

ALTER TABLE CSR.COMPLIANCE_ITEM ADD (
	REGION_GROUP		VARCHAR2(3)
);

ALTER TABLE CSRIMP.COMPLIANCE_ITEM ADD (
	REGION_GROUP		VARCHAR2(3)
);

CREATE INDEX CSR.IX_CI_REG_GRP ON CSR.COMPLIANCE_ITEM(REGION_GROUP);

CREATE INDEX CSR.IX_CIT_CI ON CSR.COMPLIANCE_ITEM_TAG(APP_SID, COMPLIANCE_ITEM_ID);

CREATE INDEX CSR.IX_COMPLIANCE_ITEM_REGION_CI ON CSR.COMPLIANCE_ITEM_REGION(APP_SID, COMPLIANCE_ITEM_ID);

ALTER TABLE CSR.COMPLIANCE_ITEM ADD CONSTRAINT FK_CI_REG_GRP
	FOREIGN KEY (REGION_GROUP)
	REFERENCES CSR.REGION_GROUP(REGION_GROUP_ID);

ALTER TABLE CSR.COMPLIANCE_ITEM_REGION ADD CONSTRAINT FK_CIR_CI
    FOREIGN KEY (APP_SID, COMPLIANCE_ITEM_ID)
    REFERENCES CSR.COMPLIANCE_ITEM(APP_SID, COMPLIANCE_ITEM_ID);	
	
ALTER TABLE CSR.COMPLIANCE_REGION_MAP ADD CONSTRAINT FK_COM_REG_MAP_CI_SRC
	FOREIGN KEY (COMPLIANCE_ITEM_SOURCE_ID)
	REFERENCES CSR.COMPLIANCE_ITEM_SOURCE(COMPLIANCE_ITEM_SOURCE_ID);

ALTER TABLE CSR.REGION_GROUP_REGION ADD CONSTRAINT FK_REG_GRP_REG_REG_GRP
	FOREIGN KEY (REGION_GROUP_ID)
	REFERENCES CSR.REGION_GROUP(REGION_GROUP_ID);
	
-- *** Grants ***

-- ** Cross schema constraints ***

ALTER TABLE CSR.COMPLIANCE_REGION_MAP ADD CONSTRAINT FK_COM_REG_MAP_P_REG
	FOREIGN KEY (COUNTRY, REGION)
	REFERENCES POSTCODE.REGION(COUNTRY, REGION);

ALTER TABLE CSR.REGION_GROUP_REGION ADD CONSTRAINT FK_REG_GRP_REG_P_REG
	FOREIGN KEY (COUNTRY, REGION)
	REFERENCES POSTCODE.REGION(COUNTRY, REGION);
	
-- *** Views ***
-- Please paste the content of the view and add a comment referencing the path of the create_views file which will contain your view changes.

-- *** Data changes ***
-- RLS

-- Data

BEGIN
	INSERT INTO CSR.COMPLIANCE_REGION_MAP
	(COMPLIANCE_REGION_MAP_ID, COMPLIANCE_ITEM_SOURCE_ID, SOURCE_COUNTRY, SOURCE_COUNTRY_LABEL, SOURCE_REGION, SOURCE_REGION_LABEL, COUNTRY, REGION)
	VALUES (CSR.COMPLIANCE_REGION_MAP_ID_SEQ.NEXTVAL, 1, 'TP', 'East Timor', NULL, NULL, 'tl', NULL);
	
	INSERT INTO CSR.COMPLIANCE_REGION_MAP
	(COMPLIANCE_REGION_MAP_ID, COMPLIANCE_ITEM_SOURCE_ID, SOURCE_COUNTRY, SOURCE_COUNTRY_LABEL, SOURCE_REGION, SOURCE_REGION_LABEL, COUNTRY, REGION)
	VALUES (CSR.COMPLIANCE_REGION_MAP_ID_SEQ.NEXTVAL, 1, 'FR', 'FRANCE', 'NC', 'NEW CALEDONIA', 'nc', NULL);
	
	INSERT INTO CSR.COMPLIANCE_REGION_MAP
	(COMPLIANCE_REGION_MAP_ID, COMPLIANCE_ITEM_SOURCE_ID, SOURCE_COUNTRY, SOURCE_COUNTRY_LABEL, SOURCE_REGION, SOURCE_REGION_LABEL, COUNTRY, REGION)
	VALUES (CSR.COMPLIANCE_REGION_MAP_ID_SEQ.NEXTVAL, 1, 'XB', 'KOREA,NORTH', NULL, NULL, 'kp', NULL);
	
	INSERT INTO CSR.COMPLIANCE_REGION_MAP
	(COMPLIANCE_REGION_MAP_ID, COMPLIANCE_ITEM_SOURCE_ID, SOURCE_COUNTRY, SOURCE_COUNTRY_LABEL, SOURCE_REGION, SOURCE_REGION_LABEL, COUNTRY, REGION)
	VALUES (CSR.COMPLIANCE_REGION_MAP_ID_SEQ.NEXTVAL, 1, 'CN', 'CHINA', 'MAC', 'MACAU', 'mo', NULL);
	
	INSERT INTO CSR.COMPLIANCE_REGION_MAP
	(COMPLIANCE_REGION_MAP_ID, COMPLIANCE_ITEM_SOURCE_ID, SOURCE_COUNTRY, SOURCE_COUNTRY_LABEL, SOURCE_REGION, SOURCE_REGION_LABEL, COUNTRY, REGION)
	VALUES (CSR.COMPLIANCE_REGION_MAP_ID_SEQ.NEXTVAL, 1, 'KO', 'Kosovo', NULL, NULL, 'xk', NULL);
	
	INSERT INTO CSR.COMPLIANCE_REGION_MAP
	(COMPLIANCE_REGION_MAP_ID, COMPLIANCE_ITEM_SOURCE_ID, SOURCE_COUNTRY, SOURCE_COUNTRY_LABEL, SOURCE_REGION, SOURCE_REGION_LABEL, COUNTRY, REGION)
	VALUES (CSR.COMPLIANCE_REGION_MAP_ID_SEQ.NEXTVAL, 1, 'AT', 'AUSTRIA', 'WI', 'VIENNA', 'at', '09');
	
	INSERT INTO CSR.COMPLIANCE_REGION_MAP
	(COMPLIANCE_REGION_MAP_ID, COMPLIANCE_ITEM_SOURCE_ID, SOURCE_COUNTRY, SOURCE_COUNTRY_LABEL, SOURCE_REGION, SOURCE_REGION_LABEL, COUNTRY, REGION)
	VALUES (CSR.COMPLIANCE_REGION_MAP_ID_SEQ.NEXTVAL, 1, 'DE', 'GERMANY', 'BY', 'BAVARIA', 'de', '02');
	
	INSERT INTO CSR.COMPLIANCE_REGION_MAP
	(COMPLIANCE_REGION_MAP_ID, COMPLIANCE_ITEM_SOURCE_ID, SOURCE_COUNTRY, SOURCE_COUNTRY_LABEL, SOURCE_REGION, SOURCE_REGION_LABEL, COUNTRY, REGION)
	VALUES (CSR.COMPLIANCE_REGION_MAP_ID_SEQ.NEXTVAL, 1, 'BE', 'BELGIUM', 'BRU', 'BRUSSELS', 'be', '11');
	
	INSERT INTO CSR.COMPLIANCE_REGION_MAP
	(COMPLIANCE_REGION_MAP_ID, COMPLIANCE_ITEM_SOURCE_ID, SOURCE_COUNTRY, SOURCE_COUNTRY_LABEL, SOURCE_REGION, SOURCE_REGION_LABEL, COUNTRY, REGION)
	VALUES (CSR.COMPLIANCE_REGION_MAP_ID_SEQ.NEXTVAL, 1, 'CN', 'CHINA', 'ZHE', 'ZHEJIANG', 'cn', '02');
	
	INSERT INTO CSR.COMPLIANCE_REGION_MAP
	(COMPLIANCE_REGION_MAP_ID, COMPLIANCE_ITEM_SOURCE_ID, SOURCE_COUNTRY, SOURCE_COUNTRY_LABEL, SOURCE_REGION, SOURCE_REGION_LABEL, COUNTRY, REGION)
	VALUES (CSR.COMPLIANCE_REGION_MAP_ID_SEQ.NEXTVAL, 1, 'NL', 'NETHERLANDS', 'ZH', 'ZUID-HOLLAND', 'nl', '11');
	
	INSERT INTO CSR.COMPLIANCE_REGION_MAP
	(COMPLIANCE_REGION_MAP_ID, COMPLIANCE_ITEM_SOURCE_ID, SOURCE_COUNTRY, SOURCE_COUNTRY_LABEL, SOURCE_REGION, SOURCE_REGION_LABEL, COUNTRY, REGION)
	VALUES (CSR.COMPLIANCE_REGION_MAP_ID_SEQ.NEXTVAL, 1, 'CH', 'SWITZERLAND', 'ZH', 'ZURICH', 'ch', '25');
	
	INSERT INTO CSR.COMPLIANCE_REGION_MAP
	(COMPLIANCE_REGION_MAP_ID, COMPLIANCE_ITEM_SOURCE_ID, SOURCE_COUNTRY, SOURCE_COUNTRY_LABEL, SOURCE_REGION, SOURCE_REGION_LABEL, COUNTRY, REGION)
	VALUES (CSR.COMPLIANCE_REGION_MAP_ID_SEQ.NEXTVAL, 1, 'CH', 'SWITZERLAND', 'ZG', 'ZUG', 'ch', '24');
	
	INSERT INTO CSR.COMPLIANCE_REGION_MAP
	(COMPLIANCE_REGION_MAP_ID, COMPLIANCE_ITEM_SOURCE_ID, SOURCE_COUNTRY, SOURCE_COUNTRY_LABEL, SOURCE_REGION, SOURCE_REGION_LABEL, COUNTRY, REGION)
	VALUES (CSR.COMPLIANCE_REGION_MAP_ID_SEQ.NEXTVAL, 1, 'NL', 'NETHERLANDS', 'ZE', 'ZEELAND', 'nl', '10');
	
	INSERT INTO CSR.COMPLIANCE_REGION_MAP
	(COMPLIANCE_REGION_MAP_ID, COMPLIANCE_ITEM_SOURCE_ID, SOURCE_COUNTRY, SOURCE_COUNTRY_LABEL, SOURCE_REGION, SOURCE_REGION_LABEL, COUNTRY, REGION)
	VALUES (CSR.COMPLIANCE_REGION_MAP_ID_SEQ.NEXTVAL, 1, 'AR', 'ARGENTINA', 'Z', 'SANTA CRUZ', 'ar', '20');
	
	INSERT INTO CSR.COMPLIANCE_REGION_MAP
	(COMPLIANCE_REGION_MAP_ID, COMPLIANCE_ITEM_SOURCE_ID, SOURCE_COUNTRY, SOURCE_COUNTRY_LABEL, SOURCE_REGION, SOURCE_REGION_LABEL, COUNTRY, REGION)
	VALUES (CSR.COMPLIANCE_REGION_MAP_ID_SEQ.NEXTVAL, 1, 'CN', 'CHINA', 'YN', 'YUNNAN', 'cn', '29');
	
	INSERT INTO CSR.COMPLIANCE_REGION_MAP
	(COMPLIANCE_REGION_MAP_ID, COMPLIANCE_ITEM_SOURCE_ID, SOURCE_COUNTRY, SOURCE_COUNTRY_LABEL, SOURCE_REGION, SOURCE_REGION_LABEL, COUNTRY, REGION)
	VALUES (CSR.COMPLIANCE_REGION_MAP_ID_SEQ.NEXTVAL, 1, 'CN', 'CHINA', 'XZ', 'TIBET', 'cn', '14');
	
	INSERT INTO CSR.COMPLIANCE_REGION_MAP
	(COMPLIANCE_REGION_MAP_ID, COMPLIANCE_ITEM_SOURCE_ID, SOURCE_COUNTRY, SOURCE_COUNTRY_LABEL, SOURCE_REGION, SOURCE_REGION_LABEL, COUNTRY, REGION)
	VALUES (CSR.COMPLIANCE_REGION_MAP_ID_SEQ.NEXTVAL, 1, 'CN', 'CHINA', 'XJ', 'XINJIANG UYGHUR', 'cn', '13');
	
	INSERT INTO CSR.COMPLIANCE_REGION_MAP
	(COMPLIANCE_REGION_MAP_ID, COMPLIANCE_ITEM_SOURCE_ID, SOURCE_COUNTRY, SOURCE_COUNTRY_LABEL, SOURCE_REGION, SOURCE_REGION_LABEL, COUNTRY, REGION)
	VALUES (CSR.COMPLIANCE_REGION_MAP_ID_SEQ.NEXTVAL, 1, 'NA', 'NAMIBIA', 'WH', 'WINDHOEK', 'na', '21');
	
	INSERT INTO CSR.COMPLIANCE_REGION_MAP
	(COMPLIANCE_REGION_MAP_ID, COMPLIANCE_ITEM_SOURCE_ID, SOURCE_COUNTRY, SOURCE_COUNTRY_LABEL, SOURCE_REGION, SOURCE_REGION_LABEL, COUNTRY, REGION)
	VALUES (CSR.COMPLIANCE_REGION_MAP_ID_SEQ.NEXTVAL, 1, 'ZA', 'SOUTH AFRICA', 'WC', 'WESTERN CAPE', 'za', '11');
	
	INSERT INTO CSR.COMPLIANCE_REGION_MAP
	(COMPLIANCE_REGION_MAP_ID, COMPLIANCE_ITEM_SOURCE_ID, SOURCE_COUNTRY, SOURCE_COUNTRY_LABEL, SOURCE_REGION, SOURCE_REGION_LABEL, COUNTRY, REGION)
	VALUES (CSR.COMPLIANCE_REGION_MAP_ID_SEQ.NEXTVAL, 1, 'IN', 'INDIA', 'WB', 'WEST BENGAL', 'in', '28');
	
	INSERT INTO CSR.COMPLIANCE_REGION_MAP
	(COMPLIANCE_REGION_MAP_ID, COMPLIANCE_ITEM_SOURCE_ID, SOURCE_COUNTRY, SOURCE_COUNTRY_LABEL, SOURCE_REGION, SOURCE_REGION_LABEL, COUNTRY, REGION)
	VALUES (CSR.COMPLIANCE_REGION_MAP_ID_SEQ.NEXTVAL, 1, 'AU', 'AUSTRALIA', 'WA', 'WESTERN AUSTRALIA', 'au', '08');
	
	INSERT INTO CSR.COMPLIANCE_REGION_MAP
	(COMPLIANCE_REGION_MAP_ID, COMPLIANCE_ITEM_SOURCE_ID, SOURCE_COUNTRY, SOURCE_COUNTRY_LABEL, SOURCE_REGION, SOURCE_REGION_LABEL, COUNTRY, REGION)
	VALUES (CSR.COMPLIANCE_REGION_MAP_ID_SEQ.NEXTVAL, 1, 'AU', 'AUSTRALIA', 'VIC', 'VICTORIA', 'au', '07');
	
	INSERT INTO CSR.COMPLIANCE_REGION_MAP
	(COMPLIANCE_REGION_MAP_ID, COMPLIANCE_ITEM_SOURCE_ID, SOURCE_COUNTRY, SOURCE_COUNTRY_LABEL, SOURCE_REGION, SOURCE_REGION_LABEL, COUNTRY, REGION)
	VALUES (CSR.COMPLIANCE_REGION_MAP_ID_SEQ.NEXTVAL, 1, 'MX', 'MEXICO', 'VER', 'VERACRUZ', 'mx', '30');
	
	INSERT INTO CSR.COMPLIANCE_REGION_MAP
	(COMPLIANCE_REGION_MAP_ID, COMPLIANCE_ITEM_SOURCE_ID, SOURCE_COUNTRY, SOURCE_COUNTRY_LABEL, SOURCE_REGION, SOURCE_REGION_LABEL, COUNTRY, REGION)
	VALUES (CSR.COMPLIANCE_REGION_MAP_ID_SEQ.NEXTVAL, 1, 'IT', 'ITALY', 'VEN', 'VENETO', 'it', '20');
	
	INSERT INTO CSR.COMPLIANCE_REGION_MAP
	(COMPLIANCE_REGION_MAP_ID, COMPLIANCE_ITEM_SOURCE_ID, SOURCE_COUNTRY, SOURCE_COUNTRY_LABEL, SOURCE_REGION, SOURCE_REGION_LABEL, COUNTRY, REGION)
	VALUES (CSR.COMPLIANCE_REGION_MAP_ID_SEQ.NEXTVAL, 1, 'NL', 'NETHERLANDS', 'UT', 'UTRECHT', 'nl', '09');
	
	INSERT INTO CSR.COMPLIANCE_REGION_MAP
	(COMPLIANCE_REGION_MAP_ID, COMPLIANCE_ITEM_SOURCE_ID, SOURCE_COUNTRY, SOURCE_COUNTRY_LABEL, SOURCE_REGION, SOURCE_REGION_LABEL, COUNTRY, REGION)
	VALUES (CSR.COMPLIANCE_REGION_MAP_ID_SEQ.NEXTVAL, 1, 'IN', 'INDIA', 'UP', 'UTTAR PRADESH', 'in', '36');
	
	INSERT INTO CSR.COMPLIANCE_REGION_MAP
	(COMPLIANCE_REGION_MAP_ID, COMPLIANCE_ITEM_SOURCE_ID, SOURCE_COUNTRY, SOURCE_COUNTRY_LABEL, SOURCE_REGION, SOURCE_REGION_LABEL, COUNTRY, REGION)
	VALUES (CSR.COMPLIANCE_REGION_MAP_ID_SEQ.NEXTVAL, 1, 'IT', 'ITALY', 'TUS', 'TUSCANY', 'it', '16');
	
	INSERT INTO CSR.COMPLIANCE_REGION_MAP
	(COMPLIANCE_REGION_MAP_ID, COMPLIANCE_ITEM_SOURCE_ID, SOURCE_COUNTRY, SOURCE_COUNTRY_LABEL, SOURCE_REGION, SOURCE_REGION_LABEL, COUNTRY, REGION)
	VALUES (CSR.COMPLIANCE_REGION_MAP_ID_SEQ.NEXTVAL, 1, 'IN', 'INDIA', 'TN', 'TAMIL NADU', 'in', '25');
	
	INSERT INTO CSR.COMPLIANCE_REGION_MAP
	(COMPLIANCE_REGION_MAP_ID, COMPLIANCE_ITEM_SOURCE_ID, SOURCE_COUNTRY, SOURCE_COUNTRY_LABEL, SOURCE_REGION, SOURCE_REGION_LABEL, COUNTRY, REGION)
	VALUES (CSR.COMPLIANCE_REGION_MAP_ID_SEQ.NEXTVAL, 1, 'MX', 'MEXICO', 'TLA', 'TLAXCALA', 'mx', '29');
	
	INSERT INTO CSR.COMPLIANCE_REGION_MAP
	(COMPLIANCE_REGION_MAP_ID, COMPLIANCE_ITEM_SOURCE_ID, SOURCE_COUNTRY, SOURCE_COUNTRY_LABEL, SOURCE_REGION, SOURCE_REGION_LABEL, COUNTRY, REGION)
	VALUES (CSR.COMPLIANCE_REGION_MAP_ID_SEQ.NEXTVAL, 1, 'CN', 'CHINA', 'TIA', 'TIANJIN', 'cn', '28');
	
	INSERT INTO CSR.COMPLIANCE_REGION_MAP
	(COMPLIANCE_REGION_MAP_ID, COMPLIANCE_ITEM_SOURCE_ID, SOURCE_COUNTRY, SOURCE_COUNTRY_LABEL, SOURCE_REGION, SOURCE_REGION_LABEL, COUNTRY, REGION)
	VALUES (CSR.COMPLIANCE_REGION_MAP_ID_SEQ.NEXTVAL, 1, 'CH', 'SWITZERLAND', 'TI', 'TICINO', 'ch', '20');
	
	INSERT INTO CSR.COMPLIANCE_REGION_MAP
	(COMPLIANCE_REGION_MAP_ID, COMPLIANCE_ITEM_SOURCE_ID, SOURCE_COUNTRY, SOURCE_COUNTRY_LABEL, SOURCE_REGION, SOURCE_REGION_LABEL, COUNTRY, REGION)
	VALUES (CSR.COMPLIANCE_REGION_MAP_ID_SEQ.NEXTVAL, 1, 'DE', 'GERMANY', 'TH', 'THURINGIA', 'de', '15');
	
	INSERT INTO CSR.COMPLIANCE_REGION_MAP
	(COMPLIANCE_REGION_MAP_ID, COMPLIANCE_ITEM_SOURCE_ID, SOURCE_COUNTRY, SOURCE_COUNTRY_LABEL, SOURCE_REGION, SOURCE_REGION_LABEL, COUNTRY, REGION)
	VALUES (CSR.COMPLIANCE_REGION_MAP_ID_SEQ.NEXTVAL, 1, 'CH', 'SWITZERLAND', 'TG', 'THURGAU', 'ch', '19');
	
	INSERT INTO CSR.COMPLIANCE_REGION_MAP
	(COMPLIANCE_REGION_MAP_ID, COMPLIANCE_ITEM_SOURCE_ID, SOURCE_COUNTRY, SOURCE_COUNTRY_LABEL, SOURCE_REGION, SOURCE_REGION_LABEL, COUNTRY, REGION)
	VALUES (CSR.COMPLIANCE_REGION_MAP_ID_SEQ.NEXTVAL, 1, 'AU', 'AUSTRALIA', 'TAS', 'TASMANIA', 'au', '06');
	
	INSERT INTO CSR.COMPLIANCE_REGION_MAP
	(COMPLIANCE_REGION_MAP_ID, COMPLIANCE_ITEM_SOURCE_ID, SOURCE_COUNTRY, SOURCE_COUNTRY_LABEL, SOURCE_REGION, SOURCE_REGION_LABEL, COUNTRY, REGION)
	VALUES (CSR.COMPLIANCE_REGION_MAP_ID_SEQ.NEXTVAL, 1, 'MX', 'MEXICO', 'TAM', 'TAMAULIPAS', 'mx', '28');
	
	INSERT INTO CSR.COMPLIANCE_REGION_MAP
	(COMPLIANCE_REGION_MAP_ID, COMPLIANCE_ITEM_SOURCE_ID, SOURCE_COUNTRY, SOURCE_COUNTRY_LABEL, SOURCE_REGION, SOURCE_REGION_LABEL, COUNTRY, REGION)
	VALUES (CSR.COMPLIANCE_REGION_MAP_ID_SEQ.NEXTVAL, 1, 'MX', 'MEXICO', 'TAB', 'TABASCO', 'mx', '27');
	
	INSERT INTO CSR.COMPLIANCE_REGION_MAP
	(COMPLIANCE_REGION_MAP_ID, COMPLIANCE_ITEM_SOURCE_ID, SOURCE_COUNTRY, SOURCE_COUNTRY_LABEL, SOURCE_REGION, SOURCE_REGION_LABEL, COUNTRY, REGION)
	VALUES (CSR.COMPLIANCE_REGION_MAP_ID_SEQ.NEXTVAL, 1, 'DE', 'GERMANY', 'ST', 'SAXONY-ANHALT', 'de', '14');
	
	INSERT INTO CSR.COMPLIANCE_REGION_MAP
	(COMPLIANCE_REGION_MAP_ID, COMPLIANCE_ITEM_SOURCE_ID, SOURCE_COUNTRY, SOURCE_COUNTRY_LABEL, SOURCE_REGION, SOURCE_REGION_LABEL, COUNTRY, REGION)
	VALUES (CSR.COMPLIANCE_REGION_MAP_ID_SEQ.NEXTVAL, 1, 'BA', 'BOSNIA HERCEGOVINA', 'SRP', 'SRPSKA', 'ba', '02');
	
	INSERT INTO CSR.COMPLIANCE_REGION_MAP
	(COMPLIANCE_REGION_MAP_ID, COMPLIANCE_ITEM_SOURCE_ID, SOURCE_COUNTRY, SOURCE_COUNTRY_LABEL, SOURCE_REGION, SOURCE_REGION_LABEL, COUNTRY, REGION)
	VALUES (CSR.COMPLIANCE_REGION_MAP_ID_SEQ.NEXTVAL, 1, 'BR', 'BRAZIL', 'SP', 'SÃO PAULO', 'br', '27');
	
	INSERT INTO CSR.COMPLIANCE_REGION_MAP
	(COMPLIANCE_REGION_MAP_ID, COMPLIANCE_ITEM_SOURCE_ID, SOURCE_COUNTRY, SOURCE_COUNTRY_LABEL, SOURCE_REGION, SOURCE_REGION_LABEL, COUNTRY, REGION)
	VALUES (CSR.COMPLIANCE_REGION_MAP_ID_SEQ.NEXTVAL, 1, 'MX', 'MEXICO', 'SON', 'SONORA', 'mx', '26');
	
	INSERT INTO CSR.COMPLIANCE_REGION_MAP
	(COMPLIANCE_REGION_MAP_ID, COMPLIANCE_ITEM_SOURCE_ID, SOURCE_COUNTRY, SOURCE_COUNTRY_LABEL, SOURCE_REGION, SOURCE_REGION_LABEL, COUNTRY, REGION)
	VALUES (CSR.COMPLIANCE_REGION_MAP_ID_SEQ.NEXTVAL, 1, 'MX', 'MEXICO', 'SLP', 'SAN LUIS POTOSI', 'mx', '24');
	
	INSERT INTO CSR.COMPLIANCE_REGION_MAP
	(COMPLIANCE_REGION_MAP_ID, COMPLIANCE_ITEM_SOURCE_ID, SOURCE_COUNTRY, SOURCE_COUNTRY_LABEL, SOURCE_REGION, SOURCE_REGION_LABEL, COUNTRY, REGION)
	VALUES (CSR.COMPLIANCE_REGION_MAP_ID_SEQ.NEXTVAL, 1, 'DE', 'GERMANY', 'SL', 'SAARLAND', 'de', '09');
	
	INSERT INTO CSR.COMPLIANCE_REGION_MAP
	(COMPLIANCE_REGION_MAP_ID, COMPLIANCE_ITEM_SOURCE_ID, SOURCE_COUNTRY, SOURCE_COUNTRY_LABEL, SOURCE_REGION, SOURCE_REGION_LABEL, COUNTRY, REGION)
	VALUES (CSR.COMPLIANCE_REGION_MAP_ID_SEQ.NEXTVAL, 1, 'CA', 'CANADA', 'SK', 'SASKATCHEWAN', 'ca', '11');
	
	INSERT INTO CSR.COMPLIANCE_REGION_MAP
	(COMPLIANCE_REGION_MAP_ID, COMPLIANCE_ITEM_SOURCE_ID, SOURCE_COUNTRY, SOURCE_COUNTRY_LABEL, SOURCE_REGION, SOURCE_REGION_LABEL, COUNTRY, REGION)
	VALUES (CSR.COMPLIANCE_REGION_MAP_ID_SEQ.NEXTVAL, 1, 'CN', 'CHINA', 'SHG', 'SHANGHAI', 'cn', '23');
	
	INSERT INTO CSR.COMPLIANCE_REGION_MAP
	(COMPLIANCE_REGION_MAP_ID, COMPLIANCE_ITEM_SOURCE_ID, SOURCE_COUNTRY, SOURCE_COUNTRY_LABEL, SOURCE_REGION, SOURCE_REGION_LABEL, COUNTRY, REGION)
	VALUES (CSR.COMPLIANCE_REGION_MAP_ID_SEQ.NEXTVAL, 1, 'CN', 'CHINA', 'SHD', 'SHANDONG', 'cn', '25');
	
	INSERT INTO CSR.COMPLIANCE_REGION_MAP
	(COMPLIANCE_REGION_MAP_ID, COMPLIANCE_ITEM_SOURCE_ID, SOURCE_COUNTRY, SOURCE_COUNTRY_LABEL, SOURCE_REGION, SOURCE_REGION_LABEL, COUNTRY, REGION)
	VALUES (CSR.COMPLIANCE_REGION_MAP_ID_SEQ.NEXTVAL, 1, 'CN', 'CHINA', 'SHA', 'SHAANXI', 'cn', '26');
	
	INSERT INTO CSR.COMPLIANCE_REGION_MAP
	(COMPLIANCE_REGION_MAP_ID, COMPLIANCE_ITEM_SOURCE_ID, SOURCE_COUNTRY, SOURCE_COUNTRY_LABEL, SOURCE_REGION, SOURCE_REGION_LABEL, COUNTRY, REGION)
	VALUES (CSR.COMPLIANCE_REGION_MAP_ID_SEQ.NEXTVAL, 1, 'DE', 'GERMANY', 'SH', 'SCHLESWIGHOLSTEIN', 'de', '10');
	
	INSERT INTO CSR.COMPLIANCE_REGION_MAP
	(COMPLIANCE_REGION_MAP_ID, COMPLIANCE_ITEM_SOURCE_ID, SOURCE_COUNTRY, SOURCE_COUNTRY_LABEL, SOURCE_REGION, SOURCE_REGION_LABEL, COUNTRY, REGION)
	VALUES (CSR.COMPLIANCE_REGION_MAP_ID_SEQ.NEXTVAL, 1, 'BR', 'BRAZIL', 'SG', 'SERGIPE', 'br', '28');
	
	INSERT INTO CSR.COMPLIANCE_REGION_MAP
	(COMPLIANCE_REGION_MAP_ID, COMPLIANCE_ITEM_SOURCE_ID, SOURCE_COUNTRY, SOURCE_COUNTRY_LABEL, SOURCE_REGION, SOURCE_REGION_LABEL, COUNTRY, REGION)
	VALUES (CSR.COMPLIANCE_REGION_MAP_ID_SEQ.NEXTVAL, 1, 'RU', 'RUSSIA', 'SAK', 'SAKHALIN', 'ru', '64');
	
	INSERT INTO CSR.COMPLIANCE_REGION_MAP
	(COMPLIANCE_REGION_MAP_ID, COMPLIANCE_ITEM_SOURCE_ID, SOURCE_COUNTRY, SOURCE_COUNTRY_LABEL, SOURCE_REGION, SOURCE_REGION_LABEL, COUNTRY, REGION)
	VALUES (CSR.COMPLIANCE_REGION_MAP_ID_SEQ.NEXTVAL, 1, 'AU', 'AUSTRALIA', 'SA', 'SOUTH AUSTRALIA', 'au', '05');
	
	INSERT INTO CSR.COMPLIANCE_REGION_MAP
	(COMPLIANCE_REGION_MAP_ID, COMPLIANCE_ITEM_SOURCE_ID, SOURCE_COUNTRY, SOURCE_COUNTRY_LABEL, SOURCE_REGION, SOURCE_REGION_LABEL, COUNTRY, REGION)
	VALUES (CSR.COMPLIANCE_REGION_MAP_ID_SEQ.NEXTVAL, 1, 'DE', 'GERMANY', 'SA', 'SAXONY', 'de', '13');
	
	INSERT INTO CSR.COMPLIANCE_REGION_MAP
	(COMPLIANCE_REGION_MAP_ID, COMPLIANCE_ITEM_SOURCE_ID, SOURCE_COUNTRY, SOURCE_COUNTRY_LABEL, SOURCE_REGION, SOURCE_REGION_LABEL, COUNTRY, REGION)
	VALUES (CSR.COMPLIANCE_REGION_MAP_ID_SEQ.NEXTVAL, 1, 'BR', 'BRAZIL', 'RS', 'RIO GRANDE DO SUL', 'br', '23');
	
	INSERT INTO CSR.COMPLIANCE_REGION_MAP
	(COMPLIANCE_REGION_MAP_ID, COMPLIANCE_ITEM_SOURCE_ID, SOURCE_COUNTRY, SOURCE_COUNTRY_LABEL, SOURCE_REGION, SOURCE_REGION_LABEL, COUNTRY, REGION)
	VALUES (CSR.COMPLIANCE_REGION_MAP_ID_SEQ.NEXTVAL, 1, 'DE', 'GERMANY', 'RP', 'RHINELANDPALATINATE', 'de', '08');
	
	INSERT INTO CSR.COMPLIANCE_REGION_MAP
	(COMPLIANCE_REGION_MAP_ID, COMPLIANCE_ITEM_SOURCE_ID, SOURCE_COUNTRY, SOURCE_COUNTRY_LABEL, SOURCE_REGION, SOURCE_REGION_LABEL, COUNTRY, REGION)
	VALUES (CSR.COMPLIANCE_REGION_MAP_ID_SEQ.NEXTVAL, 1, 'BR', 'BRAZIL', 'RDJ', 'RÍO DE JANEIRO', 'br', '21');
	
	INSERT INTO CSR.COMPLIANCE_REGION_MAP
	(COMPLIANCE_REGION_MAP_ID, COMPLIANCE_ITEM_SOURCE_ID, SOURCE_COUNTRY, SOURCE_COUNTRY_LABEL, SOURCE_REGION, SOURCE_REGION_LABEL, COUNTRY, REGION)
	VALUES (CSR.COMPLIANCE_REGION_MAP_ID_SEQ.NEXTVAL, 1, 'AE', 'UNITED ARAB EMIRATES', 'RAK', 'RAS AL KHAIMA', 'ae', '05');
	
	INSERT INTO CSR.COMPLIANCE_REGION_MAP
	(COMPLIANCE_REGION_MAP_ID, COMPLIANCE_ITEM_SOURCE_ID, SOURCE_COUNTRY, SOURCE_COUNTRY_LABEL, SOURCE_REGION, SOURCE_REGION_LABEL, COUNTRY, REGION)
	VALUES (CSR.COMPLIANCE_REGION_MAP_ID_SEQ.NEXTVAL, 1, 'MX', 'MEXICO', 'QUE', 'QUERÉTARO', 'mx', '22');
	
	INSERT INTO CSR.COMPLIANCE_REGION_MAP
	(COMPLIANCE_REGION_MAP_ID, COMPLIANCE_ITEM_SOURCE_ID, SOURCE_COUNTRY, SOURCE_COUNTRY_LABEL, SOURCE_REGION, SOURCE_REGION_LABEL, COUNTRY, REGION)
	VALUES (CSR.COMPLIANCE_REGION_MAP_ID_SEQ.NEXTVAL, 1, 'AU', 'AUSTRALIA', 'QLD', 'QUEENSLAND', 'au', '04');
	
	INSERT INTO CSR.COMPLIANCE_REGION_MAP
	(COMPLIANCE_REGION_MAP_ID, COMPLIANCE_ITEM_SOURCE_ID, SOURCE_COUNTRY, SOURCE_COUNTRY_LABEL, SOURCE_REGION, SOURCE_REGION_LABEL, COUNTRY, REGION)
	VALUES (CSR.COMPLIANCE_REGION_MAP_ID_SEQ.NEXTVAL, 1, 'CN', 'CHINA', 'QH', 'QINGHAI', 'cn', '06');
	
	INSERT INTO CSR.COMPLIANCE_REGION_MAP
	(COMPLIANCE_REGION_MAP_ID, COMPLIANCE_ITEM_SOURCE_ID, SOURCE_COUNTRY, SOURCE_COUNTRY_LABEL, SOURCE_REGION, SOURCE_REGION_LABEL, COUNTRY, REGION)
	VALUES (CSR.COMPLIANCE_REGION_MAP_ID_SEQ.NEXTVAL, 1, 'CA', 'CANADA', 'QC', 'QUEBEC', 'ca', '10');
	
	INSERT INTO CSR.COMPLIANCE_REGION_MAP
	(COMPLIANCE_REGION_MAP_ID, COMPLIANCE_ITEM_SOURCE_ID, SOURCE_COUNTRY, SOURCE_COUNTRY_LABEL, SOURCE_REGION, SOURCE_REGION_LABEL, COUNTRY, REGION)
	VALUES (CSR.COMPLIANCE_REGION_MAP_ID_SEQ.NEXTVAL, 1, 'IN', 'INDIA', 'PY', 'PUDUCHERRY', 'in', '22');
	
	INSERT INTO CSR.COMPLIANCE_REGION_MAP
	(COMPLIANCE_REGION_MAP_ID, COMPLIANCE_ITEM_SOURCE_ID, SOURCE_COUNTRY, SOURCE_COUNTRY_LABEL, SOURCE_REGION, SOURCE_REGION_LABEL, COUNTRY, REGION)
	VALUES (CSR.COMPLIANCE_REGION_MAP_ID_SEQ.NEXTVAL, 1, 'ES', 'SPAIN', 'PV', 'BASQUE COUNTRY', 'es', '59');
	
	INSERT INTO CSR.COMPLIANCE_REGION_MAP
	(COMPLIANCE_REGION_MAP_ID, COMPLIANCE_ITEM_SOURCE_ID, SOURCE_COUNTRY, SOURCE_COUNTRY_LABEL, SOURCE_REGION, SOURCE_REGION_LABEL, COUNTRY, REGION)
	VALUES (CSR.COMPLIANCE_REGION_MAP_ID_SEQ.NEXTVAL, 1, 'MX', 'MEXICO', 'PUE', 'PUEBLA', 'mx', '21');
	
	INSERT INTO CSR.COMPLIANCE_REGION_MAP
	(COMPLIANCE_REGION_MAP_ID, COMPLIANCE_ITEM_SOURCE_ID, SOURCE_COUNTRY, SOURCE_COUNTRY_LABEL, SOURCE_REGION, SOURCE_REGION_LABEL, COUNTRY, REGION)
	VALUES (CSR.COMPLIANCE_REGION_MAP_ID_SEQ.NEXTVAL, 1, 'CA', 'CANADA', 'PE', 'PRINCE EDWARD ISLAND', 'ca', '09');
	
	INSERT INTO CSR.COMPLIANCE_REGION_MAP
	(COMPLIANCE_REGION_MAP_ID, COMPLIANCE_ITEM_SOURCE_ID, SOURCE_COUNTRY, SOURCE_COUNTRY_LABEL, SOURCE_REGION, SOURCE_REGION_LABEL, COUNTRY, REGION)
	VALUES (CSR.COMPLIANCE_REGION_MAP_ID_SEQ.NEXTVAL, 1, 'NL', 'NETHERLANDS', 'OV', 'OVERIJSSEL', 'nl', '08');
	
	INSERT INTO CSR.COMPLIANCE_REGION_MAP
	(COMPLIANCE_REGION_MAP_ID, COMPLIANCE_ITEM_SOURCE_ID, SOURCE_COUNTRY, SOURCE_COUNTRY_LABEL, SOURCE_REGION, SOURCE_REGION_LABEL, COUNTRY, REGION)
	VALUES (CSR.COMPLIANCE_REGION_MAP_ID_SEQ.NEXTVAL, 1, 'CA', 'CANADA', 'ON', 'ONTARIO', 'ca', '08');
	
	INSERT INTO CSR.COMPLIANCE_REGION_MAP
	(COMPLIANCE_REGION_MAP_ID, COMPLIANCE_ITEM_SOURCE_ID, SOURCE_COUNTRY, SOURCE_COUNTRY_LABEL, SOURCE_REGION, SOURCE_REGION_LABEL, COUNTRY, REGION)
	VALUES (CSR.COMPLIANCE_REGION_MAP_ID_SEQ.NEXTVAL, 1, 'CN', 'CHINA', 'NX', 'NINGXIA HUI', 'cn', '21');
	
	INSERT INTO CSR.COMPLIANCE_REGION_MAP
	(COMPLIANCE_REGION_MAP_ID, COMPLIANCE_ITEM_SOURCE_ID, SOURCE_COUNTRY, SOURCE_COUNTRY_LABEL, SOURCE_REGION, SOURCE_REGION_LABEL, COUNTRY, REGION)
	VALUES (CSR.COMPLIANCE_REGION_MAP_ID_SEQ.NEXTVAL, 1, 'DE', 'GERMANY', 'NW', 'NORTH RHINEWESTPHALIA', 'de', '07');
	
	INSERT INTO CSR.COMPLIANCE_REGION_MAP
	(COMPLIANCE_REGION_MAP_ID, COMPLIANCE_ITEM_SOURCE_ID, SOURCE_COUNTRY, SOURCE_COUNTRY_LABEL, SOURCE_REGION, SOURCE_REGION_LABEL, COUNTRY, REGION)
	VALUES (CSR.COMPLIANCE_REGION_MAP_ID_SEQ.NEXTVAL, 1, 'AU', 'AUSTRALIA', 'NT', 'NORTHERN TERRITORY', 'au', '03');
	
	INSERT INTO CSR.COMPLIANCE_REGION_MAP
	(COMPLIANCE_REGION_MAP_ID, COMPLIANCE_ITEM_SOURCE_ID, SOURCE_COUNTRY, SOURCE_COUNTRY_LABEL, SOURCE_REGION, SOURCE_REGION_LABEL, COUNTRY, REGION)
	VALUES (CSR.COMPLIANCE_REGION_MAP_ID_SEQ.NEXTVAL, 1, 'AU', 'AUSTRALIA', 'NSW', 'NEW SOUTH WALES', 'au', '02');
	
	INSERT INTO CSR.COMPLIANCE_REGION_MAP
	(COMPLIANCE_REGION_MAP_ID, COMPLIANCE_ITEM_SOURCE_ID, SOURCE_COUNTRY, SOURCE_COUNTRY_LABEL, SOURCE_REGION, SOURCE_REGION_LABEL, COUNTRY, REGION)
	VALUES (CSR.COMPLIANCE_REGION_MAP_ID_SEQ.NEXTVAL, 1, 'CA', 'CANADA', 'NS', 'NOVA SCOTIA', 'ca', '07');
	
	INSERT INTO CSR.COMPLIANCE_REGION_MAP
	(COMPLIANCE_REGION_MAP_ID, COMPLIANCE_ITEM_SOURCE_ID, SOURCE_COUNTRY, SOURCE_COUNTRY_LABEL, SOURCE_REGION, SOURCE_REGION_LABEL, COUNTRY, REGION)
	VALUES (CSR.COMPLIANCE_REGION_MAP_ID_SEQ.NEXTVAL, 1, 'CN', 'CHINA', 'NM', 'INNER MONGOLIA', 'cn', '20');
	
	INSERT INTO CSR.COMPLIANCE_REGION_MAP
	(COMPLIANCE_REGION_MAP_ID, COMPLIANCE_ITEM_SOURCE_ID, SOURCE_COUNTRY, SOURCE_COUNTRY_LABEL, SOURCE_REGION, SOURCE_REGION_LABEL, COUNTRY, REGION)
	VALUES (CSR.COMPLIANCE_REGION_MAP_ID_SEQ.NEXTVAL, 1, 'MX', 'MEXICO', 'NLE', 'NUEVO LEON', 'mx', '19');
	
	INSERT INTO CSR.COMPLIANCE_REGION_MAP
	(COMPLIANCE_REGION_MAP_ID, COMPLIANCE_ITEM_SOURCE_ID, SOURCE_COUNTRY, SOURCE_COUNTRY_LABEL, SOURCE_REGION, SOURCE_REGION_LABEL, COUNTRY, REGION)
	VALUES (CSR.COMPLIANCE_REGION_MAP_ID_SEQ.NEXTVAL, 1, 'CA', 'CANADA', 'NL', 'NEWFOUNDLAND', 'ca', '05');
	
	INSERT INTO CSR.COMPLIANCE_REGION_MAP
	(COMPLIANCE_REGION_MAP_ID, COMPLIANCE_ITEM_SOURCE_ID, SOURCE_COUNTRY, SOURCE_COUNTRY_LABEL, SOURCE_REGION, SOURCE_REGION_LABEL, COUNTRY, REGION)
	VALUES (CSR.COMPLIANCE_REGION_MAP_ID_SEQ.NEXTVAL, 1, 'DE', 'GERMANY', 'NI', 'LOWER SAXONY', 'de', '06');
	
	INSERT INTO CSR.COMPLIANCE_REGION_MAP
	(COMPLIANCE_REGION_MAP_ID, COMPLIANCE_ITEM_SOURCE_ID, SOURCE_COUNTRY, SOURCE_COUNTRY_LABEL, SOURCE_REGION, SOURCE_REGION_LABEL, COUNTRY, REGION)
	VALUES (CSR.COMPLIANCE_REGION_MAP_ID_SEQ.NEXTVAL, 1, 'NL', 'NETHERLANDS', 'NH', 'NOORD-HOLLAND', 'nl', '07');
	
	INSERT INTO CSR.COMPLIANCE_REGION_MAP
	(COMPLIANCE_REGION_MAP_ID, COMPLIANCE_ITEM_SOURCE_ID, SOURCE_COUNTRY, SOURCE_COUNTRY_LABEL, SOURCE_REGION, SOURCE_REGION_LABEL, COUNTRY, REGION)
	VALUES (CSR.COMPLIANCE_REGION_MAP_ID_SEQ.NEXTVAL, 1, 'CH', 'SWITZERLAND', 'NE', 'NEUCHÂTEL', 'ch', '12');
	
	INSERT INTO CSR.COMPLIANCE_REGION_MAP
	(COMPLIANCE_REGION_MAP_ID, COMPLIANCE_ITEM_SOURCE_ID, SOURCE_COUNTRY, SOURCE_COUNTRY_LABEL, SOURCE_REGION, SOURCE_REGION_LABEL, COUNTRY, REGION)
	VALUES (CSR.COMPLIANCE_REGION_MAP_ID_SEQ.NEXTVAL, 1, 'CA', 'CANADA', 'NB', 'NEW BRUNSWICK', 'ca', '04');
	
	INSERT INTO CSR.COMPLIANCE_REGION_MAP
	(COMPLIANCE_REGION_MAP_ID, COMPLIANCE_ITEM_SOURCE_ID, SOURCE_COUNTRY, SOURCE_COUNTRY_LABEL, SOURCE_REGION, SOURCE_REGION_LABEL, COUNTRY, REGION)
	VALUES (CSR.COMPLIANCE_REGION_MAP_ID_SEQ.NEXTVAL, 1, 'NL', 'NETHERLANDS', 'NB', 'NOORD-BRABANT', 'nl', '06');
	
	INSERT INTO CSR.COMPLIANCE_REGION_MAP
	(COMPLIANCE_REGION_MAP_ID, COMPLIANCE_ITEM_SOURCE_ID, SOURCE_COUNTRY, SOURCE_COUNTRY_LABEL, SOURCE_REGION, SOURCE_REGION_LABEL, COUNTRY, REGION)
	VALUES (CSR.COMPLIANCE_REGION_MAP_ID_SEQ.NEXTVAL, 1, 'ES', 'SPAIN', 'NA', 'NAVARRA', 'es', '32');
	
	INSERT INTO CSR.COMPLIANCE_REGION_MAP
	(COMPLIANCE_REGION_MAP_ID, COMPLIANCE_ITEM_SOURCE_ID, SOURCE_COUNTRY, SOURCE_COUNTRY_LABEL, SOURCE_REGION, SOURCE_REGION_LABEL, COUNTRY, REGION)
	VALUES (CSR.COMPLIANCE_REGION_MAP_ID_SEQ.NEXTVAL, 1, 'DE', 'GERMANY', 'MV', 'MECKLENBURGWESTERN P', 'de', '12');
	
	INSERT INTO CSR.COMPLIANCE_REGION_MAP
	(COMPLIANCE_REGION_MAP_ID, COMPLIANCE_ITEM_SOURCE_ID, SOURCE_COUNTRY, SOURCE_COUNTRY_LABEL, SOURCE_REGION, SOURCE_REGION_LABEL, COUNTRY, REGION)
	VALUES (CSR.COMPLIANCE_REGION_MAP_ID_SEQ.NEXTVAL, 1, 'IN', 'INDIA', 'MP', 'MADHYA PRADESH', 'in', '35');
	
	INSERT INTO CSR.COMPLIANCE_REGION_MAP
	(COMPLIANCE_REGION_MAP_ID, COMPLIANCE_ITEM_SOURCE_ID, SOURCE_COUNTRY, SOURCE_COUNTRY_LABEL, SOURCE_REGION, SOURCE_REGION_LABEL, COUNTRY, REGION)
	VALUES (CSR.COMPLIANCE_REGION_MAP_ID_SEQ.NEXTVAL, 1, 'RU', 'RUSSIA', 'MOW', 'MOSCOW CITY', 'ru', '48');
	
	INSERT INTO CSR.COMPLIANCE_REGION_MAP
	(COMPLIANCE_REGION_MAP_ID, COMPLIANCE_ITEM_SOURCE_ID, SOURCE_COUNTRY, SOURCE_COUNTRY_LABEL, SOURCE_REGION, SOURCE_REGION_LABEL, COUNTRY, REGION)
	VALUES (CSR.COMPLIANCE_REGION_MAP_ID_SEQ.NEXTVAL, 1, 'IN', 'INDIA', 'MMU', 'MUMBAI', 'in', '07');
	
	INSERT INTO CSR.COMPLIANCE_REGION_MAP
	(COMPLIANCE_REGION_MAP_ID, COMPLIANCE_ITEM_SOURCE_ID, SOURCE_COUNTRY, SOURCE_COUNTRY_LABEL, SOURCE_REGION, SOURCE_REGION_LABEL, COUNTRY, REGION)
	VALUES (CSR.COMPLIANCE_REGION_MAP_ID_SEQ.NEXTVAL, 1, 'MX', 'MEXICO', 'MIC', 'MICHOACÁN', 'mx', '16');
	
	INSERT INTO CSR.COMPLIANCE_REGION_MAP
	(COMPLIANCE_REGION_MAP_ID, COMPLIANCE_ITEM_SOURCE_ID, SOURCE_COUNTRY, SOURCE_COUNTRY_LABEL, SOURCE_REGION, SOURCE_REGION_LABEL, COUNTRY, REGION)
	VALUES (CSR.COMPLIANCE_REGION_MAP_ID_SEQ.NEXTVAL, 1, 'IN', 'INDIA', 'MH', 'MAHARASHTRA', 'in', '16');
	
	INSERT INTO CSR.COMPLIANCE_REGION_MAP
	(COMPLIANCE_REGION_MAP_ID, COMPLIANCE_ITEM_SOURCE_ID, SOURCE_COUNTRY, SOURCE_COUNTRY_LABEL, SOURCE_REGION, SOURCE_REGION_LABEL, COUNTRY, REGION)
	VALUES (CSR.COMPLIANCE_REGION_MAP_ID_SEQ.NEXTVAL, 1, 'BR', 'BRAZIL', 'MG', 'MINAS GERIAS', 'br', '15');
	
	INSERT INTO CSR.COMPLIANCE_REGION_MAP
	(COMPLIANCE_REGION_MAP_ID, COMPLIANCE_ITEM_SOURCE_ID, SOURCE_COUNTRY, SOURCE_COUNTRY_LABEL, SOURCE_REGION, SOURCE_REGION_LABEL, COUNTRY, REGION)
	VALUES (CSR.COMPLIANCE_REGION_MAP_ID_SEQ.NEXTVAL, 1, 'MX', 'MEXICO', 'MEX', 'MEXICO', 'mx', '15');
	
	INSERT INTO CSR.COMPLIANCE_REGION_MAP
	(COMPLIANCE_REGION_MAP_ID, COMPLIANCE_ITEM_SOURCE_ID, SOURCE_COUNTRY, SOURCE_COUNTRY_LABEL, SOURCE_REGION, SOURCE_REGION_LABEL, COUNTRY, REGION)
	VALUES (CSR.COMPLIANCE_REGION_MAP_ID_SEQ.NEXTVAL, 1, 'ES', 'SPAIN', 'MD', 'MADRID', 'es', '29');
	
	INSERT INTO CSR.COMPLIANCE_REGION_MAP
	(COMPLIANCE_REGION_MAP_ID, COMPLIANCE_ITEM_SOURCE_ID, SOURCE_COUNTRY, SOURCE_COUNTRY_LABEL, SOURCE_REGION, SOURCE_REGION_LABEL, COUNTRY, REGION)
	VALUES (CSR.COMPLIANCE_REGION_MAP_ID_SEQ.NEXTVAL, 1, 'CA', 'CANADA', 'MB', 'MANITOBA', 'ca', '03');
	
	INSERT INTO CSR.COMPLIANCE_REGION_MAP
	(COMPLIANCE_REGION_MAP_ID, COMPLIANCE_ITEM_SOURCE_ID, SOURCE_COUNTRY, SOURCE_COUNTRY_LABEL, SOURCE_REGION, SOURCE_REGION_LABEL, COUNTRY, REGION)
	VALUES (CSR.COMPLIANCE_REGION_MAP_ID_SEQ.NEXTVAL, 1, 'PT', 'PORTUGAL', 'MAD', 'MADEIRA', 'pt', '10');
	
	INSERT INTO CSR.COMPLIANCE_REGION_MAP
	(COMPLIANCE_REGION_MAP_ID, COMPLIANCE_ITEM_SOURCE_ID, SOURCE_COUNTRY, SOURCE_COUNTRY_LABEL, SOURCE_REGION, SOURCE_REGION_LABEL, COUNTRY, REGION)
	VALUES (CSR.COMPLIANCE_REGION_MAP_ID_SEQ.NEXTVAL, 1, 'CH', 'SWITZERLAND', 'LU', 'LUZERN', 'ch', '11');
	
	INSERT INTO CSR.COMPLIANCE_REGION_MAP
	(COMPLIANCE_REGION_MAP_ID, COMPLIANCE_ITEM_SOURCE_ID, SOURCE_COUNTRY, SOURCE_COUNTRY_LABEL, SOURCE_REGION, SOURCE_REGION_LABEL, COUNTRY, REGION)
	VALUES (CSR.COMPLIANCE_REGION_MAP_ID_SEQ.NEXTVAL, 1, 'IT', 'ITALY', 'LOM', 'LOMBARDIA', 'it', '09');
	
	INSERT INTO CSR.COMPLIANCE_REGION_MAP
	(COMPLIANCE_REGION_MAP_ID, COMPLIANCE_ITEM_SOURCE_ID, SOURCE_COUNTRY, SOURCE_COUNTRY_LABEL, SOURCE_REGION, SOURCE_REGION_LABEL, COUNTRY, REGION)
	VALUES (CSR.COMPLIANCE_REGION_MAP_ID_SEQ.NEXTVAL, 1, 'CN', 'CHINA', 'LIA', 'LIAONING', 'cn', '19');
	
	INSERT INTO CSR.COMPLIANCE_REGION_MAP
	(COMPLIANCE_REGION_MAP_ID, COMPLIANCE_ITEM_SOURCE_ID, SOURCE_COUNTRY, SOURCE_COUNTRY_LABEL, SOURCE_REGION, SOURCE_REGION_LABEL, COUNTRY, REGION)
	VALUES (CSR.COMPLIANCE_REGION_MAP_ID_SEQ.NEXTVAL, 1, 'NL', 'NETHERLANDS', 'LI', 'LIMBURG', 'nl', '05');
	
	INSERT INTO CSR.COMPLIANCE_REGION_MAP
	(COMPLIANCE_REGION_MAP_ID, COMPLIANCE_ITEM_SOURCE_ID, SOURCE_COUNTRY, SOURCE_COUNTRY_LABEL, SOURCE_REGION, SOURCE_REGION_LABEL, COUNTRY, REGION)
	VALUES (CSR.COMPLIANCE_REGION_MAP_ID_SEQ.NEXTVAL, 1, 'IN', 'INDIA', 'KA', 'KARNATAKA', 'in', '19');
	
	INSERT INTO CSR.COMPLIANCE_REGION_MAP
	(COMPLIANCE_REGION_MAP_ID, COMPLIANCE_ITEM_SOURCE_ID, SOURCE_COUNTRY, SOURCE_COUNTRY_LABEL, SOURCE_REGION, SOURCE_REGION_LABEL, COUNTRY, REGION)
	VALUES (CSR.COMPLIANCE_REGION_MAP_ID_SEQ.NEXTVAL, 1, 'CN', 'CHINA', 'JX', 'JIANGXI', 'cn', '03');
	
	INSERT INTO CSR.COMPLIANCE_REGION_MAP
	(COMPLIANCE_REGION_MAP_ID, COMPLIANCE_ITEM_SOURCE_ID, SOURCE_COUNTRY, SOURCE_COUNTRY_LABEL, SOURCE_REGION, SOURCE_REGION_LABEL, COUNTRY, REGION)
	VALUES (CSR.COMPLIANCE_REGION_MAP_ID_SEQ.NEXTVAL, 1, 'ID', 'INDONESIA', 'JW', 'EAST JAVA', 'id', '08');
	
	INSERT INTO CSR.COMPLIANCE_REGION_MAP
	(COMPLIANCE_REGION_MAP_ID, COMPLIANCE_ITEM_SOURCE_ID, SOURCE_COUNTRY, SOURCE_COUNTRY_LABEL, SOURCE_REGION, SOURCE_REGION_LABEL, COUNTRY, REGION)
	VALUES (CSR.COMPLIANCE_REGION_MAP_ID_SEQ.NEXTVAL, 1, 'CN', 'CHINA', 'JIL', 'JILIN', 'cn', '05');
	
	INSERT INTO CSR.COMPLIANCE_REGION_MAP
	(COMPLIANCE_REGION_MAP_ID, COMPLIANCE_ITEM_SOURCE_ID, SOURCE_COUNTRY, SOURCE_COUNTRY_LABEL, SOURCE_REGION, SOURCE_REGION_LABEL, COUNTRY, REGION)
	VALUES (CSR.COMPLIANCE_REGION_MAP_ID_SEQ.NEXTVAL, 1, 'ID', 'INDONESIA', 'JB', 'WEST JAVA', 'id', '30');
	
	INSERT INTO CSR.COMPLIANCE_REGION_MAP
	(COMPLIANCE_REGION_MAP_ID, COMPLIANCE_ITEM_SOURCE_ID, SOURCE_COUNTRY, SOURCE_COUNTRY_LABEL, SOURCE_REGION, SOURCE_REGION_LABEL, COUNTRY, REGION)
	VALUES (CSR.COMPLIANCE_REGION_MAP_ID_SEQ.NEXTVAL, 1, 'MX', 'MEXICO', 'JAL', 'JALISCO', 'mx', '14');
	
	INSERT INTO CSR.COMPLIANCE_REGION_MAP
	(COMPLIANCE_REGION_MAP_ID, COMPLIANCE_ITEM_SOURCE_ID, SOURCE_COUNTRY, SOURCE_COUNTRY_LABEL, SOURCE_REGION, SOURCE_REGION_LABEL, COUNTRY, REGION)
	VALUES (CSR.COMPLIANCE_REGION_MAP_ID_SEQ.NEXTVAL, 1, 'IN', 'INDIA', 'HP', 'HIMACHAL PRADESH', 'in', '11');
	
	INSERT INTO CSR.COMPLIANCE_REGION_MAP
	(COMPLIANCE_REGION_MAP_ID, COMPLIANCE_ITEM_SOURCE_ID, SOURCE_COUNTRY, SOURCE_COUNTRY_LABEL, SOURCE_REGION, SOURCE_REGION_LABEL, COUNTRY, REGION)
	VALUES (CSR.COMPLIANCE_REGION_MAP_ID_SEQ.NEXTVAL, 1, 'CN', 'CHINA', 'HNN', 'HENAN', 'cn', '09');
	
	INSERT INTO CSR.COMPLIANCE_REGION_MAP
	(COMPLIANCE_REGION_MAP_ID, COMPLIANCE_ITEM_SOURCE_ID, SOURCE_COUNTRY, SOURCE_COUNTRY_LABEL, SOURCE_REGION, SOURCE_REGION_LABEL, COUNTRY, REGION)
	VALUES (CSR.COMPLIANCE_REGION_MAP_ID_SEQ.NEXTVAL, 1, 'CN', 'CHINA', 'HN', 'HUNAN', 'cn', '11');
	
	INSERT INTO CSR.COMPLIANCE_REGION_MAP
	(COMPLIANCE_REGION_MAP_ID, COMPLIANCE_ITEM_SOURCE_ID, SOURCE_COUNTRY, SOURCE_COUNTRY_LABEL, SOURCE_REGION, SOURCE_REGION_LABEL, COUNTRY, REGION)
	VALUES (CSR.COMPLIANCE_REGION_MAP_ID_SEQ.NEXTVAL, 1, 'CN', 'CHINA', 'HL', 'HEILONGJIANG', 'cn', '08');
	
	INSERT INTO CSR.COMPLIANCE_REGION_MAP
	(COMPLIANCE_REGION_MAP_ID, COMPLIANCE_ITEM_SOURCE_ID, SOURCE_COUNTRY, SOURCE_COUNTRY_LABEL, SOURCE_REGION, SOURCE_REGION_LABEL, COUNTRY, REGION)
	VALUES (CSR.COMPLIANCE_REGION_MAP_ID_SEQ.NEXTVAL, 1, 'MX', 'MEXICO', 'HID', 'HIDALGO', 'mx', '13');
	
	INSERT INTO CSR.COMPLIANCE_REGION_MAP
	(COMPLIANCE_REGION_MAP_ID, COMPLIANCE_ITEM_SOURCE_ID, SOURCE_COUNTRY, SOURCE_COUNTRY_LABEL, SOURCE_REGION, SOURCE_REGION_LABEL, COUNTRY, REGION)
	VALUES (CSR.COMPLIANCE_REGION_MAP_ID_SEQ.NEXTVAL, 1, 'CN', 'CHINA', 'HI', 'HAINAN', 'cn', '31');
	
	INSERT INTO CSR.COMPLIANCE_REGION_MAP
	(COMPLIANCE_REGION_MAP_ID, COMPLIANCE_ITEM_SOURCE_ID, SOURCE_COUNTRY, SOURCE_COUNTRY_LABEL, SOURCE_REGION, SOURCE_REGION_LABEL, COUNTRY, REGION)
	VALUES (CSR.COMPLIANCE_REGION_MAP_ID_SEQ.NEXTVAL, 1, 'DE', 'GERMANY', 'HH', 'HANSEATIC CITY HAMBURG', 'de', '04');
	
	INSERT INTO CSR.COMPLIANCE_REGION_MAP
	(COMPLIANCE_REGION_MAP_ID, COMPLIANCE_ITEM_SOURCE_ID, SOURCE_COUNTRY, SOURCE_COUNTRY_LABEL, SOURCE_REGION, SOURCE_REGION_LABEL, COUNTRY, REGION)
	VALUES (CSR.COMPLIANCE_REGION_MAP_ID_SEQ.NEXTVAL, 1, 'CN', 'CHINA', 'HEB', 'HEBEI', 'cn', '10');
	
	INSERT INTO CSR.COMPLIANCE_REGION_MAP
	(COMPLIANCE_REGION_MAP_ID, COMPLIANCE_ITEM_SOURCE_ID, SOURCE_COUNTRY, SOURCE_COUNTRY_LABEL, SOURCE_REGION, SOURCE_REGION_LABEL, COUNTRY, REGION)
	VALUES (CSR.COMPLIANCE_REGION_MAP_ID_SEQ.NEXTVAL, 1, 'DE', 'GERMANY', 'HE', 'HESSEN', 'de', '05');
	
	INSERT INTO CSR.COMPLIANCE_REGION_MAP
	(COMPLIANCE_REGION_MAP_ID, COMPLIANCE_ITEM_SOURCE_ID, SOURCE_COUNTRY, SOURCE_COUNTRY_LABEL, SOURCE_REGION, SOURCE_REGION_LABEL, COUNTRY, REGION)
	VALUES (CSR.COMPLIANCE_REGION_MAP_ID_SEQ.NEXTVAL, 1, 'CN', 'CHINA', 'HB', 'HUBEI', 'cn', '12');
	
	INSERT INTO CSR.COMPLIANCE_REGION_MAP
	(COMPLIANCE_REGION_MAP_ID, COMPLIANCE_ITEM_SOURCE_ID, SOURCE_COUNTRY, SOURCE_COUNTRY_LABEL, SOURCE_REGION, SOURCE_REGION_LABEL, COUNTRY, REGION)
	VALUES (CSR.COMPLIANCE_REGION_MAP_ID_SEQ.NEXTVAL, 1, 'DE', 'GERMANY', 'HB', 'HANSEATIC CITY BREMEN', 'de', '03');
	
	INSERT INTO CSR.COMPLIANCE_REGION_MAP
	(COMPLIANCE_REGION_MAP_ID, COMPLIANCE_ITEM_SOURCE_ID, SOURCE_COUNTRY, SOURCE_COUNTRY_LABEL, SOURCE_REGION, SOURCE_REGION_LABEL, COUNTRY, REGION)
	VALUES (CSR.COMPLIANCE_REGION_MAP_ID_SEQ.NEXTVAL, 1, 'CN', 'CHINA', 'GZ', 'GUIZHOU', 'cn', '18');
	
	INSERT INTO CSR.COMPLIANCE_REGION_MAP
	(COMPLIANCE_REGION_MAP_ID, COMPLIANCE_ITEM_SOURCE_ID, SOURCE_COUNTRY, SOURCE_COUNTRY_LABEL, SOURCE_REGION, SOURCE_REGION_LABEL, COUNTRY, REGION)
	VALUES (CSR.COMPLIANCE_REGION_MAP_ID_SEQ.NEXTVAL, 1, 'CN', 'CHINA', 'GX', 'GUANGXI ZHUANG', 'cn', '16');
	
	INSERT INTO CSR.COMPLIANCE_REGION_MAP
	(COMPLIANCE_REGION_MAP_ID, COMPLIANCE_ITEM_SOURCE_ID, SOURCE_COUNTRY, SOURCE_COUNTRY_LABEL, SOURCE_REGION, SOURCE_REGION_LABEL, COUNTRY, REGION)
	VALUES (CSR.COMPLIANCE_REGION_MAP_ID_SEQ.NEXTVAL, 1, 'CN', 'CHINA', 'GUD', 'GUANGDONG', 'cn', '30');
	
	INSERT INTO CSR.COMPLIANCE_REGION_MAP
	(COMPLIANCE_REGION_MAP_ID, COMPLIANCE_ITEM_SOURCE_ID, SOURCE_COUNTRY, SOURCE_COUNTRY_LABEL, SOURCE_REGION, SOURCE_REGION_LABEL, COUNTRY, REGION)
	VALUES (CSR.COMPLIANCE_REGION_MAP_ID_SEQ.NEXTVAL, 1, 'MX', 'MEXICO', 'GUA', 'GUANAJUATO', 'mx', '11');
	
	INSERT INTO CSR.COMPLIANCE_REGION_MAP
	(COMPLIANCE_REGION_MAP_ID, COMPLIANCE_ITEM_SOURCE_ID, SOURCE_COUNTRY, SOURCE_COUNTRY_LABEL, SOURCE_REGION, SOURCE_REGION_LABEL, COUNTRY, REGION)
	VALUES (CSR.COMPLIANCE_REGION_MAP_ID_SEQ.NEXTVAL, 1, 'ZA', 'SOUTH AFRICA', 'GT', 'GAUTENG', 'za', '06');
	
	INSERT INTO CSR.COMPLIANCE_REGION_MAP
	(COMPLIANCE_REGION_MAP_ID, COMPLIANCE_ITEM_SOURCE_ID, SOURCE_COUNTRY, SOURCE_COUNTRY_LABEL, SOURCE_REGION, SOURCE_REGION_LABEL, COUNTRY, REGION)
	VALUES (CSR.COMPLIANCE_REGION_MAP_ID_SEQ.NEXTVAL, 1, 'CN', 'CHINA', 'GS', 'GANSU', 'cn', '15');
	
	INSERT INTO CSR.COMPLIANCE_REGION_MAP
	(COMPLIANCE_REGION_MAP_ID, COMPLIANCE_ITEM_SOURCE_ID, SOURCE_COUNTRY, SOURCE_COUNTRY_LABEL, SOURCE_REGION, SOURCE_REGION_LABEL, COUNTRY, REGION)
	VALUES (CSR.COMPLIANCE_REGION_MAP_ID_SEQ.NEXTVAL, 1, 'NL', 'NETHERLANDS', 'GR', 'GRONINGEN', 'nl', '04');
	
	INSERT INTO CSR.COMPLIANCE_REGION_MAP
	(COMPLIANCE_REGION_MAP_ID, COMPLIANCE_ITEM_SOURCE_ID, SOURCE_COUNTRY, SOURCE_COUNTRY_LABEL, SOURCE_REGION, SOURCE_REGION_LABEL, COUNTRY, REGION)
	VALUES (CSR.COMPLIANCE_REGION_MAP_ID_SEQ.NEXTVAL, 1, 'BR', 'BRAZIL', 'GO', 'GOIAS', 'br', '29');
	
	INSERT INTO CSR.COMPLIANCE_REGION_MAP
	(COMPLIANCE_REGION_MAP_ID, COMPLIANCE_ITEM_SOURCE_ID, SOURCE_COUNTRY, SOURCE_COUNTRY_LABEL, SOURCE_REGION, SOURCE_REGION_LABEL, COUNTRY, REGION)
	VALUES (CSR.COMPLIANCE_REGION_MAP_ID_SEQ.NEXTVAL, 1, 'IN', 'INDIA', 'GJ', 'GUJARAT', 'in', '09');
	
	INSERT INTO CSR.COMPLIANCE_REGION_MAP
	(COMPLIANCE_REGION_MAP_ID, COMPLIANCE_ITEM_SOURCE_ID, SOURCE_COUNTRY, SOURCE_COUNTRY_LABEL, SOURCE_REGION, SOURCE_REGION_LABEL, COUNTRY, REGION)
	VALUES (CSR.COMPLIANCE_REGION_MAP_ID_SEQ.NEXTVAL, 1, 'CN', 'CHINA', 'GIA', 'JIANGSU', 'cn', '04');
	
	INSERT INTO CSR.COMPLIANCE_REGION_MAP
	(COMPLIANCE_REGION_MAP_ID, COMPLIANCE_ITEM_SOURCE_ID, SOURCE_COUNTRY, SOURCE_COUNTRY_LABEL, SOURCE_REGION, SOURCE_REGION_LABEL, COUNTRY, REGION)
	VALUES (CSR.COMPLIANCE_REGION_MAP_ID_SEQ.NEXTVAL, 1, 'NL', 'NETHERLANDS', 'GE', 'GELDERLAND', 'nl', '03');
	
	INSERT INTO CSR.COMPLIANCE_REGION_MAP
	(COMPLIANCE_REGION_MAP_ID, COMPLIANCE_ITEM_SOURCE_ID, SOURCE_COUNTRY, SOURCE_COUNTRY_LABEL, SOURCE_REGION, SOURCE_REGION_LABEL, COUNTRY, REGION)
	VALUES (CSR.COMPLIANCE_REGION_MAP_ID_SEQ.NEXTVAL, 1, 'CH', 'SWITZERLAND', 'GE', 'GENEVA', 'ch', '07');
	
	INSERT INTO CSR.COMPLIANCE_REGION_MAP
	(COMPLIANCE_REGION_MAP_ID, COMPLIANCE_ITEM_SOURCE_ID, SOURCE_COUNTRY, SOURCE_COUNTRY_LABEL, SOURCE_REGION, SOURCE_REGION_LABEL, COUNTRY, REGION)
	VALUES (CSR.COMPLIANCE_REGION_MAP_ID_SEQ.NEXTVAL, 1, 'IN', 'INDIA', 'GA', 'GOA', 'in', '33');
	
	INSERT INTO CSR.COMPLIANCE_REGION_MAP
	(COMPLIANCE_REGION_MAP_ID, COMPLIANCE_ITEM_SOURCE_ID, SOURCE_COUNTRY, SOURCE_COUNTRY_LABEL, SOURCE_REGION, SOURCE_REGION_LABEL, COUNTRY, REGION)
	VALUES (CSR.COMPLIANCE_REGION_MAP_ID_SEQ.NEXTVAL, 1, 'CN', 'CHINA', 'FUJ', 'FUJIAN', 'cn', '07');
	
	INSERT INTO CSR.COMPLIANCE_REGION_MAP
	(COMPLIANCE_REGION_MAP_ID, COMPLIANCE_ITEM_SOURCE_ID, SOURCE_COUNTRY, SOURCE_COUNTRY_LABEL, SOURCE_REGION, SOURCE_REGION_LABEL, COUNTRY, REGION)
	VALUES (CSR.COMPLIANCE_REGION_MAP_ID_SEQ.NEXTVAL, 1, 'NL', 'NETHERLANDS', 'FR', 'FRIESLAND', 'nl', '02');
	
	INSERT INTO CSR.COMPLIANCE_REGION_MAP
	(COMPLIANCE_REGION_MAP_ID, COMPLIANCE_ITEM_SOURCE_ID, SOURCE_COUNTRY, SOURCE_COUNTRY_LABEL, SOURCE_REGION, SOURCE_REGION_LABEL, COUNTRY, REGION)
	VALUES (CSR.COMPLIANCE_REGION_MAP_ID_SEQ.NEXTVAL, 1, 'NL', 'NETHERLANDS', 'FL', 'FLEVOLAND', 'nl', '16');
	
	INSERT INTO CSR.COMPLIANCE_REGION_MAP
	(COMPLIANCE_REGION_MAP_ID, COMPLIANCE_ITEM_SOURCE_ID, SOURCE_COUNTRY, SOURCE_COUNTRY_LABEL, SOURCE_REGION, SOURCE_REGION_LABEL, COUNTRY, REGION)
	VALUES (CSR.COMPLIANCE_REGION_MAP_ID_SEQ.NEXTVAL, 1, 'BR', 'BRAZIL', 'ES', 'ESPÍRITO SANTO', 'br', '08');
	
	INSERT INTO CSR.COMPLIANCE_REGION_MAP
	(COMPLIANCE_REGION_MAP_ID, COMPLIANCE_ITEM_SOURCE_ID, SOURCE_COUNTRY, SOURCE_COUNTRY_LABEL, SOURCE_REGION, SOURCE_REGION_LABEL, COUNTRY, REGION)
	VALUES (CSR.COMPLIANCE_REGION_MAP_ID_SEQ.NEXTVAL, 1, 'IT', 'ITALY', 'EMI', 'EMILLIA ROMAGNA', 'it', '05');
	
	INSERT INTO CSR.COMPLIANCE_REGION_MAP
	(COMPLIANCE_REGION_MAP_ID, COMPLIANCE_ITEM_SOURCE_ID, SOURCE_COUNTRY, SOURCE_COUNTRY_LABEL, SOURCE_REGION, SOURCE_REGION_LABEL, COUNTRY, REGION)
	VALUES (CSR.COMPLIANCE_REGION_MAP_ID_SEQ.NEXTVAL, 1, 'ZA', 'SOUTH AFRICA', 'EC', 'EASTERN CAPE', 'za', '05');
	
	INSERT INTO CSR.COMPLIANCE_REGION_MAP
	(COMPLIANCE_REGION_MAP_ID, COMPLIANCE_ITEM_SOURCE_ID, SOURCE_COUNTRY, SOURCE_COUNTRY_LABEL, SOURCE_REGION, SOURCE_REGION_LABEL, COUNTRY, REGION)
	VALUES (CSR.COMPLIANCE_REGION_MAP_ID_SEQ.NEXTVAL, 1, 'MX', 'MEXICO', 'DUR', 'DURANGO', 'mx', '10');
	
	INSERT INTO CSR.COMPLIANCE_REGION_MAP
	(COMPLIANCE_REGION_MAP_ID, COMPLIANCE_ITEM_SOURCE_ID, SOURCE_COUNTRY, SOURCE_COUNTRY_LABEL, SOURCE_REGION, SOURCE_REGION_LABEL, COUNTRY, REGION)
	VALUES (CSR.COMPLIANCE_REGION_MAP_ID_SEQ.NEXTVAL, 1, 'AE', 'UNITED ARAB EMIRATES', 'DUB', 'DUBAI', 'ae', '03');
	
	INSERT INTO CSR.COMPLIANCE_REGION_MAP
	(COMPLIANCE_REGION_MAP_ID, COMPLIANCE_ITEM_SOURCE_ID, SOURCE_COUNTRY, SOURCE_COUNTRY_LABEL, SOURCE_REGION, SOURCE_REGION_LABEL, COUNTRY, REGION)
	VALUES (CSR.COMPLIANCE_REGION_MAP_ID_SEQ.NEXTVAL, 1, 'NL', 'NETHERLANDS', 'DR', 'DRENTHE', 'nl', '01');
	
	INSERT INTO CSR.COMPLIANCE_REGION_MAP
	(COMPLIANCE_REGION_MAP_ID, COMPLIANCE_ITEM_SOURCE_ID, SOURCE_COUNTRY, SOURCE_COUNTRY_LABEL, SOURCE_REGION, SOURCE_REGION_LABEL, COUNTRY, REGION)
	VALUES (CSR.COMPLIANCE_REGION_MAP_ID_SEQ.NEXTVAL, 1, 'IN', 'INDIA', 'DL', 'DELHI', 'in', '07');
	
	INSERT INTO CSR.COMPLIANCE_REGION_MAP
	(COMPLIANCE_REGION_MAP_ID, COMPLIANCE_ITEM_SOURCE_ID, SOURCE_COUNTRY, SOURCE_COUNTRY_LABEL, SOURCE_REGION, SOURCE_REGION_LABEL, COUNTRY, REGION)
	VALUES (CSR.COMPLIANCE_REGION_MAP_ID_SEQ.NEXTVAL, 1, 'MX', 'MEXICO', 'DIF', 'MEXICO CITY', 'mx', '09');
	
	INSERT INTO CSR.COMPLIANCE_REGION_MAP
	(COMPLIANCE_REGION_MAP_ID, COMPLIANCE_ITEM_SOURCE_ID, SOURCE_COUNTRY, SOURCE_COUNTRY_LABEL, SOURCE_REGION, SOURCE_REGION_LABEL, COUNTRY, REGION)
	VALUES (CSR.COMPLIANCE_REGION_MAP_ID_SEQ.NEXTVAL, 1, 'ES', 'SPAIN', 'CT', 'CATALONIA', 'es', '56');
	
	INSERT INTO CSR.COMPLIANCE_REGION_MAP
	(COMPLIANCE_REGION_MAP_ID, COMPLIANCE_ITEM_SOURCE_ID, SOURCE_COUNTRY, SOURCE_COUNTRY_LABEL, SOURCE_REGION, SOURCE_REGION_LABEL, COUNTRY, REGION)
	VALUES (CSR.COMPLIANCE_REGION_MAP_ID_SEQ.NEXTVAL, 1, 'CN', 'CHINA', 'CSH', 'SHANXI', 'cn', '24');
	
	INSERT INTO CSR.COMPLIANCE_REGION_MAP
	(COMPLIANCE_REGION_MAP_ID, COMPLIANCE_ITEM_SOURCE_ID, SOURCE_COUNTRY, SOURCE_COUNTRY_LABEL, SOURCE_REGION, SOURCE_REGION_LABEL, COUNTRY, REGION)
	VALUES (CSR.COMPLIANCE_REGION_MAP_ID_SEQ.NEXTVAL, 1, 'CN', 'CHINA', 'CQ', 'CHONGQING', 'cn', '33');
	
	INSERT INTO CSR.COMPLIANCE_REGION_MAP
	(COMPLIANCE_REGION_MAP_ID, COMPLIANCE_ITEM_SOURCE_ID, SOURCE_COUNTRY, SOURCE_COUNTRY_LABEL, SOURCE_REGION, SOURCE_REGION_LABEL, COUNTRY, REGION)
	VALUES (CSR.COMPLIANCE_REGION_MAP_ID_SEQ.NEXTVAL, 1, 'MX', 'MEXICO', 'COL', 'COLIMA', 'mx', '08');
	
	INSERT INTO CSR.COMPLIANCE_REGION_MAP
	(COMPLIANCE_REGION_MAP_ID, COMPLIANCE_ITEM_SOURCE_ID, SOURCE_COUNTRY, SOURCE_COUNTRY_LABEL, SOURCE_REGION, SOURCE_REGION_LABEL, COUNTRY, REGION)
	VALUES (CSR.COMPLIANCE_REGION_MAP_ID_SEQ.NEXTVAL, 1, 'MX', 'MEXICO', 'COA', 'COAHUILA', 'mx', '07');
	
	INSERT INTO CSR.COMPLIANCE_REGION_MAP
	(COMPLIANCE_REGION_MAP_ID, COMPLIANCE_ITEM_SOURCE_ID, SOURCE_COUNTRY, SOURCE_COUNTRY_LABEL, SOURCE_REGION, SOURCE_REGION_LABEL, COUNTRY, REGION)
	VALUES (CSR.COMPLIANCE_REGION_MAP_ID_SEQ.NEXTVAL, 1, 'MX', 'MEXICO', 'CHP', 'CHIAPAS', 'mx', '05');
	
	INSERT INTO CSR.COMPLIANCE_REGION_MAP
	(COMPLIANCE_REGION_MAP_ID, COMPLIANCE_ITEM_SOURCE_ID, SOURCE_COUNTRY, SOURCE_COUNTRY_LABEL, SOURCE_REGION, SOURCE_REGION_LABEL, COUNTRY, REGION)
	VALUES (CSR.COMPLIANCE_REGION_MAP_ID_SEQ.NEXTVAL, 1, 'MX', 'MEXICO', 'CHH', 'CHIHUAHUA', 'mx', '06');
	
	INSERT INTO CSR.COMPLIANCE_REGION_MAP
	(COMPLIANCE_REGION_MAP_ID, COMPLIANCE_ITEM_SOURCE_ID, SOURCE_COUNTRY, SOURCE_COUNTRY_LABEL, SOURCE_REGION, SOURCE_REGION_LABEL, COUNTRY, REGION)
	VALUES (CSR.COMPLIANCE_REGION_MAP_ID_SEQ.NEXTVAL, 1, 'CN', 'CHINA', 'CCH', 'SICHUAN', 'cn', '32');
	
	INSERT INTO CSR.COMPLIANCE_REGION_MAP
	(COMPLIANCE_REGION_MAP_ID, COMPLIANCE_ITEM_SOURCE_ID, SOURCE_COUNTRY, SOURCE_COUNTRY_LABEL, SOURCE_REGION, SOURCE_REGION_LABEL, COUNTRY, REGION)
	VALUES (CSR.COMPLIANCE_REGION_MAP_ID_SEQ.NEXTVAL, 1, 'IT', 'ITALY', 'CAM', 'CAMPANIA', 'it', '04');
	
	INSERT INTO CSR.COMPLIANCE_REGION_MAP
	(COMPLIANCE_REGION_MAP_ID, COMPLIANCE_ITEM_SOURCE_ID, SOURCE_COUNTRY, SOURCE_COUNTRY_LABEL, SOURCE_REGION, SOURCE_REGION_LABEL, COUNTRY, REGION)
	VALUES (CSR.COMPLIANCE_REGION_MAP_ID_SEQ.NEXTVAL, 1, 'MX', 'MEXICO', 'CAM', 'CAMPECHE', 'mx', '04');
	
	INSERT INTO CSR.COMPLIANCE_REGION_MAP
	(COMPLIANCE_REGION_MAP_ID, COMPLIANCE_ITEM_SOURCE_ID, SOURCE_COUNTRY, SOURCE_COUNTRY_LABEL, SOURCE_REGION, SOURCE_REGION_LABEL, COUNTRY, REGION)
	VALUES (CSR.COMPLIANCE_REGION_MAP_ID_SEQ.NEXTVAL, 1, 'AR', 'ARGENTINA', 'C', 'CHUBUT', 'ar', '04');
	
	INSERT INTO CSR.COMPLIANCE_REGION_MAP
	(COMPLIANCE_REGION_MAP_ID, COMPLIANCE_ITEM_SOURCE_ID, SOURCE_COUNTRY, SOURCE_COUNTRY_LABEL, SOURCE_REGION, SOURCE_REGION_LABEL, COUNTRY, REGION)
	VALUES (CSR.COMPLIANCE_REGION_MAP_ID_SEQ.NEXTVAL, 1, 'DE', 'GERMANY', 'BW', 'BADENWÜRTTEMBERG', 'de', '01');
	
	INSERT INTO CSR.COMPLIANCE_REGION_MAP
	(COMPLIANCE_REGION_MAP_ID, COMPLIANCE_ITEM_SOURCE_ID, SOURCE_COUNTRY, SOURCE_COUNTRY_LABEL, SOURCE_REGION, SOURCE_REGION_LABEL, COUNTRY, REGION)
	VALUES (CSR.COMPLIANCE_REGION_MAP_ID_SEQ.NEXTVAL, 1, 'CH', 'SWITZERLAND', 'BST', 'BASEL STADT', 'ch', '04');
	
	INSERT INTO CSR.COMPLIANCE_REGION_MAP
	(COMPLIANCE_REGION_MAP_ID, COMPLIANCE_ITEM_SOURCE_ID, SOURCE_COUNTRY, SOURCE_COUNTRY_LABEL, SOURCE_REGION, SOURCE_REGION_LABEL, COUNTRY, REGION)
	VALUES (CSR.COMPLIANCE_REGION_MAP_ID_SEQ.NEXTVAL, 1, 'CO', 'COLOMBIA', 'BOG', 'BOGOTA', 'co', '34');
	
	INSERT INTO CSR.COMPLIANCE_REGION_MAP
	(COMPLIANCE_REGION_MAP_ID, COMPLIANCE_ITEM_SOURCE_ID, SOURCE_COUNTRY, SOURCE_COUNTRY_LABEL, SOURCE_REGION, SOURCE_REGION_LABEL, COUNTRY, REGION)
	VALUES (CSR.COMPLIANCE_REGION_MAP_ID_SEQ.NEXTVAL, 1, 'CH', 'SWITZERLAND', 'BLA', 'BASEL LANDSCHAFT', 'ch', '03');
	
	INSERT INTO CSR.COMPLIANCE_REGION_MAP
	(COMPLIANCE_REGION_MAP_ID, COMPLIANCE_ITEM_SOURCE_ID, SOURCE_COUNTRY, SOURCE_COUNTRY_LABEL, SOURCE_REGION, SOURCE_REGION_LABEL, COUNTRY, REGION)
	VALUES (CSR.COMPLIANCE_REGION_MAP_ID_SEQ.NEXTVAL, 1, 'BA', 'BOSNIA HERCEGOVINA', 'BIH', 'FEDERATION OF BH', 'ba', '01');
	
	INSERT INTO CSR.COMPLIANCE_REGION_MAP
	(COMPLIANCE_REGION_MAP_ID, COMPLIANCE_ITEM_SOURCE_ID, SOURCE_COUNTRY, SOURCE_COUNTRY_LABEL, SOURCE_REGION, SOURCE_REGION_LABEL, COUNTRY, REGION)
	VALUES (CSR.COMPLIANCE_REGION_MAP_ID_SEQ.NEXTVAL, 1, 'CH', 'SWITZERLAND', 'BER', 'BERN', 'ch', '05');
	
	INSERT INTO CSR.COMPLIANCE_REGION_MAP
	(COMPLIANCE_REGION_MAP_ID, COMPLIANCE_ITEM_SOURCE_ID, SOURCE_COUNTRY, SOURCE_COUNTRY_LABEL, SOURCE_REGION, SOURCE_REGION_LABEL, COUNTRY, REGION)
	VALUES (CSR.COMPLIANCE_REGION_MAP_ID_SEQ.NEXTVAL, 1, 'CN', 'CHINA', 'BEI', 'BEIJING', 'cn', '22');
	
	INSERT INTO CSR.COMPLIANCE_REGION_MAP
	(COMPLIANCE_REGION_MAP_ID, COMPLIANCE_ITEM_SOURCE_ID, SOURCE_COUNTRY, SOURCE_COUNTRY_LABEL, SOURCE_REGION, SOURCE_REGION_LABEL, COUNTRY, REGION)
	VALUES (CSR.COMPLIANCE_REGION_MAP_ID_SEQ.NEXTVAL, 1, 'DE', 'GERMANY', 'BE', 'BERLIN', 'de', '16');
	
	INSERT INTO CSR.COMPLIANCE_REGION_MAP
	(COMPLIANCE_REGION_MAP_ID, COMPLIANCE_ITEM_SOURCE_ID, SOURCE_COUNTRY, SOURCE_COUNTRY_LABEL, SOURCE_REGION, SOURCE_REGION_LABEL, COUNTRY, REGION)
	VALUES (CSR.COMPLIANCE_REGION_MAP_ID_SEQ.NEXTVAL, 1, 'MX', 'MEXICO', 'BCN', 'BAJA CALIFORNIA', 'mx', '02');
	
	INSERT INTO CSR.COMPLIANCE_REGION_MAP
	(COMPLIANCE_REGION_MAP_ID, COMPLIANCE_ITEM_SOURCE_ID, SOURCE_COUNTRY, SOURCE_COUNTRY_LABEL, SOURCE_REGION, SOURCE_REGION_LABEL, COUNTRY, REGION)
	VALUES (CSR.COMPLIANCE_REGION_MAP_ID_SEQ.NEXTVAL, 1, 'CA', 'CANADA', 'BC', 'BRITISH COLUMBIA', 'ca', '02');
	
	INSERT INTO CSR.COMPLIANCE_REGION_MAP
	(COMPLIANCE_REGION_MAP_ID, COMPLIANCE_ITEM_SOURCE_ID, SOURCE_COUNTRY, SOURCE_COUNTRY_LABEL, SOURCE_REGION, SOURCE_REGION_LABEL, COUNTRY, REGION)
	VALUES (CSR.COMPLIANCE_REGION_MAP_ID_SEQ.NEXTVAL, 1, 'DE', 'GERMANY', 'BB', 'BRANDENBURG', 'de', '11');
	
	INSERT INTO CSR.COMPLIANCE_REGION_MAP
	(COMPLIANCE_REGION_MAP_ID, COMPLIANCE_ITEM_SOURCE_ID, SOURCE_COUNTRY, SOURCE_COUNTRY_LABEL, SOURCE_REGION, SOURCE_REGION_LABEL, COUNTRY, REGION)
	VALUES (CSR.COMPLIANCE_REGION_MAP_ID_SEQ.NEXTVAL, 1, 'AR', 'ARGENTINA', 'B', 'BUENOS AIRES', 'ar', '01');
	
	INSERT INTO CSR.COMPLIANCE_REGION_MAP
	(COMPLIANCE_REGION_MAP_ID, COMPLIANCE_ITEM_SOURCE_ID, SOURCE_COUNTRY, SOURCE_COUNTRY_LABEL, SOURCE_REGION, SOURCE_REGION_LABEL, COUNTRY, REGION)
	VALUES (CSR.COMPLIANCE_REGION_MAP_ID_SEQ.NEXTVAL, 1, 'PT', 'PORTUGAL', 'AZO', 'AZORES', 'pt', '23');
	
	INSERT INTO CSR.COMPLIANCE_REGION_MAP
	(COMPLIANCE_REGION_MAP_ID, COMPLIANCE_ITEM_SOURCE_ID, SOURCE_COUNTRY, SOURCE_COUNTRY_LABEL, SOURCE_REGION, SOURCE_REGION_LABEL, COUNTRY, REGION)
	VALUES (CSR.COMPLIANCE_REGION_MAP_ID_SEQ.NEXTVAL, 1, 'IN', 'INDIA', 'AP', 'ANDHRA PRADESH', 'in', '02');
	
	INSERT INTO CSR.COMPLIANCE_REGION_MAP
	(COMPLIANCE_REGION_MAP_ID, COMPLIANCE_ITEM_SOURCE_ID, SOURCE_COUNTRY, SOURCE_COUNTRY_LABEL, SOURCE_REGION, SOURCE_REGION_LABEL, COUNTRY, REGION)
	VALUES (CSR.COMPLIANCE_REGION_MAP_ID_SEQ.NEXTVAL, 1, 'CN', 'CHINA', 'ANH', 'ANHUI PROVINCE', 'cn', '01');
	
	INSERT INTO CSR.COMPLIANCE_REGION_MAP
	(COMPLIANCE_REGION_MAP_ID, COMPLIANCE_ITEM_SOURCE_ID, SOURCE_COUNTRY, SOURCE_COUNTRY_LABEL, SOURCE_REGION, SOURCE_REGION_LABEL, COUNTRY, REGION)
	VALUES (CSR.COMPLIANCE_REGION_MAP_ID_SEQ.NEXTVAL, 1, 'MX', 'MEXICO', 'AGU', 'AGUASCALIENTES', 'mx', '01');
	
	INSERT INTO CSR.COMPLIANCE_REGION_MAP
	(COMPLIANCE_REGION_MAP_ID, COMPLIANCE_ITEM_SOURCE_ID, SOURCE_COUNTRY, SOURCE_COUNTRY_LABEL, SOURCE_REGION, SOURCE_REGION_LABEL, COUNTRY, REGION)
	VALUES (CSR.COMPLIANCE_REGION_MAP_ID_SEQ.NEXTVAL, 1, 'AU', 'AUSTRALIA', 'ACT', 'CAPITAL TERRITORY', 'au', '01');
	
	INSERT INTO CSR.COMPLIANCE_REGION_MAP
	(COMPLIANCE_REGION_MAP_ID, COMPLIANCE_ITEM_SOURCE_ID, SOURCE_COUNTRY, SOURCE_COUNTRY_LABEL, SOURCE_REGION, SOURCE_REGION_LABEL, COUNTRY, REGION)
	VALUES (CSR.COMPLIANCE_REGION_MAP_ID_SEQ.NEXTVAL, 1, 'AE', 'UNITED ARAB EMIRATES', 'ABU', 'ABU DHABI', 'ae', '01');
	
	INSERT INTO CSR.COMPLIANCE_REGION_MAP
	(COMPLIANCE_REGION_MAP_ID, COMPLIANCE_ITEM_SOURCE_ID, SOURCE_COUNTRY, SOURCE_COUNTRY_LABEL, SOURCE_REGION, SOURCE_REGION_LABEL, COUNTRY, REGION)
	VALUES (CSR.COMPLIANCE_REGION_MAP_ID_SEQ.NEXTVAL, 1, 'CA', 'CANADA', 'AB', 'ALBERTA', 'ca', '01');
	
	INSERT INTO CSR.COMPLIANCE_REGION_MAP
	(COMPLIANCE_REGION_MAP_ID, COMPLIANCE_ITEM_SOURCE_ID, SOURCE_COUNTRY, SOURCE_COUNTRY_LABEL, SOURCE_REGION, SOURCE_REGION_LABEL, COUNTRY, REGION)
	VALUES (CSR.COMPLIANCE_REGION_MAP_ID_SEQ.NEXTVAL, 1, 'AR', 'ARGENTINA', 'A', 'SALTA', 'ar', '17');
	
	INSERT INTO CSR.COMPLIANCE_REGION_MAP
	(COMPLIANCE_REGION_MAP_ID, COMPLIANCE_ITEM_SOURCE_ID, SOURCE_COUNTRY, SOURCE_COUNTRY_LABEL, SOURCE_REGION, SOURCE_REGION_LABEL, COUNTRY, REGION)
	VALUES (CSR.COMPLIANCE_REGION_MAP_ID_SEQ.NEXTVAL, 1, 'AT', 'AUSTRIA', 'NO', 'LOWER AUSTRIA', 'at', '03');
	
	INSERT INTO CSR.COMPLIANCE_REGION_MAP
	(COMPLIANCE_REGION_MAP_ID, COMPLIANCE_ITEM_SOURCE_ID, SOURCE_COUNTRY, SOURCE_COUNTRY_LABEL, SOURCE_REGION, SOURCE_REGION_LABEL, COUNTRY, REGION)
	VALUES (CSR.COMPLIANCE_REGION_MAP_ID_SEQ.NEXTVAL, 1, 'AT', 'AUSTRIA', 'OO', 'UPPER AUSTRIA', 'at', '04');
	
	INSERT INTO CSR.COMPLIANCE_REGION_MAP
	(COMPLIANCE_REGION_MAP_ID, COMPLIANCE_ITEM_SOURCE_ID, SOURCE_COUNTRY, SOURCE_COUNTRY_LABEL, SOURCE_REGION, SOURCE_REGION_LABEL, COUNTRY, REGION)
	VALUES (CSR.COMPLIANCE_REGION_MAP_ID_SEQ.NEXTVAL, 1, 'AQ', 'Antarctica', 'US', 'US administered', 'aq', NULL);
	 
	INSERT INTO CSR.COMPLIANCE_REGION_MAP
	(COMPLIANCE_REGION_MAP_ID, COMPLIANCE_ITEM_SOURCE_ID, SOURCE_COUNTRY, SOURCE_COUNTRY_LABEL, SOURCE_REGION, SOURCE_REGION_LABEL, COUNTRY, REGION)
	VALUES (CSR.COMPLIANCE_REGION_MAP_ID_SEQ.NEXTVAL, 1, 'AU', 'AUSTRALIA', 'LG', 'LOCAL GOVERNMENT', 'au', NULL);
	 
	INSERT INTO CSR.COMPLIANCE_REGION_MAP
	(COMPLIANCE_REGION_MAP_ID, COMPLIANCE_ITEM_SOURCE_ID, SOURCE_COUNTRY, SOURCE_COUNTRY_LABEL, SOURCE_REGION, SOURCE_REGION_LABEL, COUNTRY, REGION)
	VALUES (CSR.COMPLIANCE_REGION_MAP_ID_SEQ.NEXTVAL, 1, 'BE', 'BELGIUM', 'WAL', 'WALLONIA', 'be', NULL);
	 
	INSERT INTO CSR.COMPLIANCE_REGION_MAP
	(COMPLIANCE_REGION_MAP_ID, COMPLIANCE_ITEM_SOURCE_ID, SOURCE_COUNTRY, SOURCE_COUNTRY_LABEL, SOURCE_REGION, SOURCE_REGION_LABEL, COUNTRY, REGION)
	VALUES (CSR.COMPLIANCE_REGION_MAP_ID_SEQ.NEXTVAL, 1, 'BA', 'BOSNIA HERCEGOVINA', 'BRC', 'BRCKO', 'ba', NULL);
	 
	INSERT INTO CSR.COMPLIANCE_REGION_MAP
	(COMPLIANCE_REGION_MAP_ID, COMPLIANCE_ITEM_SOURCE_ID, SOURCE_COUNTRY, SOURCE_COUNTRY_LABEL, SOURCE_REGION, SOURCE_REGION_LABEL, COUNTRY, REGION)
	VALUES (CSR.COMPLIANCE_REGION_MAP_ID_SEQ.NEXTVAL, 1, 'CN', 'CHINA', 'CHD', 'CHENGDU CITY', 'cn', NULL);
	 
	INSERT INTO CSR.COMPLIANCE_REGION_MAP
	(COMPLIANCE_REGION_MAP_ID, COMPLIANCE_ITEM_SOURCE_ID, SOURCE_COUNTRY, SOURCE_COUNTRY_LABEL, SOURCE_REGION, SOURCE_REGION_LABEL, COUNTRY, REGION)
	VALUES (CSR.COMPLIANCE_REGION_MAP_ID_SEQ.NEXTVAL, 1, 'CN', 'CHINA', 'DAL', 'DALIAN', 'cn', NULL);
	 
	INSERT INTO CSR.COMPLIANCE_REGION_MAP
	(COMPLIANCE_REGION_MAP_ID, COMPLIANCE_ITEM_SOURCE_ID, SOURCE_COUNTRY, SOURCE_COUNTRY_LABEL, SOURCE_REGION, SOURCE_REGION_LABEL, COUNTRY, REGION)
	VALUES (CSR.COMPLIANCE_REGION_MAP_ID_SEQ.NEXTVAL, 1, 'CN', 'CHINA', 'DON', 'DONGGUAN', 'cn', NULL);
	 
	INSERT INTO CSR.COMPLIANCE_REGION_MAP
	(COMPLIANCE_REGION_MAP_ID, COMPLIANCE_ITEM_SOURCE_ID, SOURCE_COUNTRY, SOURCE_COUNTRY_LABEL, SOURCE_REGION, SOURCE_REGION_LABEL, COUNTRY, REGION)
	VALUES (CSR.COMPLIANCE_REGION_MAP_ID_SEQ.NEXTVAL, 1, 'CN', 'CHINA', 'GGU', 'GUANGZHOU', 'cn', NULL);
	 
	INSERT INTO CSR.COMPLIANCE_REGION_MAP
	(COMPLIANCE_REGION_MAP_ID, COMPLIANCE_ITEM_SOURCE_ID, SOURCE_COUNTRY, SOURCE_COUNTRY_LABEL, SOURCE_REGION, SOURCE_REGION_LABEL, COUNTRY, REGION)
	VALUES (CSR.COMPLIANCE_REGION_MAP_ID_SEQ.NEXTVAL, 1, 'CN', 'CHINA', 'HNG', 'HENGYANG', 'cn', NULL);
	 
	INSERT INTO CSR.COMPLIANCE_REGION_MAP
	(COMPLIANCE_REGION_MAP_ID, COMPLIANCE_ITEM_SOURCE_ID, SOURCE_COUNTRY, SOURCE_COUNTRY_LABEL, SOURCE_REGION, SOURCE_REGION_LABEL, COUNTRY, REGION)
	VALUES (CSR.COMPLIANCE_REGION_MAP_ID_SEQ.NEXTVAL, 1, 'CN', 'CHINA', 'PIN', 'PINGDINGSHAN', 'cn', NULL);
	 
	INSERT INTO CSR.COMPLIANCE_REGION_MAP
	(COMPLIANCE_REGION_MAP_ID, COMPLIANCE_ITEM_SOURCE_ID, SOURCE_COUNTRY, SOURCE_COUNTRY_LABEL, SOURCE_REGION, SOURCE_REGION_LABEL, COUNTRY, REGION)
	VALUES (CSR.COMPLIANCE_REGION_MAP_ID_SEQ.NEXTVAL, 1, 'CN', 'CHINA', 'SQI', 'QINGDAO', 'cn', NULL);
	 
	INSERT INTO CSR.COMPLIANCE_REGION_MAP
	(COMPLIANCE_REGION_MAP_ID, COMPLIANCE_ITEM_SOURCE_ID, SOURCE_COUNTRY, SOURCE_COUNTRY_LABEL, SOURCE_REGION, SOURCE_REGION_LABEL, COUNTRY, REGION)
	VALUES (CSR.COMPLIANCE_REGION_MAP_ID_SEQ.NEXTVAL, 1, 'CN', 'CHINA', 'GSH', 'SHENZHEN', 'cn', NULL);
	 
	INSERT INTO CSR.COMPLIANCE_REGION_MAP
	(COMPLIANCE_REGION_MAP_ID, COMPLIANCE_ITEM_SOURCE_ID, SOURCE_COUNTRY, SOURCE_COUNTRY_LABEL, SOURCE_REGION, SOURCE_REGION_LABEL, COUNTRY, REGION)
	VALUES (CSR.COMPLIANCE_REGION_MAP_ID_SEQ.NEXTVAL, 1, 'CN', 'CHINA', 'SUZ', 'SUZHOU', 'cn', NULL);
	 
	INSERT INTO CSR.COMPLIANCE_REGION_MAP
	(COMPLIANCE_REGION_MAP_ID, COMPLIANCE_ITEM_SOURCE_ID, SOURCE_COUNTRY, SOURCE_COUNTRY_LABEL, SOURCE_REGION, SOURCE_REGION_LABEL, COUNTRY, REGION)
	VALUES (CSR.COMPLIANCE_REGION_MAP_ID_SEQ.NEXTVAL, 1, 'CN', 'CHINA', 'FXI', 'XIAMEN', 'cn', NULL);
	 
	INSERT INTO CSR.COMPLIANCE_REGION_MAP
	(COMPLIANCE_REGION_MAP_ID, COMPLIANCE_ITEM_SOURCE_ID, SOURCE_COUNTRY, SOURCE_COUNTRY_LABEL, SOURCE_REGION, SOURCE_REGION_LABEL, COUNTRY, REGION)
	VALUES (CSR.COMPLIANCE_REGION_MAP_ID_SEQ.NEXTVAL, 1, 'CN', 'CHINA', 'XIA', 'XIAN CITY', 'cn', NULL);
	 
	INSERT INTO CSR.COMPLIANCE_REGION_MAP
	(COMPLIANCE_REGION_MAP_ID, COMPLIANCE_ITEM_SOURCE_ID, SOURCE_COUNTRY, SOURCE_COUNTRY_LABEL, SOURCE_REGION, SOURCE_REGION_LABEL, COUNTRY, REGION)
	VALUES (CSR.COMPLIANCE_REGION_MAP_ID_SEQ.NEXTVAL, 1, 'IN', 'INDIA', 'BA', 'BANGALORE', 'in', NULL);
	
	INSERT INTO CSR.COMPLIANCE_REGION_MAP
	(COMPLIANCE_REGION_MAP_ID, COMPLIANCE_ITEM_SOURCE_ID, SOURCE_COUNTRY, SOURCE_COUNTRY_LABEL, SOURCE_REGION, SOURCE_REGION_LABEL, COUNTRY, REGION)
	VALUES (CSR.COMPLIANCE_REGION_MAP_ID_SEQ.NEXTVAL, 1, 'IN', 'INDIA', 'TG', 'TELANGANA', 'in', NULL);
	
	INSERT INTO CSR.COMPLIANCE_REGION_MAP
	(COMPLIANCE_REGION_MAP_ID, COMPLIANCE_ITEM_SOURCE_ID, SOURCE_COUNTRY, SOURCE_COUNTRY_LABEL, SOURCE_REGION, SOURCE_REGION_LABEL, COUNTRY, REGION)
	VALUES (CSR.COMPLIANCE_REGION_MAP_ID_SEQ.NEXTVAL, 1, 'AE', 'UNITED ARAB EMIRATES', 'YZA', 'JEBEL ALI FREE ZONE', 'ae', NULL);
	
	INSERT INTO CSR.COMPLIANCE_REGION_MAP
	(COMPLIANCE_REGION_MAP_ID, COMPLIANCE_ITEM_SOURCE_ID, SOURCE_COUNTRY, SOURCE_COUNTRY_LABEL, SOURCE_REGION, SOURCE_REGION_LABEL, COUNTRY, REGION)
	VALUES (CSR.COMPLIANCE_REGION_MAP_ID_SEQ.NEXTVAL, 1, 'AE', 'UNITED ARAB EMIRATES', 'RUW', 'RUWAIS', 'ae', NULL);
END;
/

BEGIN
	INSERT INTO CSR.REGION_GROUP (REGION_GROUP_ID, GROUP_NAME)
	VALUES ('ENG', 'England');

	INSERT INTO CSR.REGION_GROUP (REGION_GROUP_ID, GROUP_NAME)
	VALUES ('NI', 'Northern Ireland');

	INSERT INTO CSR.REGION_GROUP (REGION_GROUP_ID, GROUP_NAME)
	VALUES ('SCO', 'Scotland');

	INSERT INTO CSR.REGION_GROUP (REGION_GROUP_ID, GROUP_NAME)
	VALUES ('WAL', 'Wales');

	INSERT INTO CSR.REGION_GROUP_REGION (REGION_GROUP_ID, COUNTRY, REGION)
	VALUES ('ENG', 'gb', '01');

	INSERT INTO CSR.REGION_GROUP_REGION (REGION_GROUP_ID, COUNTRY, REGION)
	VALUES ('ENG', 'gb', 'A1');

	INSERT INTO CSR.REGION_GROUP_REGION (REGION_GROUP_ID, COUNTRY, REGION)
	VALUES ('ENG', 'gb', 'A2');

	INSERT INTO CSR.REGION_GROUP_REGION (REGION_GROUP_ID, COUNTRY, REGION)
	VALUES ('ENG', 'gb', 'A3');

	INSERT INTO CSR.REGION_GROUP_REGION (REGION_GROUP_ID, COUNTRY, REGION)
	VALUES ('ENG', 'gb', 'A4');

	INSERT INTO CSR.REGION_GROUP_REGION (REGION_GROUP_ID, COUNTRY, REGION)
	VALUES ('ENG', 'gb', 'A5');

	INSERT INTO CSR.REGION_GROUP_REGION (REGION_GROUP_ID, COUNTRY, REGION)
	VALUES ('ENG', 'gb', '03');

	INSERT INTO CSR.REGION_GROUP_REGION (REGION_GROUP_ID, COUNTRY, REGION)
	VALUES ('ENG', 'gb', 'A6');

	INSERT INTO CSR.REGION_GROUP_REGION (REGION_GROUP_ID, COUNTRY, REGION)
	VALUES ('ENG', 'gb', 'A7');

	INSERT INTO CSR.REGION_GROUP_REGION (REGION_GROUP_ID, COUNTRY, REGION)
	VALUES ('ENG', 'gb', 'A8');

	INSERT INTO CSR.REGION_GROUP_REGION (REGION_GROUP_ID, COUNTRY, REGION)
	VALUES ('ENG', 'gb', 'A9');

	INSERT INTO CSR.REGION_GROUP_REGION (REGION_GROUP_ID, COUNTRY, REGION)
	VALUES ('ENG', 'gb', 'B1');

	INSERT INTO CSR.REGION_GROUP_REGION (REGION_GROUP_ID, COUNTRY, REGION)
	VALUES ('ENG', 'gb', 'B2');

	INSERT INTO CSR.REGION_GROUP_REGION (REGION_GROUP_ID, COUNTRY, REGION)
	VALUES ('ENG', 'gb', 'B3');

	INSERT INTO CSR.REGION_GROUP_REGION (REGION_GROUP_ID, COUNTRY, REGION)
	VALUES ('ENG', 'gb', 'B4');

	INSERT INTO CSR.REGION_GROUP_REGION (REGION_GROUP_ID, COUNTRY, REGION)
	VALUES ('ENG', 'gb', 'B5');

	INSERT INTO CSR.REGION_GROUP_REGION (REGION_GROUP_ID, COUNTRY, REGION)
	VALUES ('ENG', 'gb', 'B6');

	INSERT INTO CSR.REGION_GROUP_REGION (REGION_GROUP_ID, COUNTRY, REGION)
	VALUES ('ENG', 'gb', 'B7');

	INSERT INTO CSR.REGION_GROUP_REGION (REGION_GROUP_ID, COUNTRY, REGION)
	VALUES ('ENG', 'gb', 'B8');

	INSERT INTO CSR.REGION_GROUP_REGION (REGION_GROUP_ID, COUNTRY, REGION)
	VALUES ('ENG', 'gb', 'B9');

	INSERT INTO CSR.REGION_GROUP_REGION (REGION_GROUP_ID, COUNTRY, REGION)
	VALUES ('ENG', 'gb', 'C1');

	INSERT INTO CSR.REGION_GROUP_REGION (REGION_GROUP_ID, COUNTRY, REGION)
	VALUES ('ENG', 'gb', 'C2');

	INSERT INTO CSR.REGION_GROUP_REGION (REGION_GROUP_ID, COUNTRY, REGION)
	VALUES ('ENG', 'gb', 'C3');

	INSERT INTO CSR.REGION_GROUP_REGION (REGION_GROUP_ID, COUNTRY, REGION)
	VALUES ('ENG', 'gb', 'C4');

	INSERT INTO CSR.REGION_GROUP_REGION (REGION_GROUP_ID, COUNTRY, REGION)
	VALUES ('ENG', 'gb', '79');

	INSERT INTO CSR.REGION_GROUP_REGION (REGION_GROUP_ID, COUNTRY, REGION)
	VALUES ('ENG', 'gb', 'C5');

	INSERT INTO CSR.REGION_GROUP_REGION (REGION_GROUP_ID, COUNTRY, REGION)
	VALUES ('ENG', 'gb', '07');

	INSERT INTO CSR.REGION_GROUP_REGION (REGION_GROUP_ID, COUNTRY, REGION)
	VALUES ('ENG', 'gb', 'C6');

	INSERT INTO CSR.REGION_GROUP_REGION (REGION_GROUP_ID, COUNTRY, REGION)
	VALUES ('ENG', 'gb', 'C7');

	INSERT INTO CSR.REGION_GROUP_REGION (REGION_GROUP_ID, COUNTRY, REGION)
	VALUES ('ENG', 'gb', 'C8');

	INSERT INTO CSR.REGION_GROUP_REGION (REGION_GROUP_ID, COUNTRY, REGION)
	VALUES ('ENG', 'gb', 'C9');

	INSERT INTO CSR.REGION_GROUP_REGION (REGION_GROUP_ID, COUNTRY, REGION)
	VALUES ('ENG', 'gb', 'D1');

	INSERT INTO CSR.REGION_GROUP_REGION (REGION_GROUP_ID, COUNTRY, REGION)
	VALUES ('ENG', 'gb', 'D2');

	INSERT INTO CSR.REGION_GROUP_REGION (REGION_GROUP_ID, COUNTRY, REGION)
	VALUES ('ENG', 'gb', 'D3');

	INSERT INTO CSR.REGION_GROUP_REGION (REGION_GROUP_ID, COUNTRY, REGION)
	VALUES ('ENG', 'gb', 'D4');

	INSERT INTO CSR.REGION_GROUP_REGION (REGION_GROUP_ID, COUNTRY, REGION)
	VALUES ('ENG', 'gb', 'D5');

	INSERT INTO CSR.REGION_GROUP_REGION (REGION_GROUP_ID, COUNTRY, REGION)
	VALUES ('ENG', 'gb', 'D6');

	INSERT INTO CSR.REGION_GROUP_REGION (REGION_GROUP_ID, COUNTRY, REGION)
	VALUES ('ENG', 'gb', 'D7');

	INSERT INTO CSR.REGION_GROUP_REGION (REGION_GROUP_ID, COUNTRY, REGION)
	VALUES ('ENG', 'gb', 'D8');

	INSERT INTO CSR.REGION_GROUP_REGION (REGION_GROUP_ID, COUNTRY, REGION)
	VALUES ('ENG', 'gb', 'D9');

	INSERT INTO CSR.REGION_GROUP_REGION (REGION_GROUP_ID, COUNTRY, REGION)
	VALUES ('ENG', 'gb', 'E1');

	INSERT INTO CSR.REGION_GROUP_REGION (REGION_GROUP_ID, COUNTRY, REGION)
	VALUES ('ENG', 'gb', 'E2');

	INSERT INTO CSR.REGION_GROUP_REGION (REGION_GROUP_ID, COUNTRY, REGION)
	VALUES ('ENG', 'gb', 'E3');

	INSERT INTO CSR.REGION_GROUP_REGION (REGION_GROUP_ID, COUNTRY, REGION)
	VALUES ('ENG', 'gb', 'E4');

	INSERT INTO CSR.REGION_GROUP_REGION (REGION_GROUP_ID, COUNTRY, REGION)
	VALUES ('ENG', 'gb', 'E5');

	INSERT INTO CSR.REGION_GROUP_REGION (REGION_GROUP_ID, COUNTRY, REGION)
	VALUES ('ENG', 'gb', 'E6');

	INSERT INTO CSR.REGION_GROUP_REGION (REGION_GROUP_ID, COUNTRY, REGION)
	VALUES ('ENG', 'gb', '17');

	INSERT INTO CSR.REGION_GROUP_REGION (REGION_GROUP_ID, COUNTRY, REGION)
	VALUES ('ENG', 'gb', '18');

	INSERT INTO CSR.REGION_GROUP_REGION (REGION_GROUP_ID, COUNTRY, REGION)
	VALUES ('ENG', 'gb', 'E7');

	INSERT INTO CSR.REGION_GROUP_REGION (REGION_GROUP_ID, COUNTRY, REGION)
	VALUES ('ENG', 'gb', 'E8');

	INSERT INTO CSR.REGION_GROUP_REGION (REGION_GROUP_ID, COUNTRY, REGION)
	VALUES ('ENG', 'gb', 'E9');

	INSERT INTO CSR.REGION_GROUP_REGION (REGION_GROUP_ID, COUNTRY, REGION)
	VALUES ('ENG', 'gb', 'F1');

	INSERT INTO CSR.REGION_GROUP_REGION (REGION_GROUP_ID, COUNTRY, REGION)
	VALUES ('ENG', 'gb', 'F2');

	INSERT INTO CSR.REGION_GROUP_REGION (REGION_GROUP_ID, COUNTRY, REGION)
	VALUES ('ENG', 'gb', 'F3');

	INSERT INTO CSR.REGION_GROUP_REGION (REGION_GROUP_ID, COUNTRY, REGION)
	VALUES ('ENG', 'gb', 'F4');

	INSERT INTO CSR.REGION_GROUP_REGION (REGION_GROUP_ID, COUNTRY, REGION)
	VALUES ('ENG', 'gb', 'F5');

	INSERT INTO CSR.REGION_GROUP_REGION (REGION_GROUP_ID, COUNTRY, REGION)
	VALUES ('ENG', 'gb', 'F6');

	INSERT INTO CSR.REGION_GROUP_REGION (REGION_GROUP_ID, COUNTRY, REGION)
	VALUES ('ENG', 'gb', '20');

	INSERT INTO CSR.REGION_GROUP_REGION (REGION_GROUP_ID, COUNTRY, REGION)
	VALUES ('ENG', 'gb', 'F7');

	INSERT INTO CSR.REGION_GROUP_REGION (REGION_GROUP_ID, COUNTRY, REGION)
	VALUES ('ENG', 'gb', 'F8');

	INSERT INTO CSR.REGION_GROUP_REGION (REGION_GROUP_ID, COUNTRY, REGION)
	VALUES ('ENG', 'gb', 'F9');

	INSERT INTO CSR.REGION_GROUP_REGION (REGION_GROUP_ID, COUNTRY, REGION)
	VALUES ('ENG', 'gb', 'G1');

	INSERT INTO CSR.REGION_GROUP_REGION (REGION_GROUP_ID, COUNTRY, REGION)
	VALUES ('ENG', 'gb', '22');

	INSERT INTO CSR.REGION_GROUP_REGION (REGION_GROUP_ID, COUNTRY, REGION)
	VALUES ('ENG', 'gb', 'G2');

	INSERT INTO CSR.REGION_GROUP_REGION (REGION_GROUP_ID, COUNTRY, REGION)
	VALUES ('ENG', 'gb', 'G3');

	INSERT INTO CSR.REGION_GROUP_REGION (REGION_GROUP_ID, COUNTRY, REGION)
	VALUES ('ENG', 'gb', 'G4');

	INSERT INTO CSR.REGION_GROUP_REGION (REGION_GROUP_ID, COUNTRY, REGION)
	VALUES ('ENG', 'gb', 'G5');

	INSERT INTO CSR.REGION_GROUP_REGION (REGION_GROUP_ID, COUNTRY, REGION)
	VALUES ('ENG', 'gb', 'G6');

	INSERT INTO CSR.REGION_GROUP_REGION (REGION_GROUP_ID, COUNTRY, REGION)
	VALUES ('ENG', 'gb', 'G7');

	INSERT INTO CSR.REGION_GROUP_REGION (REGION_GROUP_ID, COUNTRY, REGION)
	VALUES ('ENG', 'gb', 'G8');

	INSERT INTO CSR.REGION_GROUP_REGION (REGION_GROUP_ID, COUNTRY, REGION)
	VALUES ('ENG', 'gb', 'G9');

	INSERT INTO CSR.REGION_GROUP_REGION (REGION_GROUP_ID, COUNTRY, REGION)
	VALUES ('ENG', 'gb', 'H1');

	INSERT INTO CSR.REGION_GROUP_REGION (REGION_GROUP_ID, COUNTRY, REGION)
	VALUES ('ENG', 'gb', 'H2');

	INSERT INTO CSR.REGION_GROUP_REGION (REGION_GROUP_ID, COUNTRY, REGION)
	VALUES ('ENG', 'gb', 'H3');

	INSERT INTO CSR.REGION_GROUP_REGION (REGION_GROUP_ID, COUNTRY, REGION)
	VALUES ('ENG', 'gb', 'H4');

	INSERT INTO CSR.REGION_GROUP_REGION (REGION_GROUP_ID, COUNTRY, REGION)
	VALUES ('ENG', 'gb', 'H5');

	INSERT INTO CSR.REGION_GROUP_REGION (REGION_GROUP_ID, COUNTRY, REGION)
	VALUES ('ENG', 'gb', 'H6');

	INSERT INTO CSR.REGION_GROUP_REGION (REGION_GROUP_ID, COUNTRY, REGION)
	VALUES ('ENG', 'gb', 'H7');

	INSERT INTO CSR.REGION_GROUP_REGION (REGION_GROUP_ID, COUNTRY, REGION)
	VALUES ('ENG', 'gb', 'H8');

	INSERT INTO CSR.REGION_GROUP_REGION (REGION_GROUP_ID, COUNTRY, REGION)
	VALUES ('ENG', 'gb', 'H9');

	INSERT INTO CSR.REGION_GROUP_REGION (REGION_GROUP_ID, COUNTRY, REGION)
	VALUES ('ENG', 'gb', 'I1');

	INSERT INTO CSR.REGION_GROUP_REGION (REGION_GROUP_ID, COUNTRY, REGION)
	VALUES ('ENG', 'gb', 'I2');

	INSERT INTO CSR.REGION_GROUP_REGION (REGION_GROUP_ID, COUNTRY, REGION)
	VALUES ('ENG', 'gb', 'I3');

	INSERT INTO CSR.REGION_GROUP_REGION (REGION_GROUP_ID, COUNTRY, REGION)
	VALUES ('ENG', 'gb', '28');

	INSERT INTO CSR.REGION_GROUP_REGION (REGION_GROUP_ID, COUNTRY, REGION)
	VALUES ('ENG', 'gb', 'I4');

	INSERT INTO CSR.REGION_GROUP_REGION (REGION_GROUP_ID, COUNTRY, REGION)
	VALUES ('ENG', 'gb', 'I5');

	INSERT INTO CSR.REGION_GROUP_REGION (REGION_GROUP_ID, COUNTRY, REGION)
	VALUES ('ENG', 'gb', 'I6');

	INSERT INTO CSR.REGION_GROUP_REGION (REGION_GROUP_ID, COUNTRY, REGION)
	VALUES ('ENG', 'gb', 'I7');

	INSERT INTO CSR.REGION_GROUP_REGION (REGION_GROUP_ID, COUNTRY, REGION)
	VALUES ('ENG', 'gb', 'I8');

	INSERT INTO CSR.REGION_GROUP_REGION (REGION_GROUP_ID, COUNTRY, REGION)
	VALUES ('ENG', 'gb', 'I9');

	INSERT INTO CSR.REGION_GROUP_REGION (REGION_GROUP_ID, COUNTRY, REGION)
	VALUES ('ENG', 'gb', 'J2');

	INSERT INTO CSR.REGION_GROUP_REGION (REGION_GROUP_ID, COUNTRY, REGION)
	VALUES ('ENG', 'gb', 'J3');

	INSERT INTO CSR.REGION_GROUP_REGION (REGION_GROUP_ID, COUNTRY, REGION)
	VALUES ('ENG', 'gb', 'J4');

	INSERT INTO CSR.REGION_GROUP_REGION (REGION_GROUP_ID, COUNTRY, REGION)
	VALUES ('ENG', 'gb', 'J5');

	INSERT INTO CSR.REGION_GROUP_REGION (REGION_GROUP_ID, COUNTRY, REGION)
	VALUES ('ENG', 'gb', 'J7');

	INSERT INTO CSR.REGION_GROUP_REGION (REGION_GROUP_ID, COUNTRY, REGION)
	VALUES ('ENG', 'gb', 'J1');

	INSERT INTO CSR.REGION_GROUP_REGION (REGION_GROUP_ID, COUNTRY, REGION)
	VALUES ('ENG', 'gb', 'J6');

	INSERT INTO CSR.REGION_GROUP_REGION (REGION_GROUP_ID, COUNTRY, REGION)
	VALUES ('ENG', 'gb', 'J8');

	INSERT INTO CSR.REGION_GROUP_REGION (REGION_GROUP_ID, COUNTRY, REGION)
	VALUES ('ENG', 'gb', 'J9');

	INSERT INTO CSR.REGION_GROUP_REGION (REGION_GROUP_ID, COUNTRY, REGION)
	VALUES ('ENG', 'gb', 'K1');

	INSERT INTO CSR.REGION_GROUP_REGION (REGION_GROUP_ID, COUNTRY, REGION)
	VALUES ('ENG', 'gb', 'K2');

	INSERT INTO CSR.REGION_GROUP_REGION (REGION_GROUP_ID, COUNTRY, REGION)
	VALUES ('ENG', 'gb', 'K3');

	INSERT INTO CSR.REGION_GROUP_REGION (REGION_GROUP_ID, COUNTRY, REGION)
	VALUES ('ENG', 'gb', 'K4');

	INSERT INTO CSR.REGION_GROUP_REGION (REGION_GROUP_ID, COUNTRY, REGION)
	VALUES ('ENG', 'gb', 'K5');

	INSERT INTO CSR.REGION_GROUP_REGION (REGION_GROUP_ID, COUNTRY, REGION)
	VALUES ('ENG', 'gb', 'K6');

	INSERT INTO CSR.REGION_GROUP_REGION (REGION_GROUP_ID, COUNTRY, REGION)
	VALUES ('ENG', 'gb', 'K7');

	INSERT INTO CSR.REGION_GROUP_REGION (REGION_GROUP_ID, COUNTRY, REGION)
	VALUES ('ENG', 'gb', 'K8');

	INSERT INTO CSR.REGION_GROUP_REGION (REGION_GROUP_ID, COUNTRY, REGION)
	VALUES ('ENG', 'gb', 'K9');

	INSERT INTO CSR.REGION_GROUP_REGION (REGION_GROUP_ID, COUNTRY, REGION)
	VALUES ('ENG', 'gb', 'L1');

	INSERT INTO CSR.REGION_GROUP_REGION (REGION_GROUP_ID, COUNTRY, REGION)
	VALUES ('ENG', 'gb', 'L2');

	INSERT INTO CSR.REGION_GROUP_REGION (REGION_GROUP_ID, COUNTRY, REGION)
	VALUES ('ENG', 'gb', 'L3');

	INSERT INTO CSR.REGION_GROUP_REGION (REGION_GROUP_ID, COUNTRY, REGION)
	VALUES ('ENG', 'gb', 'L4');

	INSERT INTO CSR.REGION_GROUP_REGION (REGION_GROUP_ID, COUNTRY, REGION)
	VALUES ('ENG', 'gb', 'L5');

	INSERT INTO CSR.REGION_GROUP_REGION (REGION_GROUP_ID, COUNTRY, REGION)
	VALUES ('ENG', 'gb', 'L7');

	INSERT INTO CSR.REGION_GROUP_REGION (REGION_GROUP_ID, COUNTRY, REGION)
	VALUES ('ENG', 'gb', 'L8');

	INSERT INTO CSR.REGION_GROUP_REGION (REGION_GROUP_ID, COUNTRY, REGION)
	VALUES ('ENG', 'gb', 'L9');

	INSERT INTO CSR.REGION_GROUP_REGION (REGION_GROUP_ID, COUNTRY, REGION)
	VALUES ('ENG', 'gb', 'L6');

	INSERT INTO CSR.REGION_GROUP_REGION (REGION_GROUP_ID, COUNTRY, REGION)
	VALUES ('ENG', 'gb', 'M1');

	INSERT INTO CSR.REGION_GROUP_REGION (REGION_GROUP_ID, COUNTRY, REGION)
	VALUES ('ENG', 'gb', 'M2');

	INSERT INTO CSR.REGION_GROUP_REGION (REGION_GROUP_ID, COUNTRY, REGION)
	VALUES ('ENG', 'gb', 'M3');

	INSERT INTO CSR.REGION_GROUP_REGION (REGION_GROUP_ID, COUNTRY, REGION)
	VALUES ('ENG', 'gb', 'M6');

	INSERT INTO CSR.REGION_GROUP_REGION (REGION_GROUP_ID, COUNTRY, REGION)
	VALUES ('ENG', 'gb', 'M7');

	INSERT INTO CSR.REGION_GROUP_REGION (REGION_GROUP_ID, COUNTRY, REGION)
	VALUES ('ENG', 'gb', '37');

	INSERT INTO CSR.REGION_GROUP_REGION (REGION_GROUP_ID, COUNTRY, REGION)
	VALUES ('ENG', 'gb', 'M4');

	INSERT INTO CSR.REGION_GROUP_REGION (REGION_GROUP_ID, COUNTRY, REGION)
	VALUES ('ENG', 'gb', 'M5');

	INSERT INTO CSR.REGION_GROUP_REGION (REGION_GROUP_ID, COUNTRY, REGION)
	VALUES ('ENG', 'gb', 'M8');

	INSERT INTO CSR.REGION_GROUP_REGION (REGION_GROUP_ID, COUNTRY, REGION)
	VALUES ('ENG', 'gb', 'N1');

	INSERT INTO CSR.REGION_GROUP_REGION (REGION_GROUP_ID, COUNTRY, REGION)
	VALUES ('ENG', 'gb', 'M9');

	INSERT INTO CSR.REGION_GROUP_REGION (REGION_GROUP_ID, COUNTRY, REGION)
	VALUES ('ENG', 'gb', 'N2');

	INSERT INTO CSR.REGION_GROUP_REGION (REGION_GROUP_ID, COUNTRY, REGION)
	VALUES ('ENG', 'gb', 'N3');

	INSERT INTO CSR.REGION_GROUP_REGION (REGION_GROUP_ID, COUNTRY, REGION)
	VALUES ('ENG', 'gb', 'N4');

	INSERT INTO CSR.REGION_GROUP_REGION (REGION_GROUP_ID, COUNTRY, REGION)
	VALUES ('ENG', 'gb', 'N5');

	INSERT INTO CSR.REGION_GROUP_REGION (REGION_GROUP_ID, COUNTRY, REGION)
	VALUES ('ENG', 'gb', 'N6');

	INSERT INTO CSR.REGION_GROUP_REGION (REGION_GROUP_ID, COUNTRY, REGION)
	VALUES ('ENG', 'gb', 'N7');

	INSERT INTO CSR.REGION_GROUP_REGION (REGION_GROUP_ID, COUNTRY, REGION)
	VALUES ('ENG', 'gb', 'N8');

	INSERT INTO CSR.REGION_GROUP_REGION (REGION_GROUP_ID, COUNTRY, REGION)
	VALUES ('ENG', 'gb', 'N9');

	INSERT INTO CSR.REGION_GROUP_REGION (REGION_GROUP_ID, COUNTRY, REGION)
	VALUES ('ENG', 'gb', 'O1');

	INSERT INTO CSR.REGION_GROUP_REGION (REGION_GROUP_ID, COUNTRY, REGION)
	VALUES ('ENG', 'gb', 'O2');

	INSERT INTO CSR.REGION_GROUP_REGION (REGION_GROUP_ID, COUNTRY, REGION)
	VALUES ('ENG', 'gb', 'O3');

	INSERT INTO CSR.REGION_GROUP_REGION (REGION_GROUP_ID, COUNTRY, REGION)
	VALUES ('ENG', 'gb', 'O4');

	INSERT INTO CSR.REGION_GROUP_REGION (REGION_GROUP_ID, COUNTRY, REGION)
	VALUES ('ENG', 'gb', 'O5');

	INSERT INTO CSR.REGION_GROUP_REGION (REGION_GROUP_ID, COUNTRY, REGION)
	VALUES ('ENG', 'gb', 'O6');

	INSERT INTO CSR.REGION_GROUP_REGION (REGION_GROUP_ID, COUNTRY, REGION)
	VALUES ('ENG', 'gb', '41');

	INSERT INTO CSR.REGION_GROUP_REGION (REGION_GROUP_ID, COUNTRY, REGION)
	VALUES ('ENG', 'gb', 'O7');

	INSERT INTO CSR.REGION_GROUP_REGION (REGION_GROUP_ID, COUNTRY, REGION)
	VALUES ('ENG', 'gb', 'O8');

	INSERT INTO CSR.REGION_GROUP_REGION (REGION_GROUP_ID, COUNTRY, REGION)
	VALUES ('ENG', 'gb', 'O9');

	INSERT INTO CSR.REGION_GROUP_REGION (REGION_GROUP_ID, COUNTRY, REGION)
	VALUES ('ENG', 'gb', 'P1');

	INSERT INTO CSR.REGION_GROUP_REGION (REGION_GROUP_ID, COUNTRY, REGION)
	VALUES ('ENG', 'gb', 'P2');

	INSERT INTO CSR.REGION_GROUP_REGION (REGION_GROUP_ID, COUNTRY, REGION)
	VALUES ('ENG', 'gb', 'P3');

	INSERT INTO CSR.REGION_GROUP_REGION (REGION_GROUP_ID, COUNTRY, REGION)
	VALUES ('ENG', 'gb', 'P4');

	INSERT INTO CSR.REGION_GROUP_REGION (REGION_GROUP_ID, COUNTRY, REGION)
	VALUES ('ENG', 'gb', '43');

	INSERT INTO CSR.REGION_GROUP_REGION (REGION_GROUP_ID, COUNTRY, REGION)
	VALUES ('ENG', 'gb', 'P6');

	INSERT INTO CSR.REGION_GROUP_REGION (REGION_GROUP_ID, COUNTRY, REGION)
	VALUES ('ENG', 'gb', '45');

	INSERT INTO CSR.REGION_GROUP_REGION (REGION_GROUP_ID, COUNTRY, REGION)
	VALUES ('ENG', 'gb', 'P5');

	INSERT INTO CSR.REGION_GROUP_REGION (REGION_GROUP_ID, COUNTRY, REGION)
	VALUES ('ENG', 'gb', 'P7');

	INSERT INTO CSR.REGION_GROUP_REGION (REGION_GROUP_ID, COUNTRY, REGION)
	VALUES ('ENG', 'gb', 'P8');

	INSERT INTO CSR.REGION_GROUP_REGION (REGION_GROUP_ID, COUNTRY, REGION)
	VALUES ('ENG', 'gb', 'P9');

	INSERT INTO CSR.REGION_GROUP_REGION (REGION_GROUP_ID, COUNTRY, REGION)
	VALUES ('ENG', 'gb', 'Q1');

	INSERT INTO CSR.REGION_GROUP_REGION (REGION_GROUP_ID, COUNTRY, REGION)
	VALUES ('ENG', 'gb', 'Q2');

	INSERT INTO CSR.REGION_GROUP_REGION (REGION_GROUP_ID, COUNTRY, REGION)
	VALUES ('ENG', 'gb', 'Q3');

	INSERT INTO CSR.REGION_GROUP_REGION (REGION_GROUP_ID, COUNTRY, REGION)
	VALUES ('ENG', 'gb', 'Q4');

	INSERT INTO CSR.REGION_GROUP_REGION (REGION_GROUP_ID, COUNTRY, REGION)
	VALUES ('ENG', 'gb', 'Q5');

	INSERT INTO CSR.REGION_GROUP_REGION (REGION_GROUP_ID, COUNTRY, REGION)
	VALUES ('NI', 'gb', 'Q6');

	INSERT INTO CSR.REGION_GROUP_REGION (REGION_GROUP_ID, COUNTRY, REGION)
	VALUES ('NI', 'gb', 'Q7');

	INSERT INTO CSR.REGION_GROUP_REGION (REGION_GROUP_ID, COUNTRY, REGION)
	VALUES ('NI', 'gb', 'Q8');

	INSERT INTO CSR.REGION_GROUP_REGION (REGION_GROUP_ID, COUNTRY, REGION)
	VALUES ('NI', 'gb', 'Q9');

	INSERT INTO CSR.REGION_GROUP_REGION (REGION_GROUP_ID, COUNTRY, REGION)
	VALUES ('NI', 'gb', 'R1');

	INSERT INTO CSR.REGION_GROUP_REGION (REGION_GROUP_ID, COUNTRY, REGION)
	VALUES ('NI', 'gb', 'R2');

	INSERT INTO CSR.REGION_GROUP_REGION (REGION_GROUP_ID, COUNTRY, REGION)
	VALUES ('NI', 'gb', 'R3');

	INSERT INTO CSR.REGION_GROUP_REGION (REGION_GROUP_ID, COUNTRY, REGION)
	VALUES ('NI', 'gb', 'R4');

	INSERT INTO CSR.REGION_GROUP_REGION (REGION_GROUP_ID, COUNTRY, REGION)
	VALUES ('NI', 'gb', 'R5');

	INSERT INTO CSR.REGION_GROUP_REGION (REGION_GROUP_ID, COUNTRY, REGION)
	VALUES ('NI', 'gb', 'R6');

	INSERT INTO CSR.REGION_GROUP_REGION (REGION_GROUP_ID, COUNTRY, REGION)
	VALUES ('NI', 'gb', 'R7');

	INSERT INTO CSR.REGION_GROUP_REGION (REGION_GROUP_ID, COUNTRY, REGION)
	VALUES ('NI', 'gb', 'R8');

	INSERT INTO CSR.REGION_GROUP_REGION (REGION_GROUP_ID, COUNTRY, REGION)
	VALUES ('NI', 'gb', 'S6');

	INSERT INTO CSR.REGION_GROUP_REGION (REGION_GROUP_ID, COUNTRY, REGION)
	VALUES ('NI', 'gb', 'R9');

	INSERT INTO CSR.REGION_GROUP_REGION (REGION_GROUP_ID, COUNTRY, REGION)
	VALUES ('NI', 'gb', 'S1');

	INSERT INTO CSR.REGION_GROUP_REGION (REGION_GROUP_ID, COUNTRY, REGION)
	VALUES ('NI', 'gb', 'S2');

	INSERT INTO CSR.REGION_GROUP_REGION (REGION_GROUP_ID, COUNTRY, REGION)
	VALUES ('NI', 'gb', 'S3');

	INSERT INTO CSR.REGION_GROUP_REGION (REGION_GROUP_ID, COUNTRY, REGION)
	VALUES ('NI', 'gb', 'S4');

	INSERT INTO CSR.REGION_GROUP_REGION (REGION_GROUP_ID, COUNTRY, REGION)
	VALUES ('NI', 'gb', 'S5');

	INSERT INTO CSR.REGION_GROUP_REGION (REGION_GROUP_ID, COUNTRY, REGION)
	VALUES ('NI', 'gb', 'S7');

	INSERT INTO CSR.REGION_GROUP_REGION (REGION_GROUP_ID, COUNTRY, REGION)
	VALUES ('NI', 'gb', 'S8');

	INSERT INTO CSR.REGION_GROUP_REGION (REGION_GROUP_ID, COUNTRY, REGION)
	VALUES ('NI', 'gb', 'S9');

	INSERT INTO CSR.REGION_GROUP_REGION (REGION_GROUP_ID, COUNTRY, REGION)
	VALUES ('NI', 'gb', 'T1');

	INSERT INTO CSR.REGION_GROUP_REGION (REGION_GROUP_ID, COUNTRY, REGION)
	VALUES ('NI', 'gb', 'T2');

	INSERT INTO CSR.REGION_GROUP_REGION (REGION_GROUP_ID, COUNTRY, REGION)
	VALUES ('NI', 'gb', 'T3');

	INSERT INTO CSR.REGION_GROUP_REGION (REGION_GROUP_ID, COUNTRY, REGION)
	VALUES ('NI', 'gb', 'T4');

	INSERT INTO CSR.REGION_GROUP_REGION (REGION_GROUP_ID, COUNTRY, REGION)
	VALUES ('SCO', 'gb', 'T5');

	INSERT INTO CSR.REGION_GROUP_REGION (REGION_GROUP_ID, COUNTRY, REGION)
	VALUES ('SCO', 'gb', 'T6');

	INSERT INTO CSR.REGION_GROUP_REGION (REGION_GROUP_ID, COUNTRY, REGION)
	VALUES ('SCO', 'gb', 'T7');

	INSERT INTO CSR.REGION_GROUP_REGION (REGION_GROUP_ID, COUNTRY, REGION)
	VALUES ('SCO', 'gb', 'T8');

	INSERT INTO CSR.REGION_GROUP_REGION (REGION_GROUP_ID, COUNTRY, REGION)
	VALUES ('SCO', 'gb', 'U1');

	INSERT INTO CSR.REGION_GROUP_REGION (REGION_GROUP_ID, COUNTRY, REGION)
	VALUES ('SCO', 'gb', 'U2');

	INSERT INTO CSR.REGION_GROUP_REGION (REGION_GROUP_ID, COUNTRY, REGION)
	VALUES ('SCO', 'gb', 'U3');

	INSERT INTO CSR.REGION_GROUP_REGION (REGION_GROUP_ID, COUNTRY, REGION)
	VALUES ('SCO', 'gb', 'U4');

	INSERT INTO CSR.REGION_GROUP_REGION (REGION_GROUP_ID, COUNTRY, REGION)
	VALUES ('SCO', 'gb', 'U5');

	INSERT INTO CSR.REGION_GROUP_REGION (REGION_GROUP_ID, COUNTRY, REGION)
	VALUES ('SCO', 'gb', 'U6');

	INSERT INTO CSR.REGION_GROUP_REGION (REGION_GROUP_ID, COUNTRY, REGION)
	VALUES ('SCO', 'gb', 'U7');

	INSERT INTO CSR.REGION_GROUP_REGION (REGION_GROUP_ID, COUNTRY, REGION)
	VALUES ('SCO', 'gb', 'U8');

	INSERT INTO CSR.REGION_GROUP_REGION (REGION_GROUP_ID, COUNTRY, REGION)
	VALUES ('SCO', 'gb', 'W8');

	INSERT INTO CSR.REGION_GROUP_REGION (REGION_GROUP_ID, COUNTRY, REGION)
	VALUES ('SCO', 'gb', 'U9');

	INSERT INTO CSR.REGION_GROUP_REGION (REGION_GROUP_ID, COUNTRY, REGION)
	VALUES ('SCO', 'gb', 'V1');

	INSERT INTO CSR.REGION_GROUP_REGION (REGION_GROUP_ID, COUNTRY, REGION)
	VALUES ('SCO', 'gb', 'V2');

	INSERT INTO CSR.REGION_GROUP_REGION (REGION_GROUP_ID, COUNTRY, REGION)
	VALUES ('SCO', 'gb', '82');

	INSERT INTO CSR.REGION_GROUP_REGION (REGION_GROUP_ID, COUNTRY, REGION)
	VALUES ('SCO', 'gb', 'V3');

	INSERT INTO CSR.REGION_GROUP_REGION (REGION_GROUP_ID, COUNTRY, REGION)
	VALUES ('SCO', 'gb', 'V4');

	INSERT INTO CSR.REGION_GROUP_REGION (REGION_GROUP_ID, COUNTRY, REGION)
	VALUES ('SCO', 'gb', '84');

	INSERT INTO CSR.REGION_GROUP_REGION (REGION_GROUP_ID, COUNTRY, REGION)
	VALUES ('SCO', 'gb', 'V5');

	INSERT INTO CSR.REGION_GROUP_REGION (REGION_GROUP_ID, COUNTRY, REGION)
	VALUES ('SCO', 'gb', 'V6');

	INSERT INTO CSR.REGION_GROUP_REGION (REGION_GROUP_ID, COUNTRY, REGION)
	VALUES ('SCO', 'gb', 'V7');

	INSERT INTO CSR.REGION_GROUP_REGION (REGION_GROUP_ID, COUNTRY, REGION)
	VALUES ('SCO', 'gb', 'V8');

	INSERT INTO CSR.REGION_GROUP_REGION (REGION_GROUP_ID, COUNTRY, REGION)
	VALUES ('SCO', 'gb', 'V9');

	INSERT INTO CSR.REGION_GROUP_REGION (REGION_GROUP_ID, COUNTRY, REGION)
	VALUES ('SCO', 'gb', 'W1');

	INSERT INTO CSR.REGION_GROUP_REGION (REGION_GROUP_ID, COUNTRY, REGION)
	VALUES ('SCO', 'gb', 'W2');

	INSERT INTO CSR.REGION_GROUP_REGION (REGION_GROUP_ID, COUNTRY, REGION)
	VALUES ('SCO', 'gb', 'T9');

	INSERT INTO CSR.REGION_GROUP_REGION (REGION_GROUP_ID, COUNTRY, REGION)
	VALUES ('SCO', 'gb', 'W3');

	INSERT INTO CSR.REGION_GROUP_REGION (REGION_GROUP_ID, COUNTRY, REGION)
	VALUES ('SCO', 'gb', 'W4');

	INSERT INTO CSR.REGION_GROUP_REGION (REGION_GROUP_ID, COUNTRY, REGION)
	VALUES ('SCO', 'gb', 'W5');

	INSERT INTO CSR.REGION_GROUP_REGION (REGION_GROUP_ID, COUNTRY, REGION)
	VALUES ('SCO', 'gb', 'W6');

	INSERT INTO CSR.REGION_GROUP_REGION (REGION_GROUP_ID, COUNTRY, REGION)
	VALUES ('SCO', 'gb', '87');

	INSERT INTO CSR.REGION_GROUP_REGION (REGION_GROUP_ID, COUNTRY, REGION)
	VALUES ('SCO', 'gb', '88');

	INSERT INTO CSR.REGION_GROUP_REGION (REGION_GROUP_ID, COUNTRY, REGION)
	VALUES ('SCO', 'gb', 'W7');

	INSERT INTO CSR.REGION_GROUP_REGION (REGION_GROUP_ID, COUNTRY, REGION)
	VALUES ('SCO', 'gb', 'W9');

	INSERT INTO CSR.REGION_GROUP_REGION (REGION_GROUP_ID, COUNTRY, REGION)
	VALUES ('WAL', 'gb', 'X2');

	INSERT INTO CSR.REGION_GROUP_REGION (REGION_GROUP_ID, COUNTRY, REGION)
	VALUES ('WAL', 'gb', 'X3');

	INSERT INTO CSR.REGION_GROUP_REGION (REGION_GROUP_ID, COUNTRY, REGION)
	VALUES ('WAL', 'gb', 'X4');

	INSERT INTO CSR.REGION_GROUP_REGION (REGION_GROUP_ID, COUNTRY, REGION)
	VALUES ('WAL', 'gb', 'X5');

	INSERT INTO CSR.REGION_GROUP_REGION (REGION_GROUP_ID, COUNTRY, REGION)
	VALUES ('WAL', 'gb', 'X7');

	INSERT INTO CSR.REGION_GROUP_REGION (REGION_GROUP_ID, COUNTRY, REGION)
	VALUES ('WAL', 'gb', 'X6');

	INSERT INTO CSR.REGION_GROUP_REGION (REGION_GROUP_ID, COUNTRY, REGION)
	VALUES ('WAL', 'gb', '90');

	INSERT INTO CSR.REGION_GROUP_REGION (REGION_GROUP_ID, COUNTRY, REGION)
	VALUES ('WAL', 'gb', 'X8');

	INSERT INTO CSR.REGION_GROUP_REGION (REGION_GROUP_ID, COUNTRY, REGION)
	VALUES ('WAL', 'gb', 'X9');

	INSERT INTO CSR.REGION_GROUP_REGION (REGION_GROUP_ID, COUNTRY, REGION)
	VALUES ('WAL', 'gb', '91');

	INSERT INTO CSR.REGION_GROUP_REGION (REGION_GROUP_ID, COUNTRY, REGION)
	VALUES ('WAL', 'gb', 'Y1');

	INSERT INTO CSR.REGION_GROUP_REGION (REGION_GROUP_ID, COUNTRY, REGION)
	VALUES ('WAL', 'gb', '92');

	INSERT INTO CSR.REGION_GROUP_REGION (REGION_GROUP_ID, COUNTRY, REGION)
	VALUES ('WAL', 'gb', 'Y2');

	INSERT INTO CSR.REGION_GROUP_REGION (REGION_GROUP_ID, COUNTRY, REGION)
	VALUES ('WAL', 'gb', 'X1');

	INSERT INTO CSR.REGION_GROUP_REGION (REGION_GROUP_ID, COUNTRY, REGION)
	VALUES ('WAL', 'gb', 'Y3');

	INSERT INTO CSR.REGION_GROUP_REGION (REGION_GROUP_ID, COUNTRY, REGION)
	VALUES ('WAL', 'gb', '94');

	INSERT INTO CSR.REGION_GROUP_REGION (REGION_GROUP_ID, COUNTRY, REGION)
	VALUES ('WAL', 'gb', 'Y4');

	INSERT INTO CSR.REGION_GROUP_REGION (REGION_GROUP_ID, COUNTRY, REGION)
	VALUES ('WAL', 'gb', 'Y5');

	INSERT INTO CSR.REGION_GROUP_REGION (REGION_GROUP_ID, COUNTRY, REGION)
	VALUES ('WAL', 'gb', 'Y6');

	INSERT INTO CSR.REGION_GROUP_REGION (REGION_GROUP_ID, COUNTRY, REGION)
	VALUES ('WAL', 'gb', 'Y7');

	INSERT INTO CSR.REGION_GROUP_REGION (REGION_GROUP_ID, COUNTRY, REGION)
	VALUES ('WAL', 'gb', 'Y8');

	INSERT INTO CSR.REGION_GROUP_REGION (REGION_GROUP_ID, COUNTRY, REGION)
	VALUES ('WAL', 'gb', 'Y9');

	INSERT INTO CSR.REGION_GROUP_REGION (REGION_GROUP_ID, COUNTRY, REGION)
	VALUES ('WAL', 'gb', '96');

	INSERT INTO CSR.REGION_GROUP_REGION (REGION_GROUP_ID, COUNTRY, REGION)
	VALUES ('WAL', 'gb', 'Z1');

	INSERT INTO CSR.REGION_GROUP_REGION (REGION_GROUP_ID, COUNTRY, REGION)
	VALUES ('WAL', 'gb', 'Z2');

	INSERT INTO CSR.REGION_GROUP_REGION (REGION_GROUP_ID, COUNTRY, REGION)
	VALUES ('WAL', 'gb', 'Z3');

	INSERT INTO CSR.REGION_GROUP_REGION (REGION_GROUP_ID, COUNTRY, REGION)
	VALUES ('WAL', 'gb', '97');

	INSERT INTO CSR.REGION_GROUP_REGION (REGION_GROUP_ID, COUNTRY, REGION)
	VALUES ('WAL', 'gb', 'Z4');
END;
/

-- ** New package grants **

-- *** Conditional Packages ***

-- *** Packages ***

@../compliance_pkg

@../compliance_body
@../csrimp/imp_body
@../schema_body
@../compliance_register_report_body
@../compliance_library_report_body

@update_tail
