SET SERVEROUTPUT ON;

SET DEFINE $;

-- business type
INSERT INTO ct.business_type (business_type_id, description) VALUES (1, 'Sell or resell finished items');
INSERT INTO ct.business_type (business_type_id, description) VALUES (2, 'Manufacture or assemble products');
INSERT INTO ct.business_type (business_type_id, description) VALUES (3, 'Primarily a service business');

-- scope input type
INSERT INTO ct.scope_input_type (scope_input_type_id, description) VALUES (1, 'I know my scope 1 and 2 emissions');
INSERT INTO ct.scope_input_type (scope_input_type_id, description) VALUES (2, 'I know my major consumption values');
INSERT INTO ct.scope_input_type (scope_input_type_id, description) VALUES (3, 'I don''t know either of the above and would like these values to be automatically estimated');

--Insert Default Consumption Categories
INSERT INTO CT.HT_CONSUMPTION_CATEGORY(HT_CONSUMPTION_CATEGORY_ID,DESCRIPTION)VALUES(1, 'FUEL');
INSERT INTO CT.HT_CONSUMPTION_CATEGORY(HT_CONSUMPTION_CATEGORY_ID,DESCRIPTION)VALUES(2, 'PROCESS FUGITIVE');
INSERT INTO CT.HT_CONSUMPTION_CATEGORY (HT_CONSUMPTION_CATEGORY_ID,DESCRIPTION) VALUES (3, 'ELECTRICITY');
INSERT INTO CT.HT_CONSUMPTION_CATEGORY(HT_CONSUMPTION_CATEGORY_ID,DESCRIPTION)VALUES(4, 'WATER');
INSERT INTO CT.HT_CONSUMPTION_CATEGORY(HT_CONSUMPTION_CATEGORY_ID,DESCRIPTION)VALUES(5, 'WASTE');

--FUELS
INSERT INTO CT.HT_CONSUMPTION_TYPE (HT_CONSUMPTION_TYPE_ID, HT_CONSUMPTION_CATEGORY_ID,DESCRIPTION)VALUES(1,1, 'Aviation Turbine Fuel');
INSERT INTO CT.HT_CONSUMPTION_TYPE (HT_CONSUMPTION_TYPE_ID, HT_CONSUMPTION_CATEGORY_ID,DESCRIPTION)VALUES(2,1, 'Biofuels');
INSERT INTO CT.HT_CONSUMPTION_TYPE (HT_CONSUMPTION_TYPE_ID, HT_CONSUMPTION_CATEGORY_ID,DESCRIPTION)VALUES(3,1, 'Coal (electricity generation)');
INSERT INTO CT.HT_CONSUMPTION_TYPE (HT_CONSUMPTION_TYPE_ID, HT_CONSUMPTION_CATEGORY_ID,DESCRIPTION)VALUES(4,1, 'Coal (industrial)');
INSERT INTO CT.HT_CONSUMPTION_TYPE (HT_CONSUMPTION_TYPE_ID, HT_CONSUMPTION_CATEGORY_ID,DESCRIPTION)VALUES(5,1, 'Diesel');
INSERT INTO CT.HT_CONSUMPTION_TYPE (HT_CONSUMPTION_TYPE_ID, HT_CONSUMPTION_CATEGORY_ID,DESCRIPTION)VALUES(6,1, 'Fuel Oil');
INSERT INTO CT.HT_CONSUMPTION_TYPE (HT_CONSUMPTION_TYPE_ID, HT_CONSUMPTION_CATEGORY_ID,DESCRIPTION)VALUES(7,1, 'Gas Oil');
INSERT INTO CT.HT_CONSUMPTION_TYPE (HT_CONSUMPTION_TYPE_ID, HT_CONSUMPTION_CATEGORY_ID,DESCRIPTION)VALUES(8,1, 'Liquified Natural Gas (LNG)');
INSERT INTO CT.HT_CONSUMPTION_TYPE (HT_CONSUMPTION_TYPE_ID, HT_CONSUMPTION_CATEGORY_ID,DESCRIPTION)VALUES(9,1, 'Liquified Petroleum Gas (LPG)');
INSERT INTO CT.HT_CONSUMPTION_TYPE (HT_CONSUMPTION_TYPE_ID, HT_CONSUMPTION_CATEGORY_ID,DESCRIPTION)VALUES(10,1, 'Natural Gas');
INSERT INTO CT.HT_CONSUMPTION_TYPE (HT_CONSUMPTION_TYPE_ID, HT_CONSUMPTION_CATEGORY_ID,DESCRIPTION)VALUES(11,1, 'Petrol');
  
--FUGITIVES  
INSERT INTO CT.HT_CONSUMPTION_TYPE (HT_CONSUMPTION_TYPE_ID, HT_CONSUMPTION_CATEGORY_ID,DESCRIPTION)VALUES(1,2, 'Carbon Dioxide');
INSERT INTO CT.HT_CONSUMPTION_TYPE (HT_CONSUMPTION_TYPE_ID, HT_CONSUMPTION_CATEGORY_ID,DESCRIPTION)VALUES(2,2, 'Methane');
INSERT INTO CT.HT_CONSUMPTION_TYPE (HT_CONSUMPTION_TYPE_ID, HT_CONSUMPTION_CATEGORY_ID,DESCRIPTION)VALUES(3,2, 'Nitrous Oxide');
INSERT INTO CT.HT_CONSUMPTION_TYPE (HT_CONSUMPTION_TYPE_ID, HT_CONSUMPTION_CATEGORY_ID,DESCRIPTION)VALUES(4,2, 'HFC-23');
INSERT INTO CT.HT_CONSUMPTION_TYPE (HT_CONSUMPTION_TYPE_ID, HT_CONSUMPTION_CATEGORY_ID,DESCRIPTION)VALUES(5,2, 'HFC-32');
INSERT INTO CT.HT_CONSUMPTION_TYPE (HT_CONSUMPTION_TYPE_ID, HT_CONSUMPTION_CATEGORY_ID,DESCRIPTION)VALUES(6,2, 'HFC-41');
INSERT INTO CT.HT_CONSUMPTION_TYPE (HT_CONSUMPTION_TYPE_ID, HT_CONSUMPTION_CATEGORY_ID,DESCRIPTION)VALUES(7,2, 'HFC-125');
INSERT INTO CT.HT_CONSUMPTION_TYPE (HT_CONSUMPTION_TYPE_ID, HT_CONSUMPTION_CATEGORY_ID,DESCRIPTION)VALUES(8,2, 'HFC-134');
INSERT INTO CT.HT_CONSUMPTION_TYPE (HT_CONSUMPTION_TYPE_ID, HT_CONSUMPTION_CATEGORY_ID,DESCRIPTION)VALUES(9,2, 'HFC-134a');
INSERT INTO CT.HT_CONSUMPTION_TYPE (HT_CONSUMPTION_TYPE_ID, HT_CONSUMPTION_CATEGORY_ID,DESCRIPTION)VALUES(10,2, 'HFC-143');
INSERT INTO CT.HT_CONSUMPTION_TYPE (HT_CONSUMPTION_TYPE_ID, HT_CONSUMPTION_CATEGORY_ID,DESCRIPTION)VALUES(11,2, 'HFC-143a');
INSERT INTO CT.HT_CONSUMPTION_TYPE (HT_CONSUMPTION_TYPE_ID, HT_CONSUMPTION_CATEGORY_ID,DESCRIPTION)VALUES(12,2, 'HFC-152a');
INSERT INTO CT.HT_CONSUMPTION_TYPE (HT_CONSUMPTION_TYPE_ID, HT_CONSUMPTION_CATEGORY_ID,DESCRIPTION)VALUES(13,2, 'HFC-227ea');
INSERT INTO CT.HT_CONSUMPTION_TYPE (HT_CONSUMPTION_TYPE_ID, HT_CONSUMPTION_CATEGORY_ID,DESCRIPTION)VALUES(14,2, 'HFC-236fa');
INSERT INTO CT.HT_CONSUMPTION_TYPE (HT_CONSUMPTION_TYPE_ID, HT_CONSUMPTION_CATEGORY_ID,DESCRIPTION)VALUES(15,2, 'HFC-245fa');
INSERT INTO CT.HT_CONSUMPTION_TYPE (HT_CONSUMPTION_TYPE_ID, HT_CONSUMPTION_CATEGORY_ID,DESCRIPTION)VALUES(16,2, 'HFC-43-I0mee');
INSERT INTO CT.HT_CONSUMPTION_TYPE (HT_CONSUMPTION_TYPE_ID, HT_CONSUMPTION_CATEGORY_ID,DESCRIPTION)VALUES(17,2, 'Perfluoromethane (PFC-14)');
INSERT INTO CT.HT_CONSUMPTION_TYPE (HT_CONSUMPTION_TYPE_ID, HT_CONSUMPTION_CATEGORY_ID,DESCRIPTION)VALUES(18,2, 'Perfluoroethane (PFC-116)');
INSERT INTO CT.HT_CONSUMPTION_TYPE (HT_CONSUMPTION_TYPE_ID, HT_CONSUMPTION_CATEGORY_ID,DESCRIPTION)VALUES(19,2, 'Perfluoropropane (PFC-218)');
INSERT INTO CT.HT_CONSUMPTION_TYPE (HT_CONSUMPTION_TYPE_ID, HT_CONSUMPTION_CATEGORY_ID,DESCRIPTION)VALUES(20,2, 'Perfluorocyclobutane (PFC-318)');
INSERT INTO CT.HT_CONSUMPTION_TYPE (HT_CONSUMPTION_TYPE_ID, HT_CONSUMPTION_CATEGORY_ID,DESCRIPTION)VALUES(21,2, 'Perfluorobutane (PFC-3-1-10)');
INSERT INTO CT.HT_CONSUMPTION_TYPE (HT_CONSUMPTION_TYPE_ID, HT_CONSUMPTION_CATEGORY_ID,DESCRIPTION)VALUES(22,2, 'Perfluoropentane (PFC-4-1-12)');
INSERT INTO CT.HT_CONSUMPTION_TYPE (HT_CONSUMPTION_TYPE_ID, HT_CONSUMPTION_CATEGORY_ID,DESCRIPTION)VALUES(23,2, 'Perfluorohexane (PFC-5-1-14)');
INSERT INTO CT.HT_CONSUMPTION_TYPE (HT_CONSUMPTION_TYPE_ID, HT_CONSUMPTION_CATEGORY_ID,DESCRIPTION)VALUES(24,2, 'Sulphur hexafluoride');
INSERT INTO CT.HT_CONSUMPTION_TYPE (HT_CONSUMPTION_TYPE_ID, HT_CONSUMPTION_CATEGORY_ID,DESCRIPTION)VALUES(25,2, 'R404A');
INSERT INTO CT.HT_CONSUMPTION_TYPE (HT_CONSUMPTION_TYPE_ID, HT_CONSUMPTION_CATEGORY_ID,DESCRIPTION)VALUES(26,2, 'R407A');
INSERT INTO CT.HT_CONSUMPTION_TYPE (HT_CONSUMPTION_TYPE_ID, HT_CONSUMPTION_CATEGORY_ID,DESCRIPTION)VALUES(27,2, 'R407C');
INSERT INTO CT.HT_CONSUMPTION_TYPE (HT_CONSUMPTION_TYPE_ID, HT_CONSUMPTION_CATEGORY_ID,DESCRIPTION)VALUES(28,2, 'R407F');
INSERT INTO CT.HT_CONSUMPTION_TYPE (HT_CONSUMPTION_TYPE_ID, HT_CONSUMPTION_CATEGORY_ID,DESCRIPTION)VALUES(29,2, 'R408A');
INSERT INTO CT.HT_CONSUMPTION_TYPE (HT_CONSUMPTION_TYPE_ID, HT_CONSUMPTION_CATEGORY_ID,DESCRIPTION)VALUES(30,2, 'R410A');
INSERT INTO CT.HT_CONSUMPTION_TYPE (HT_CONSUMPTION_TYPE_ID, HT_CONSUMPTION_CATEGORY_ID,DESCRIPTION)VALUES(31,2, 'R507');
INSERT INTO CT.HT_CONSUMPTION_TYPE (HT_CONSUMPTION_TYPE_ID, HT_CONSUMPTION_CATEGORY_ID,DESCRIPTION)VALUES(32,2, 'R508B');

--Electricity
INSERT INTO CT.HT_CONSUMPTION_TYPE (HT_CONSUMPTION_TYPE_ID, HT_CONSUMPTION_CATEGORY_ID, DESCRIPTION) VALUES (1, 3, 'Electricity');

--Water
INSERT INTO CT.HT_CONSUMPTION_TYPE (HT_CONSUMPTION_TYPE_ID, HT_CONSUMPTION_CATEGORY_ID,DESCRIPTION)VALUES(1,4, 'Water consumption');
INSERT INTO CT.HT_CONSUMPTION_TYPE (HT_CONSUMPTION_TYPE_ID, HT_CONSUMPTION_CATEGORY_ID,DESCRIPTION)VALUES(2,4, 'Wastewater production');

--Waste
INSERT INTO CT.HT_CONSUMPTION_TYPE (HT_CONSUMPTION_TYPE_ID, HT_CONSUMPTION_CATEGORY_ID,DESCRIPTION)VALUES(1,5, 'Non-hazardous waste ');
INSERT INTO CT.HT_CONSUMPTION_TYPE (HT_CONSUMPTION_TYPE_ID, HT_CONSUMPTION_CATEGORY_ID,DESCRIPTION)VALUES(2,5, 'Hazardous waste ');

--consumption types volume units
INSERT INTO CT.HT_CONSUMPTION_TYPE_VOL_UNIT (HT_CONSUMPTION_TYPE_ID, HT_CONSUMPTION_CATEGORY_ID,VOLUME_UNIT_ID,CO2_FACTOR) VALUES(1, 1, 1, 2.5519);
INSERT INTO CT.HT_CONSUMPTION_TYPE_VOL_UNIT (HT_CONSUMPTION_TYPE_ID, HT_CONSUMPTION_CATEGORY_ID,VOLUME_UNIT_ID,CO2_FACTOR) VALUES(2, 1, 1, 0);    
INSERT INTO CT.HT_CONSUMPTION_TYPE_VOL_UNIT (HT_CONSUMPTION_TYPE_ID, HT_CONSUMPTION_CATEGORY_ID,VOLUME_UNIT_ID,CO2_FACTOR) VALUES(5, 1, 1, 2.6769);    
INSERT INTO CT.HT_CONSUMPTION_TYPE_VOL_UNIT (HT_CONSUMPTION_TYPE_ID, HT_CONSUMPTION_CATEGORY_ID,VOLUME_UNIT_ID,CO2_FACTOR) VALUES(7, 1, 1, 3.0213);    
INSERT INTO CT.HT_CONSUMPTION_TYPE_VOL_UNIT (HT_CONSUMPTION_TYPE_ID, HT_CONSUMPTION_CATEGORY_ID,VOLUME_UNIT_ID,CO2_FACTOR) VALUES(8, 1, 1, 1.2328);    
INSERT INTO CT.HT_CONSUMPTION_TYPE_VOL_UNIT (HT_CONSUMPTION_TYPE_ID, HT_CONSUMPTION_CATEGORY_ID,VOLUME_UNIT_ID,CO2_FACTOR) VALUES(9, 1, 1, 1.5326);    
INSERT INTO CT.HT_CONSUMPTION_TYPE_VOL_UNIT (HT_CONSUMPTION_TYPE_ID, HT_CONSUMPTION_CATEGORY_ID,VOLUME_UNIT_ID,CO2_FACTOR) VALUES(10, 1, 1, 2.0322);    
INSERT INTO CT.HT_CONSUMPTION_TYPE_VOL_UNIT (HT_CONSUMPTION_TYPE_ID, HT_CONSUMPTION_CATEGORY_ID,VOLUME_UNIT_ID,CO2_FACTOR) VALUES(11, 1, 1, 2.3144);   

--Add volume units for Water
INSERT INTO CT.HT_CONSUMPTION_TYPE_VOL_UNIT (HT_CONSUMPTION_TYPE_ID, HT_CONSUMPTION_CATEGORY_ID,VOLUME_UNIT_ID,CO2_FACTOR, IS_DEFAULT) VALUES(1, 4, 1, 0, 0);
INSERT INTO CT.HT_CONSUMPTION_TYPE_VOL_UNIT (HT_CONSUMPTION_TYPE_ID, HT_CONSUMPTION_CATEGORY_ID,VOLUME_UNIT_ID,CO2_FACTOR, IS_DEFAULT) VALUES(1, 4, 2, 0, 0);
INSERT INTO CT.HT_CONSUMPTION_TYPE_VOL_UNIT (HT_CONSUMPTION_TYPE_ID, HT_CONSUMPTION_CATEGORY_ID,VOLUME_UNIT_ID,CO2_FACTOR, IS_DEFAULT) VALUES(1, 4, 4, 0, 1);
INSERT INTO CT.HT_CONSUMPTION_TYPE_VOL_UNIT (HT_CONSUMPTION_TYPE_ID, HT_CONSUMPTION_CATEGORY_ID,VOLUME_UNIT_ID,CO2_FACTOR, IS_DEFAULT) VALUES(1, 4, 5, 0, 0);
INSERT INTO CT.HT_CONSUMPTION_TYPE_VOL_UNIT (HT_CONSUMPTION_TYPE_ID, HT_CONSUMPTION_CATEGORY_ID,VOLUME_UNIT_ID,CO2_FACTOR, IS_DEFAULT) VALUES(1, 4, 6, 0, 0);
INSERT INTO CT.HT_CONSUMPTION_TYPE_VOL_UNIT (HT_CONSUMPTION_TYPE_ID, HT_CONSUMPTION_CATEGORY_ID,VOLUME_UNIT_ID,CO2_FACTOR, IS_DEFAULT) VALUES(2, 4, 1, 0, 0);
INSERT INTO CT.HT_CONSUMPTION_TYPE_VOL_UNIT (HT_CONSUMPTION_TYPE_ID, HT_CONSUMPTION_CATEGORY_ID,VOLUME_UNIT_ID,CO2_FACTOR, IS_DEFAULT) VALUES(2, 4, 2, 0, 0);
INSERT INTO CT.HT_CONSUMPTION_TYPE_VOL_UNIT (HT_CONSUMPTION_TYPE_ID, HT_CONSUMPTION_CATEGORY_ID,VOLUME_UNIT_ID,CO2_FACTOR, IS_DEFAULT) VALUES(2, 4, 4, 0, 1);
INSERT INTO CT.HT_CONSUMPTION_TYPE_VOL_UNIT (HT_CONSUMPTION_TYPE_ID, HT_CONSUMPTION_CATEGORY_ID,VOLUME_UNIT_ID,CO2_FACTOR, IS_DEFAULT) VALUES(2, 4, 5, 0, 0);
INSERT INTO CT.HT_CONSUMPTION_TYPE_VOL_UNIT (HT_CONSUMPTION_TYPE_ID, HT_CONSUMPTION_CATEGORY_ID,VOLUME_UNIT_ID,CO2_FACTOR, IS_DEFAULT) VALUES(2, 4, 6, 0, 0);
 

--consumption types mass units
  --fuels
INSERT INTO CT.HT_CONSUMPTION_TYPE_MASS_UNIT (HT_CONSUMPTION_TYPE_ID, HT_CONSUMPTION_CATEGORY_ID,MASS_UNIT_ID,CO2_FACTOR) VALUES(1, 1, 3, 3182.3);
INSERT INTO CT.HT_CONSUMPTION_TYPE_MASS_UNIT (HT_CONSUMPTION_TYPE_ID, HT_CONSUMPTION_CATEGORY_ID,MASS_UNIT_ID,CO2_FACTOR) VALUES(2, 1, 3, 0);
INSERT INTO CT.HT_CONSUMPTION_TYPE_MASS_UNIT (HT_CONSUMPTION_TYPE_ID, HT_CONSUMPTION_CATEGORY_ID,MASS_UNIT_ID,CO2_FACTOR) VALUES(3, 1, 3, 2258.2);
INSERT INTO CT.HT_CONSUMPTION_TYPE_MASS_UNIT (HT_CONSUMPTION_TYPE_ID, HT_CONSUMPTION_CATEGORY_ID,MASS_UNIT_ID,CO2_FACTOR) VALUES(4, 1, 3, 2183.8);
INSERT INTO CT.HT_CONSUMPTION_TYPE_MASS_UNIT (HT_CONSUMPTION_TYPE_ID, HT_CONSUMPTION_CATEGORY_ID,MASS_UNIT_ID,CO2_FACTOR) VALUES(5, 1, 3, 3188.2);
INSERT INTO CT.HT_CONSUMPTION_TYPE_MASS_UNIT (HT_CONSUMPTION_TYPE_ID, HT_CONSUMPTION_CATEGORY_ID,MASS_UNIT_ID,CO2_FACTOR) VALUES(6, 1, 3, 3228.1);
INSERT INTO CT.HT_CONSUMPTION_TYPE_MASS_UNIT (HT_CONSUMPTION_TYPE_ID, HT_CONSUMPTION_CATEGORY_ID,MASS_UNIT_ID,CO2_FACTOR) VALUES(7, 1, 3, 3492.6);
INSERT INTO CT.HT_CONSUMPTION_TYPE_MASS_UNIT (HT_CONSUMPTION_TYPE_ID, HT_CONSUMPTION_CATEGORY_ID,MASS_UNIT_ID,CO2_FACTOR) VALUES(8, 1, 3, 2724.4);
INSERT INTO CT.HT_CONSUMPTION_TYPE_MASS_UNIT (HT_CONSUMPTION_TYPE_ID, HT_CONSUMPTION_CATEGORY_ID,MASS_UNIT_ID,CO2_FACTOR) VALUES(11, 1, 3, 3147.6);

  --fugitives
INSERT INTO CT.HT_CONSUMPTION_TYPE_MASS_UNIT (HT_CONSUMPTION_TYPE_ID, HT_CONSUMPTION_CATEGORY_ID,MASS_UNIT_ID,CO2_FACTOR) VALUES(1, 2, 1, 1);
INSERT INTO CT.HT_CONSUMPTION_TYPE_MASS_UNIT (HT_CONSUMPTION_TYPE_ID, HT_CONSUMPTION_CATEGORY_ID,MASS_UNIT_ID,CO2_FACTOR) VALUES(2, 2, 1, 21);
INSERT INTO CT.HT_CONSUMPTION_TYPE_MASS_UNIT (HT_CONSUMPTION_TYPE_ID, HT_CONSUMPTION_CATEGORY_ID,MASS_UNIT_ID,CO2_FACTOR) VALUES(3, 2, 1, 310);
INSERT INTO CT.HT_CONSUMPTION_TYPE_MASS_UNIT (HT_CONSUMPTION_TYPE_ID, HT_CONSUMPTION_CATEGORY_ID,MASS_UNIT_ID,CO2_FACTOR) VALUES(4, 2, 1, 11700);
INSERT INTO CT.HT_CONSUMPTION_TYPE_MASS_UNIT (HT_CONSUMPTION_TYPE_ID, HT_CONSUMPTION_CATEGORY_ID,MASS_UNIT_ID,CO2_FACTOR) VALUES(5, 2, 1, 650);
INSERT INTO CT.HT_CONSUMPTION_TYPE_MASS_UNIT (HT_CONSUMPTION_TYPE_ID, HT_CONSUMPTION_CATEGORY_ID,MASS_UNIT_ID,CO2_FACTOR) VALUES(6, 2, 1, 150);
INSERT INTO CT.HT_CONSUMPTION_TYPE_MASS_UNIT (HT_CONSUMPTION_TYPE_ID, HT_CONSUMPTION_CATEGORY_ID,MASS_UNIT_ID,CO2_FACTOR) VALUES(7, 2, 1, 2800);
INSERT INTO CT.HT_CONSUMPTION_TYPE_MASS_UNIT (HT_CONSUMPTION_TYPE_ID, HT_CONSUMPTION_CATEGORY_ID,MASS_UNIT_ID,CO2_FACTOR) VALUES(8, 2, 1, 1000);
INSERT INTO CT.HT_CONSUMPTION_TYPE_MASS_UNIT (HT_CONSUMPTION_TYPE_ID, HT_CONSUMPTION_CATEGORY_ID,MASS_UNIT_ID,CO2_FACTOR) VALUES(9, 2, 1, 1300);
INSERT INTO CT.HT_CONSUMPTION_TYPE_MASS_UNIT (HT_CONSUMPTION_TYPE_ID, HT_CONSUMPTION_CATEGORY_ID,MASS_UNIT_ID,CO2_FACTOR) VALUES(10, 2, 1, 300);
INSERT INTO CT.HT_CONSUMPTION_TYPE_MASS_UNIT (HT_CONSUMPTION_TYPE_ID, HT_CONSUMPTION_CATEGORY_ID,MASS_UNIT_ID,CO2_FACTOR) VALUES(11, 2, 1, 3800);
INSERT INTO CT.HT_CONSUMPTION_TYPE_MASS_UNIT (HT_CONSUMPTION_TYPE_ID, HT_CONSUMPTION_CATEGORY_ID,MASS_UNIT_ID,CO2_FACTOR) VALUES(12, 2, 1, 140);
INSERT INTO CT.HT_CONSUMPTION_TYPE_MASS_UNIT (HT_CONSUMPTION_TYPE_ID, HT_CONSUMPTION_CATEGORY_ID,MASS_UNIT_ID,CO2_FACTOR) VALUES(13, 2, 1, 2900);
INSERT INTO CT.HT_CONSUMPTION_TYPE_MASS_UNIT (HT_CONSUMPTION_TYPE_ID, HT_CONSUMPTION_CATEGORY_ID,MASS_UNIT_ID,CO2_FACTOR) VALUES(14, 2, 1, 6300);
INSERT INTO CT.HT_CONSUMPTION_TYPE_MASS_UNIT (HT_CONSUMPTION_TYPE_ID, HT_CONSUMPTION_CATEGORY_ID,MASS_UNIT_ID,CO2_FACTOR) VALUES(15, 2, 1, 560);
INSERT INTO CT.HT_CONSUMPTION_TYPE_MASS_UNIT (HT_CONSUMPTION_TYPE_ID, HT_CONSUMPTION_CATEGORY_ID,MASS_UNIT_ID,CO2_FACTOR) VALUES(16, 2, 1, 1300);
INSERT INTO CT.HT_CONSUMPTION_TYPE_MASS_UNIT (HT_CONSUMPTION_TYPE_ID, HT_CONSUMPTION_CATEGORY_ID,MASS_UNIT_ID,CO2_FACTOR) VALUES(17, 2, 1, 6500);
INSERT INTO CT.HT_CONSUMPTION_TYPE_MASS_UNIT (HT_CONSUMPTION_TYPE_ID, HT_CONSUMPTION_CATEGORY_ID,MASS_UNIT_ID,CO2_FACTOR) VALUES(18, 2, 1, 9200);
INSERT INTO CT.HT_CONSUMPTION_TYPE_MASS_UNIT (HT_CONSUMPTION_TYPE_ID, HT_CONSUMPTION_CATEGORY_ID,MASS_UNIT_ID,CO2_FACTOR) VALUES(19, 2, 1, 7000);
INSERT INTO CT.HT_CONSUMPTION_TYPE_MASS_UNIT (HT_CONSUMPTION_TYPE_ID, HT_CONSUMPTION_CATEGORY_ID,MASS_UNIT_ID,CO2_FACTOR) VALUES(20, 2, 1, 8700);
INSERT INTO CT.HT_CONSUMPTION_TYPE_MASS_UNIT (HT_CONSUMPTION_TYPE_ID, HT_CONSUMPTION_CATEGORY_ID,MASS_UNIT_ID,CO2_FACTOR) VALUES(21, 2, 1, 7000);
INSERT INTO CT.HT_CONSUMPTION_TYPE_MASS_UNIT (HT_CONSUMPTION_TYPE_ID, HT_CONSUMPTION_CATEGORY_ID,MASS_UNIT_ID,CO2_FACTOR) VALUES(22, 2, 1, 7500);
INSERT INTO CT.HT_CONSUMPTION_TYPE_MASS_UNIT (HT_CONSUMPTION_TYPE_ID, HT_CONSUMPTION_CATEGORY_ID,MASS_UNIT_ID,CO2_FACTOR) VALUES(23, 2, 1, 7400);
INSERT INTO CT.HT_CONSUMPTION_TYPE_MASS_UNIT (HT_CONSUMPTION_TYPE_ID, HT_CONSUMPTION_CATEGORY_ID,MASS_UNIT_ID,CO2_FACTOR) VALUES(24, 2, 1, 23900);
INSERT INTO CT.HT_CONSUMPTION_TYPE_MASS_UNIT (HT_CONSUMPTION_TYPE_ID, HT_CONSUMPTION_CATEGORY_ID,MASS_UNIT_ID,CO2_FACTOR) VALUES(25, 2, 1, 3260);
INSERT INTO CT.HT_CONSUMPTION_TYPE_MASS_UNIT (HT_CONSUMPTION_TYPE_ID, HT_CONSUMPTION_CATEGORY_ID,MASS_UNIT_ID,CO2_FACTOR) VALUES(26, 2, 1, 1770);
INSERT INTO CT.HT_CONSUMPTION_TYPE_MASS_UNIT (HT_CONSUMPTION_TYPE_ID, HT_CONSUMPTION_CATEGORY_ID,MASS_UNIT_ID,CO2_FACTOR) VALUES(27, 2, 1, 1526);
INSERT INTO CT.HT_CONSUMPTION_TYPE_MASS_UNIT (HT_CONSUMPTION_TYPE_ID, HT_CONSUMPTION_CATEGORY_ID,MASS_UNIT_ID,CO2_FACTOR) VALUES(28, 2, 1, 1555);
INSERT INTO CT.HT_CONSUMPTION_TYPE_MASS_UNIT (HT_CONSUMPTION_TYPE_ID, HT_CONSUMPTION_CATEGORY_ID,MASS_UNIT_ID,CO2_FACTOR) VALUES(29, 2, 1, 2795);
INSERT INTO CT.HT_CONSUMPTION_TYPE_MASS_UNIT (HT_CONSUMPTION_TYPE_ID, HT_CONSUMPTION_CATEGORY_ID,MASS_UNIT_ID,CO2_FACTOR) VALUES(30, 2, 1, 1725);
INSERT INTO CT.HT_CONSUMPTION_TYPE_MASS_UNIT (HT_CONSUMPTION_TYPE_ID, HT_CONSUMPTION_CATEGORY_ID,MASS_UNIT_ID,CO2_FACTOR) VALUES(31, 2, 1, 3300);
INSERT INTO CT.HT_CONSUMPTION_TYPE_MASS_UNIT (HT_CONSUMPTION_TYPE_ID, HT_CONSUMPTION_CATEGORY_ID,MASS_UNIT_ID,CO2_FACTOR) VALUES(32, 2, 1, 10350);

--Add metric tonnes (mass_unit_id=3) for water and waste with co2_factor=0
INSERT INTO CT.HT_CONSUMPTION_TYPE_MASS_UNIT (HT_CONSUMPTION_TYPE_ID, HT_CONSUMPTION_CATEGORY_ID,MASS_UNIT_ID,CO2_FACTOR, IS_DEFAULT) VALUES(1, 4, 3, 0, 0);
INSERT INTO CT.HT_CONSUMPTION_TYPE_MASS_UNIT (HT_CONSUMPTION_TYPE_ID, HT_CONSUMPTION_CATEGORY_ID,MASS_UNIT_ID,CO2_FACTOR, IS_DEFAULT) VALUES(2, 4, 3, 0, 0);
INSERT INTO CT.HT_CONSUMPTION_TYPE_MASS_UNIT (HT_CONSUMPTION_TYPE_ID, HT_CONSUMPTION_CATEGORY_ID,MASS_UNIT_ID,CO2_FACTOR, IS_DEFAULT) VALUES(1, 5, 3, 0, 1);
INSERT INTO CT.HT_CONSUMPTION_TYPE_MASS_UNIT (HT_CONSUMPTION_TYPE_ID, HT_CONSUMPTION_CATEGORY_ID,MASS_UNIT_ID,CO2_FACTOR, IS_DEFAULT) VALUES(2, 5, 3, 0, 1);                                                                                                                                          


--consumption types power units
INSERT INTO CT.HT_CONSUMPTION_TYPE_POWER_UNIT (HT_CONSUMPTION_TYPE_ID, HT_CONSUMPTION_CATEGORY_ID,POWER_UNIT_ID,CO2_FACTOR) VALUES(1, 1, 2, 0.26108);
INSERT INTO CT.HT_CONSUMPTION_TYPE_POWER_UNIT (HT_CONSUMPTION_TYPE_ID, HT_CONSUMPTION_CATEGORY_ID,POWER_UNIT_ID,CO2_FACTOR) VALUES(3, 1, 2, 0.34367);
INSERT INTO CT.HT_CONSUMPTION_TYPE_POWER_UNIT (HT_CONSUMPTION_TYPE_ID, HT_CONSUMPTION_CATEGORY_ID,POWER_UNIT_ID,CO2_FACTOR) VALUES(4, 1, 2, 0.3065);
INSERT INTO CT.HT_CONSUMPTION_TYPE_POWER_UNIT (HT_CONSUMPTION_TYPE_ID, HT_CONSUMPTION_CATEGORY_ID,POWER_UNIT_ID,CO2_FACTOR) VALUES(5, 1, 2, 0.26975);
INSERT INTO CT.HT_CONSUMPTION_TYPE_POWER_UNIT (HT_CONSUMPTION_TYPE_ID, HT_CONSUMPTION_CATEGORY_ID,POWER_UNIT_ID,CO2_FACTOR) VALUES(6, 1, 2, 0.28539);
INSERT INTO CT.HT_CONSUMPTION_TYPE_POWER_UNIT (HT_CONSUMPTION_TYPE_ID, HT_CONSUMPTION_CATEGORY_ID,POWER_UNIT_ID,CO2_FACTOR) VALUES(7, 1, 2, 0.29551);
INSERT INTO CT.HT_CONSUMPTION_TYPE_POWER_UNIT (HT_CONSUMPTION_TYPE_ID, HT_CONSUMPTION_CATEGORY_ID,POWER_UNIT_ID,CO2_FACTOR) VALUES(8, 1, 2, 0.2055);
INSERT INTO CT.HT_CONSUMPTION_TYPE_POWER_UNIT (HT_CONSUMPTION_TYPE_ID, HT_CONSUMPTION_CATEGORY_ID,POWER_UNIT_ID,CO2_FACTOR) VALUES(9, 1, 2, 0.23012);
INSERT INTO CT.HT_CONSUMPTION_TYPE_POWER_UNIT (HT_CONSUMPTION_TYPE_ID, HT_CONSUMPTION_CATEGORY_ID,POWER_UNIT_ID,CO2_FACTOR) VALUES(10, 1, 2, 0.2055);
INSERT INTO CT.HT_CONSUMPTION_TYPE_POWER_UNIT (HT_CONSUMPTION_TYPE_ID, HT_CONSUMPTION_CATEGORY_ID,POWER_UNIT_ID,CO2_FACTOR) VALUES(11, 1, 2, 0.25329);

INSERT INTO CT.HT_CONSUMPTION_TYPE_POWER_UNIT (HT_CONSUMPTION_TYPE_ID, HT_CONSUMPTION_CATEGORY_ID,POWER_UNIT_ID,CO2_FACTOR) VALUES (1, 3, 2, 1);


--Add ht_cons_source
INSERT INTO CT.HT_CONS_SOURCE (HT_CONS_SOURCE_ID, HT_CONSUMPTION_TYPE_ID, HT_CONSUMPTION_CATEGORY_ID, DESCRIPTION, IS_REMAINDER) VALUES (1, 1, 4, 'Mains Water', 0);
INSERT INTO CT.HT_CONS_SOURCE (HT_CONS_SOURCE_ID, HT_CONSUMPTION_TYPE_ID, HT_CONSUMPTION_CATEGORY_ID, DESCRIPTION, IS_REMAINDER) VALUES (2, 1, 4, 'Surface Water', 0);
INSERT INTO CT.HT_CONS_SOURCE (HT_CONS_SOURCE_ID, HT_CONSUMPTION_TYPE_ID, HT_CONSUMPTION_CATEGORY_ID, DESCRIPTION, IS_REMAINDER) VALUES (3, 1, 4, 'Groundwater', 0);
INSERT INTO CT.HT_CONS_SOURCE (HT_CONS_SOURCE_ID, HT_CONSUMPTION_TYPE_ID, HT_CONSUMPTION_CATEGORY_ID, DESCRIPTION, IS_REMAINDER) VALUES (4, 1, 4, 'Rainwater', 0);
INSERT INTO CT.HT_CONS_SOURCE (HT_CONS_SOURCE_ID, HT_CONSUMPTION_TYPE_ID, HT_CONSUMPTION_CATEGORY_ID, DESCRIPTION, IS_REMAINDER) VALUES (5, 1, 4, 'Other', 1);
																												   
INSERT INTO CT.HT_CONS_SOURCE (HT_CONS_SOURCE_ID, HT_CONSUMPTION_TYPE_ID, HT_CONSUMPTION_CATEGORY_ID, DESCRIPTION, IS_REMAINDER) VALUES (6, 2,  4, 'Domestic wastewater', 0);
INSERT INTO CT.HT_CONS_SOURCE (HT_CONS_SOURCE_ID, HT_CONSUMPTION_TYPE_ID, HT_CONSUMPTION_CATEGORY_ID, DESCRIPTION, IS_REMAINDER) VALUES (7, 2,  4, 'Trade effluent', 0);
INSERT INTO CT.HT_CONS_SOURCE (HT_CONS_SOURCE_ID, HT_CONSUMPTION_TYPE_ID, HT_CONSUMPTION_CATEGORY_ID, DESCRIPTION, IS_REMAINDER) VALUES (8, 2,  4, 'Surface drainage', 0);
INSERT INTO CT.HT_CONS_SOURCE (HT_CONS_SOURCE_ID, HT_CONSUMPTION_TYPE_ID, HT_CONSUMPTION_CATEGORY_ID, DESCRIPTION, IS_REMAINDER) VALUES (9, 2,  4, 'Discharge to surface water', 0);
INSERT INTO CT.HT_CONS_SOURCE (HT_CONS_SOURCE_ID, HT_CONSUMPTION_TYPE_ID, HT_CONSUMPTION_CATEGORY_ID, DESCRIPTION, IS_REMAINDER) VALUES (10, 2,  4, 'Evaporation', 0);
INSERT INTO CT.HT_CONS_SOURCE (HT_CONS_SOURCE_ID, HT_CONSUMPTION_TYPE_ID, HT_CONSUMPTION_CATEGORY_ID, DESCRIPTION, IS_REMAINDER) VALUES (11, 2, 4, 'Water in product', 0);
INSERT INTO CT.HT_CONS_SOURCE (HT_CONS_SOURCE_ID, HT_CONSUMPTION_TYPE_ID, HT_CONSUMPTION_CATEGORY_ID, DESCRIPTION, IS_REMAINDER) VALUES (12, 2, 4, 'Water in waste', 0);
INSERT INTO CT.HT_CONS_SOURCE (HT_CONS_SOURCE_ID, HT_CONSUMPTION_TYPE_ID, HT_CONSUMPTION_CATEGORY_ID, DESCRIPTION, IS_REMAINDER) VALUES (13, 2, 4, 'Other water losses', 1);
																												   
																												   
INSERT INTO CT.HT_CONS_SOURCE (HT_CONS_SOURCE_ID, HT_CONSUMPTION_TYPE_ID, HT_CONSUMPTION_CATEGORY_ID, DESCRIPTION, IS_REMAINDER) VALUES (14, 1, 5, 'Recycling', 0);
INSERT INTO CT.HT_CONS_SOURCE (HT_CONS_SOURCE_ID, HT_CONSUMPTION_TYPE_ID, HT_CONSUMPTION_CATEGORY_ID, DESCRIPTION, IS_REMAINDER) VALUES (15, 1, 5, 'Incineration, including energy recovery', 0);
INSERT INTO CT.HT_CONS_SOURCE (HT_CONS_SOURCE_ID, HT_CONSUMPTION_TYPE_ID, HT_CONSUMPTION_CATEGORY_ID, DESCRIPTION, IS_REMAINDER) VALUES (16, 1, 5, 'Incineration, excluding energy recovery', 0);
INSERT INTO CT.HT_CONS_SOURCE (HT_CONS_SOURCE_ID, HT_CONSUMPTION_TYPE_ID, HT_CONSUMPTION_CATEGORY_ID, DESCRIPTION, IS_REMAINDER) VALUES (17, 1, 5, 'Landfill', 0);
INSERT INTO CT.HT_CONS_SOURCE (HT_CONS_SOURCE_ID, HT_CONSUMPTION_TYPE_ID, HT_CONSUMPTION_CATEGORY_ID, DESCRIPTION, IS_REMAINDER) VALUES (18, 1, 5, 'Other', 1);
																												   
INSERT INTO CT.HT_CONS_SOURCE (HT_CONS_SOURCE_ID, HT_CONSUMPTION_TYPE_ID, HT_CONSUMPTION_CATEGORY_ID, DESCRIPTION, IS_REMAINDER) VALUES (19, 2, 5, 'Recycling', 0);
INSERT INTO CT.HT_CONS_SOURCE (HT_CONS_SOURCE_ID, HT_CONSUMPTION_TYPE_ID, HT_CONSUMPTION_CATEGORY_ID, DESCRIPTION, IS_REMAINDER) VALUES (20, 2, 5, 'Incineration, including energy recovery', 0);
INSERT INTO CT.HT_CONS_SOURCE (HT_CONS_SOURCE_ID, HT_CONSUMPTION_TYPE_ID, HT_CONSUMPTION_CATEGORY_ID, DESCRIPTION, IS_REMAINDER) VALUES (21, 2, 5, 'Incineration, excluding energy recovery', 0);
INSERT INTO CT.HT_CONS_SOURCE (HT_CONS_SOURCE_ID, HT_CONSUMPTION_TYPE_ID, HT_CONSUMPTION_CATEGORY_ID, DESCRIPTION, IS_REMAINDER) VALUES (22, 2, 5, 'Landfill', 0);
INSERT INTO CT.HT_CONS_SOURCE (HT_CONS_SOURCE_ID, HT_CONSUMPTION_TYPE_ID, HT_CONSUMPTION_CATEGORY_ID, DESCRIPTION, IS_REMAINDER) VALUES (23, 2, 5, 'Other', 1);

SET DEFINE &;

commit;